2026-10-01 17:02:16.273  INFO [notification-service] [traceId=NO_TRACE] [tenantId=default] [           main] c.l.n.NotificationServiceApplication     : Starting NotificationServiceApplication using Java 17.0.17 with PID 68896 (E:\Github\Back-end\Microservice\SpringBoot\notification-service\target\classes started by Liochio in E:\Github\Back-end\Microservice)
2026-10-01 17:02:16.300 DEBUG [notification-service] [traceId=NO_TRACE] [tenantId=default] [           main] c.l.n.NotificationServiceApplication     : Running with Spring Boot v3.4.3, Spring v6.2.3
2026-10-01 17:02:16.302  INFO [notification-service] [traceId=NO_TRACE] [tenantId=default] [           main] c.l.n.NotificationServiceApplication     : No active profile set, falling back to 1 default profile: "default"
2026-10-01 17:02:16.402  INFO [notification-service] [traceId=NO_TRACE] [tenantId=default] [           main] o.s.c.c.c.ConfigServerConfigDataLoader   : Fetching config from server at : http://localhost:8888/
2026-10-01 17:02:16.402  INFO [notification-service] [traceId=NO_TRACE] [tenantId=default] [           main] o.s.c.c.c.ConfigServerConfigDataLoader   : Exception on Url - http://localhost:8888/:org.springframework.web.client.ResourceAccessException: I/O error on GET request for "http://localhost:8888/notification-service/default": Connection refused: no further information. Will be trying the next url if available
2026-10-01 17:02:16.402  WARN [notification-service] [traceId=NO_TRACE] [tenantId=default] [           main] o.s.c.c.c.ConfigServerConfigDataLoader   : Could not locate PropertySource ([ConfigServerConfigDataResource@48bfb884 uris = array<String>['http://localhost:8888/'], optional = true, profiles = 'default']): I/O error on GET request for "http://localhost:8888/notification-service/default": Connection refused: no further information
2026-10-01 17:02:16.402  INFO [notification-service] [traceId=NO_TRACE] [tenantId=default] [           main] o.s.c.c.c.ConfigServerConfigDataLoader   : Fetching config from server at : http://localhost:8888/
2026-10-01 17:02:16.402  INFO [notification-service] [traceId=NO_TRACE] [tenantId=default] [           main] o.s.c.c.c.ConfigServerConfigDataLoader   : Exception on Url - http://localhost:8888/:org.springframework.web.client.ResourceAccessException: I/O error on GET request for "http://localhost:8888/notification-service/default": Connection refused: no further information. Will be trying the next url if available
2026-10-01 17:02:16.404  WARN [notification-service] [traceId=NO_TRACE] [tenantId=default] [           main] o.s.c.c.c.ConfigServerConfigDataLoader   : Could not locate PropertySource ([ConfigServerConfigDataResource@a567e72 uris = array<String>['http://localhost:8888/'], optional = true, profiles = 'default']): I/O error on GET request for "http://localhost:8888/notification-service/default": Connection refused: no further information
2026-10-01 17:02:16.404  INFO [notification-service] [traceId=NO_TRACE] [tenantId=default] [           main] o.s.c.c.c.ConfigServerConfigDataLoader   : Fetching config from server at : http://localhost:8888/
2026-10-01 17:02:16.404  INFO [notification-service] [traceId=NO_TRACE] [tenantId=default] [           main] o.s.c.c.c.ConfigServerConfigDataLoader   : Exception on Url - http://localhost:8888/:org.springframework.web.client.ResourceAccessException: I/O error on GET request for "http://localhost:8888/notification-service/default": Connection refused: no further information. Will be trying the next url if available
2026-10-01 17:02:16.404  WARN [notification-service] [traceId=NO_TRACE] [tenantId=default] [           main] o.s.c.c.c.ConfigServerConfigDataLoader   : Could not locate PropertySource ([ConfigServerConfigDataResource@1a5b8489 uris = array<String>['http://localhost:8888/'], optional = true, profiles = 'default']): I/O error on GET request for "http://localhost:8888/notification-service/default": Connection refused: no further information
2026-10-01 17:02:19.960  INFO [notification-service] [traceId=NO_TRACE] [tenantId=default] [           main] .s.d.r.c.RepositoryConfigurationDelegate : Multiple Spring Data modules found, entering strict repository configuration mode
2026-10-01 17:02:19.960  INFO [notification-service] [traceId=NO_TRACE] [tenantId=default] [           main] .s.d.r.c.RepositoryConfigurationDelegate : Bootstrapping Spring Data JPA repositories in DEFAULT mode.
2026-10-01 17:02:20.610  INFO [notification-service] [traceId=NO_TRACE] [tenantId=default] [           main] .s.d.r.c.RepositoryConfigurationDelegate : Finished Spring Data repository scanning in 610 ms. Found 9 JPA repository interfaces.
2026-10-01 17:02:21.975  INFO [notification-service] [traceId=NO_TRACE] [tenantId=default] [           main] .s.d.r.c.RepositoryConfigurationDelegate : Multiple Spring Data modules found, entering strict repository configuration mode
2026-10-01 17:02:21.980  INFO [notification-service] [traceId=NO_TRACE] [tenantId=default] [           main] .s.d.r.c.RepositoryConfigurationDelegate : Bootstrapping Spring Data Redis repositories in DEFAULT mode.
2026-10-01 17:02:22.255  INFO [notification-service] [traceId=NO_TRACE] [tenantId=default] [           main] .RepositoryConfigurationExtensionSupport : Spring Data Redis - Could not safely identify store assignment for repository candidate interface com.liochio.notification.repository.NotificationLogRepository; If you want this repository to be a Redis repository, consider annotating your entities with one of these annotations: org.springframework.data.redis.core.RedisHash (preferred), or consider extending one of the following types with your repository: org.springframework.data.keyvalue.repository.KeyValueRepository
2026-10-01 17:02:22.258  INFO [notification-service] [traceId=NO_TRACE] [tenantId=default] [           main] .RepositoryConfigurationExtensionSupport : Spring Data Redis - Could not safely identify store assignment for repository candidate interface com.liochio.notification.repository.NotificationTemplateRepository; If you want this repository to be a Redis repository, consider annotating your entities with one of these annotations: org.springframework.data.redis.core.RedisHash (preferred), or consider extending one of the following types with your repository: org.springframework.data.keyvalue.repository.KeyValueRepository
2026-10-01 17:02:22.259  INFO [notification-service] [traceId=NO_TRACE] [tenantId=default] [           main] .RepositoryConfigurationExtensionSupport : Spring Data Redis - Could not safely identify store assignment for repository candidate interface com.liochio.notification.repository.TenantNotificationConfigRepository; If you want this repository to be a Redis repository, consider annotating your entities with one of these annotations: org.springframework.data.redis.core.RedisHash (preferred), or consider extending one of the following types with your repository: org.springframework.data.keyvalue.repository.KeyValueRepository
2026-10-01 17:02:22.261  INFO [notification-service] [traceId=NO_TRACE] [tenantId=default] [           main] .s.d.r.c.RepositoryConfigurationDelegate : Finished Spring Data repository scanning in 129 ms. Found 0 Redis repository interfaces.
2026-10-01 17:02:24.072  INFO [notification-service] [traceId=NO_TRACE] [tenantId=default] [           main] o.s.cloud.context.scope.GenericScope     : BeanFactory id=7360ba0c-5713-3fc4-a92f-c2cd48309838
2026-10-01 17:02:26.236  INFO [notification-service] [traceId=NO_TRACE] [tenantId=default] [           main] o.s.b.w.embedded.tomcat.TomcatWebServer  : Tomcat initialized with port 8084 (http)
2026-10-01 17:02:26.256  INFO [notification-service] [traceId=NO_TRACE] [tenantId=default] [           main] o.apache.catalina.core.StandardService   : Starting service [Tomcat]
2026-10-01 17:02:26.258  INFO [notification-service] [traceId=NO_TRACE] [tenantId=default] [           main] o.apache.catalina.core.StandardEngine    : Starting Servlet engine: [Apache Tomcat/10.1.36]
2026-10-01 17:02:26.373  INFO [notification-service] [traceId=NO_TRACE] [tenantId=default] [           main] o.a.c.c.C.[Tomcat].[localhost].[/]       : Initializing Spring embedded WebApplicationContext
2026-10-01 17:02:26.373  INFO [notification-service] [traceId=NO_TRACE] [tenantId=default] [           main] w.s.c.ServletWebServerApplicationContext : Root WebApplicationContext: initialization completed in 9965 ms
2026-10-01 17:02:27.043  INFO [notification-service] [traceId=NO_TRACE] [tenantId=default] [           main] o.hibernate.jpa.internal.util.LogHelper  : HHH000204: Processing PersistenceUnitInfo [name: default]
2026-10-01 17:02:27.208  INFO [notification-service] [traceId=NO_TRACE] [tenantId=default] [           main] org.hibernate.Version                    : HHH000412: Hibernate ORM core version 6.6.8.Final
2026-10-01 17:02:27.323  INFO [notification-service] [traceId=NO_TRACE] [tenantId=default] [           main] o.h.c.internal.RegionFactoryInitiator    : HHH000026: Second-level cache disabled
2026-10-01 17:02:28.052  INFO [notification-service] [traceId=NO_TRACE] [tenantId=default] [           main] o.s.o.j.p.SpringPersistenceUnitInfo      : No LoadTimeWeaver setup: ignoring JPA class transformer
2026-10-01 17:02:28.130  INFO [notification-service] [traceId=NO_TRACE] [tenantId=default] [           main] com.zaxxer.hikari.HikariDataSource       : HikariPool-1 - Starting...
2026-10-01 17:02:28.631  INFO [notification-service] [traceId=NO_TRACE] [tenantId=default] [           main] com.zaxxer.hikari.pool.HikariPool        : HikariPool-1 - Added connection com.mysql.cj.jdbc.ConnectionImpl@6a7b4ff5
2026-10-01 17:02:28.634  INFO [notification-service] [traceId=NO_TRACE] [tenantId=default] [           main] com.zaxxer.hikari.HikariDataSource       : HikariPool-1 - Start completed.
2026-10-01 17:02:28.725  WARN [notification-service] [traceId=NO_TRACE] [tenantId=default] [           main] org.hibernate.orm.deprecation            : HHH90000025: MySQLDialect does not need to be specified explicitly using 'hibernate.dialect' (remove the property setting and it will be selected by default)
2026-10-01 17:02:28.794  INFO [notification-service] [traceId=NO_TRACE] [tenantId=default] [           main] org.hibernate.orm.connections.pooling    : HHH10001005: Database info:
	Database JDBC URL [Connecting through datasource 'HikariDataSource (HikariPool-1)']
	Database driver: undefined/unknown
	Database version: 8.0.33
	Autocommit mode: undefined/unknown
	Isolation level: undefined/unknown
	Minimum pool size: undefined/unknown
	Maximum pool size: undefined/unknown
2026-10-01 17:02:31.332  INFO [notification-service] [traceId=NO_TRACE] [tenantId=default] [           main] o.h.e.t.j.p.i.JtaPlatformInitiator       : HHH000489: No JTA platform available (set 'hibernate.transaction.jta.platform' to enable JTA platform integration)
2026-10-01 17:02:31.511  INFO [notification-service] [traceId=NO_TRACE] [tenantId=default] [           main] j.LocalContainerEntityManagerFactoryBean : Initialized JPA EntityManagerFactory for persistence unit 'default'
2026-10-01 17:02:32.263  INFO [notification-service] [traceId=NO_TRACE] [tenantId=default] [           main] com.liochio.common.security.JwtUtils     : [JwtUtils] Loaded RSA Private Key successfully from classpath:certs/rsa-private.pem
2026-10-01 17:02:32.264  INFO [notification-service] [traceId=NO_TRACE] [tenantId=default] [           main] com.liochio.common.security.JwtUtils     : [JwtUtils] Loaded RSA Public Key successfully from classpath:certs/rsa-public.pem
2026-10-01 17:02:33.492 DEBUG [notification-service] [traceId=NO_TRACE] [tenantId=default] [           main] c.l.c.security.JwtAuthenticationFilter   : Filter 'jwtAuthenticationFilter' configured for use
2026-10-01 17:02:33.494 DEBUG [notification-service] [traceId=NO_TRACE] [tenantId=default] [           main] c.liochio.common.filter.MdcTraceFilter   : Filter 'mdcTraceFilter' configured for use
2026-10-01 17:02:33.494 DEBUG [notification-service] [traceId=NO_TRACE] [tenantId=default] [           main] com.liochio.common.filter.TenantFilter   : Filter 'tenantFilter' configured for use
2026-10-01 17:02:33.496 DEBUG [notification-service] [traceId=NO_TRACE] [tenantId=default] [           main] c.l.c.security.RestCacheControlFilter    : Filter 'restCacheControlFilter' configured for use
2026-10-01 17:02:33.497 DEBUG [notification-service] [traceId=NO_TRACE] [tenantId=default] [           main] c.l.common.filter.AuditLoggingFilter     : Filter 'auditLoggingFilter' configured for use
2026-10-01 17:02:33.993  INFO [notification-service] [traceId=NO_TRACE] [tenantId=default] [           main] o.s.d.j.r.query.QueryEnhancerFactory     : Hibernate is in classpath; If applicable, HQL parser will be used.
2026-10-01 17:02:36.153  WARN [notification-service] [traceId=NO_TRACE] [tenantId=default] [           main] .s.s.UserDetailsServiceAutoConfiguration : 

Using generated security password: 87a0a2f5-1780-4710-9a08-adc51eba64f7

This generated password is for development use only. Your security configuration must be updated before running your application in production.

2026-10-01 17:02:36.195  INFO [notification-service] [traceId=NO_TRACE] [tenantId=default] [           main] r$InitializeUserDetailsManagerConfigurer : Global AuthenticationManager configured with UserDetailsService bean with name inMemoryUserDetailsManager
2026-10-01 17:02:42.754  INFO [notification-service] [traceId=NO_TRACE] [tenantId=default] [           main] DiscoveryClientOptionalArgsConfiguration : Eureka HTTP Client uses RestTemplate.
2026-10-01 17:02:43.266  INFO [notification-service] [traceId=NO_TRACE] [tenantId=default] [           main] o.s.m.s.b.SimpleBrokerMessageHandler     : Starting...
2026-10-01 17:02:43.268  INFO [notification-service] [traceId=NO_TRACE] [tenantId=default] [           main] o.s.m.s.b.SimpleBrokerMessageHandler     : BrokerAvailabilityEvent[available=true, SimpleBrokerMessageHandler [org.springframework.messaging.simp.broker.DefaultSubscriptionRegistry@678657a7]]
2026-10-01 17:02:43.269  INFO [notification-service] [traceId=NO_TRACE] [tenantId=default] [           main] o.s.m.s.b.SimpleBrokerMessageHandler     : Started.
2026-10-01 17:02:43.305  INFO [notification-service] [traceId=NO_TRACE] [tenantId=default] [           main] o.s.c.n.eureka.InstanceInfoFactory       : Setting initial instance status as: STARTING
2026-10-01 17:02:43.911  WARN [notification-service] [traceId=NO_TRACE] [tenantId=default] [           main] c.n.d.s.t.d.RetryableEurekaHttpClient    : Request execution failed with message: I/O error on GET request for "http://localhost:8761/eureka/apps/": Connect to http://localhost:8761 [localhost/127.0.0.1, localhost/0:0:0:0:0:0:0:1] failed: Connection refused: no further information
2026-10-01 17:02:43.911  WARN [notification-service] [traceId=NO_TRACE] [tenantId=default] [           main] com.netflix.discovery.DiscoveryClient    : Using default backup registry implementation which does not do anything.
2026-10-01 17:02:43.956  INFO [notification-service] [traceId=NO_TRACE] [tenantId=default] [           main] o.s.c.n.e.s.EurekaServiceRegistry        : Registering application NOTIFICATION-SERVICE with eureka with status UP
2026-10-01 17:02:43.996  INFO [notification-service] [traceId=NO_TRACE] [tenantId=default] [           main] o.s.b.w.embedded.tomcat.TomcatWebServer  : Tomcat started on port 8084 (http) with context path '/'
2026-10-01 17:02:43.996  INFO [notification-service] [traceId=NO_TRACE] [tenantId=default] [           main] .s.c.n.e.s.EurekaAutoServiceRegistration : Updating port to 8084
2026-10-01 17:02:44.034  WARN [notification-service] [traceId=NO_TRACE] [tenantId=default] [foReplicator-%d] c.n.d.s.t.d.RetryableEurekaHttpClient    : Request execution failed with message: I/O error on POST request for "http://localhost:8761/eureka/apps/NOTIFICATION-SERVICE": Connect to http://localhost:8761 [localhost/127.0.0.1, localhost/0:0:0:0:0:0:0:1] failed: Connection refused: no further information
2026-10-01 17:02:44.035  WARN [notification-service] [traceId=NO_TRACE] [tenantId=default] [foReplicator-%d] com.netflix.discovery.DiscoveryClient    : DiscoveryClient_NOTIFICATION-SERVICE/192.168.1.2:notification-service:8084 - registration failed Cannot execute request on any known server

com.netflix.discovery.shared.transport.TransportException: Cannot execute request on any known server
	at com.netflix.discovery.shared.transport.decorator.RetryableEurekaHttpClient.execute(RetryableEurekaHttpClient.java:112)
	at com.netflix.discovery.shared.transport.decorator.EurekaHttpClientDecorator.register(EurekaHttpClientDecorator.java:56)
	at com.netflix.discovery.shared.transport.decorator.EurekaHttpClientDecorator$1.execute(EurekaHttpClientDecorator.java:59)
	at com.netflix.discovery.shared.transport.decorator.SessionedEurekaHttpClient.execute(SessionedEurekaHttpClient.java:76)
	at com.netflix.discovery.shared.transport.decorator.EurekaHttpClientDecorator.register(EurekaHttpClientDecorator.java:56)
	at com.netflix.discovery.DiscoveryClient.register(DiscoveryClient.java:828)
	at com.netflix.discovery.InstanceInfoReplicator.run(InstanceInfoReplicator.java:125)
	at com.netflix.discovery.InstanceInfoReplicator$2.run(InstanceInfoReplicator.java:105)
	at java.base/java.util.concurrent.Executors$RunnableAdapter.call(Executors.java:539)
	at java.base/java.util.concurrent.FutureTask.run(FutureTask.java:264)
	at java.base/java.util.concurrent.ScheduledThreadPoolExecutor$ScheduledFutureTask.run(ScheduledThreadPoolExecutor.java:304)
	at java.base/java.util.concurrent.ThreadPoolExecutor.runWorker(ThreadPoolExecutor.java:1136)
	at java.base/java.util.concurrent.ThreadPoolExecutor$Worker.run(ThreadPoolExecutor.java:635)
	at java.base/java.lang.Thread.run(Thread.java:842)

2026-10-01 17:02:44.038  WARN [notification-service] [traceId=NO_TRACE] [tenantId=default] [foReplicator-%d] c.n.discovery.InstanceInfoReplicator     : There was a problem with the instance info replicator

com.netflix.discovery.shared.transport.TransportException: Cannot execute request on any known server
	at com.netflix.discovery.shared.transport.decorator.RetryableEurekaHttpClient.execute(RetryableEurekaHttpClient.java:112)
	at com.netflix.discovery.shared.transport.decorator.EurekaHttpClientDecorator.register(EurekaHttpClientDecorator.java:56)
	at com.netflix.discovery.shared.transport.decorator.EurekaHttpClientDecorator$1.execute(EurekaHttpClientDecorator.java:59)
	at com.netflix.discovery.shared.transport.decorator.SessionedEurekaHttpClient.execute(SessionedEurekaHttpClient.java:76)
	at com.netflix.discovery.shared.transport.decorator.EurekaHttpClientDecorator.register(EurekaHttpClientDecorator.java:56)
	at com.netflix.discovery.DiscoveryClient.register(DiscoveryClient.java:828)
	at com.netflix.discovery.InstanceInfoReplicator.run(InstanceInfoReplicator.java:125)
	at com.netflix.discovery.InstanceInfoReplicator$2.run(InstanceInfoReplicator.java:105)
	at java.base/java.util.concurrent.Executors$RunnableAdapter.call(Executors.java:539)
	at java.base/java.util.concurrent.FutureTask.run(FutureTask.java:264)
	at java.base/java.util.concurrent.ScheduledThreadPoolExecutor$ScheduledFutureTask.run(ScheduledThreadPoolExecutor.java:304)
	at java.base/java.util.concurrent.ThreadPoolExecutor.runWorker(ThreadPoolExecutor.java:1136)
	at java.base/java.util.concurrent.ThreadPoolExecutor$Worker.run(ThreadPoolExecutor.java:635)
	at java.base/java.lang.Thread.run(Thread.java:842)

2026-10-01 17:02:44.221  INFO [notification-service] [traceId=NO_TRACE] [tenantId=default] [           main] c.l.n.NotificationServiceApplication     : Started NotificationServiceApplication in 32.939 seconds (process running for 34.356)
2026-10-01 17:03:43.210  INFO [notification-service] [traceId=NO_TRACE] [tenantId=default] [MessageBroker-1] o.s.w.s.c.WebSocketMessageBrokerStats    : WebSocketSession[0 current WS(0)-HttpStream(0)-HttpPoll(0), 0 total, 0 closed abnormally (0 connect failure, 0 send limit, 0 transport error)], stompSubProtocol[processed CONNECT(0)-CONNECTED(0)-DISCONNECT(0)], stompBrokerRelay[null], inboundChannel[pool size = 0, active threads = 0, queued tasks = 0, completed tasks = 0], outboundChannel[pool size = 0, active threads = 0, queued tasks = 0, completed tasks = 0], sockJsScheduler[pool size = 1, active threads = 1, queued tasks = 0, completed tasks = 0]
2026-10-01 17:18:11.177  INFO [notification-service] [traceId=NO_TRACE] [tenantId=default] [ionShutdownHook] o.s.c.n.e.s.EurekaServiceRegistry        : Unregistering application NOTIFICATION-SERVICE with eureka with status DOWN
2026-10-01 17:18:11.773  WARN [notification-service] [traceId=NO_TRACE] [tenantId=default] [foReplicator-%d] c.n.d.s.t.d.RetryableEurekaHttpClient    : Request execution failed with message: I/O error on POST request for "http://localhost:8761/eureka/apps/NOTIFICATION-SERVICE": localhost:8761 failed to respond
2026-10-01 17:18:11.898  INFO [notification-service] [traceId=NO_TRACE] [tenantId=default] [ionShutdownHook] o.s.b.w.e.tomcat.GracefulShutdown        : Commencing graceful shutdown. Waiting for active requests to complete
2026-10-01 17:18:14.199  INFO [notification-service] [traceId=NO_TRACE] [tenantId=default] [tomcat-shutdown] o.s.b.w.e.tomcat.GracefulShutdown        : Graceful shutdown complete
2026-10-01 17:18:14.231  WARN [notification-service] [traceId=NO_TRACE] [tenantId=default] [foReplicator-%d] c.n.d.s.t.d.RetryableEurekaHttpClient    : Request execution failed with message: I/O error on POST request for "http://localhost:8761/eureka/apps/NOTIFICATION-SERVICE": Connection reset
2026-10-01 17:18:14.232  WARN [notification-service] [traceId=NO_TRACE] [tenantId=default] [foReplicator-%d] com.netflix.discovery.DiscoveryClient    : DiscoveryClient_NOTIFICATION-SERVICE/192.168.1.2:notification-service:8084 - registration failed Cannot execute request on any known server

com.netflix.discovery.shared.transport.TransportException: Cannot execute request on any known server
	at com.netflix.discovery.shared.transport.decorator.RetryableEurekaHttpClient.execute(RetryableEurekaHttpClient.java:112)
	at com.netflix.discovery.shared.transport.decorator.EurekaHttpClientDecorator.register(EurekaHttpClientDecorator.java:56)
	at com.netflix.discovery.shared.transport.decorator.EurekaHttpClientDecorator$1.execute(EurekaHttpClientDecorator.java:59)
	at com.netflix.discovery.shared.transport.decorator.SessionedEurekaHttpClient.execute(SessionedEurekaHttpClient.java:76)
	at com.netflix.discovery.shared.transport.decorator.EurekaHttpClientDecorator.register(EurekaHttpClientDecorator.java:56)
	at com.netflix.discovery.DiscoveryClient.register(DiscoveryClient.java:828)
	at com.netflix.discovery.InstanceInfoReplicator.run(InstanceInfoReplicator.java:125)
	at com.netflix.discovery.InstanceInfoReplicator$2.run(InstanceInfoReplicator.java:105)
	at java.base/java.util.concurrent.Executors$RunnableAdapter.call(Executors.java:539)
	at java.base/java.util.concurrent.FutureTask.run(FutureTask.java:264)
	at java.base/java.util.concurrent.ScheduledThreadPoolExecutor$ScheduledFutureTask.run(ScheduledThreadPoolExecutor.java:304)
	at java.base/java.util.concurrent.ThreadPoolExecutor.runWorker(ThreadPoolExecutor.java:1136)
	at java.base/java.util.concurrent.ThreadPoolExecutor$Worker.run(ThreadPoolExecutor.java:635)
	at java.base/java.lang.Thread.run(Thread.java:842)

2026-10-01 17:18:14.237  WARN [notification-service] [traceId=NO_TRACE] [tenantId=default] [foReplicator-%d] c.n.discovery.InstanceInfoReplicator     : There was a problem with the instance info replicator

com.netflix.discovery.shared.transport.TransportException: Cannot execute request on any known server
	at com.netflix.discovery.shared.transport.decorator.RetryableEurekaHttpClient.execute(RetryableEurekaHttpClient.java:112)
	at com.netflix.discovery.shared.transport.decorator.EurekaHttpClientDecorator.register(EurekaHttpClientDecorator.java:56)
	at com.netflix.discovery.shared.transport.decorator.EurekaHttpClientDecorator$1.execute(EurekaHttpClientDecorator.java:59)
	at com.netflix.discovery.shared.transport.decorator.SessionedEurekaHttpClient.execute(SessionedEurekaHttpClient.java:76)
	at com.netflix.discovery.shared.transport.decorator.EurekaHttpClientDecorator.register(EurekaHttpClientDecorator.java:56)
	at com.netflix.discovery.DiscoveryClient.register(DiscoveryClient.java:828)
	at com.netflix.discovery.InstanceInfoReplicator.run(InstanceInfoReplicator.java:125)
	at com.netflix.discovery.InstanceInfoReplicator$2.run(InstanceInfoReplicator.java:105)
	at java.base/java.util.concurrent.Executors$RunnableAdapter.call(Executors.java:539)
	at java.base/java.util.concurrent.FutureTask.run(FutureTask.java:264)
	at java.base/java.util.concurrent.ScheduledThreadPoolExecutor$ScheduledFutureTask.run(ScheduledThreadPoolExecutor.java:304)
	at java.base/java.util.concurrent.ThreadPoolExecutor.runWorker(ThreadPoolExecutor.java:1136)
	at java.base/java.util.concurrent.ThreadPoolExecutor$Worker.run(ThreadPoolExecutor.java:635)
	at java.base/java.lang.Thread.run(Thread.java:842)

2026-10-01 17:18:14.247  INFO [notification-service] [traceId=NO_TRACE] [tenantId=default] [ionShutdownHook] o.s.m.s.b.SimpleBrokerMessageHandler     : Stopping...
2026-10-01 17:18:14.252  INFO [notification-service] [traceId=NO_TRACE] [tenantId=default] [ionShutdownHook] o.s.m.s.b.SimpleBrokerMessageHandler     : BrokerAvailabilityEvent[available=false, SimpleBrokerMessageHandler [org.springframework.messaging.simp.broker.DefaultSubscriptionRegistry@678657a7]]
2026-10-01 17:18:14.253  INFO [notification-service] [traceId=NO_TRACE] [tenantId=default] [ionShutdownHook] o.s.m.s.b.SimpleBrokerMessageHandler     : Stopped.
2026-10-01 17:18:14.762  INFO [notification-service] [traceId=NO_TRACE] [tenantId=default] [ionShutdownHook] j.LocalContainerEntityManagerFactoryBean : Closing JPA EntityManagerFactory for persistence unit 'default'
2026-10-01 17:18:14.830  INFO [notification-service] [traceId=NO_TRACE] [tenantId=default] [ionShutdownHook] com.zaxxer.hikari.HikariDataSource       : HikariPool-1 - Shutdown initiated...
2026-10-01 17:18:14.915  INFO [notification-service] [traceId=NO_TRACE] [tenantId=default] [ionShutdownHook] com.zaxxer.hikari.HikariDataSource       : HikariPool-1 - Shutdown completed.
2026-10-01 17:18:17.489  WARN [notification-service] [traceId=NO_TRACE] [tenantId=default] [beatExecutor-%d] c.n.d.s.t.d.RetryableEurekaHttpClient    : Request execution failed with message: I/O error on PUT request for "http://localhost:8761/eureka/apps/NOTIFICATION-SERVICE/192.168.1.2:notification-service:8084": Connect to http://localhost:8761 [localhost/127.0.0.1, localhost/0:0:0:0:0:0:0:1] failed: Connection refused: no further information
2026-10-01 17:18:17.489 ERROR [notification-service] [traceId=NO_TRACE] [tenantId=default] [beatExecutor-%d] com.netflix.discovery.DiscoveryClient    : DiscoveryClient_NOTIFICATION-SERVICE/192.168.1.2:notification-service:8084 - was unable to send heartbeat!

com.netflix.discovery.shared.transport.TransportException: Cannot execute request on any known server
	at com.netflix.discovery.shared.transport.decorator.RetryableEurekaHttpClient.execute(RetryableEurekaHttpClient.java:112)
	at com.netflix.discovery.shared.transport.decorator.EurekaHttpClientDecorator.sendHeartBeat(EurekaHttpClientDecorator.java:89)
	at com.netflix.discovery.shared.transport.decorator.EurekaHttpClientDecorator$3.execute(EurekaHttpClientDecorator.java:92)
	at com.netflix.discovery.shared.transport.decorator.SessionedEurekaHttpClient.execute(SessionedEurekaHttpClient.java:76)
	at com.netflix.discovery.shared.transport.decorator.EurekaHttpClientDecorator.sendHeartBeat(EurekaHttpClientDecorator.java:89)
	at com.netflix.discovery.DiscoveryClient.renew(DiscoveryClient.java:845)
	at com.netflix.discovery.DiscoveryClient$HeartbeatThread.run(DiscoveryClient.java:1402)
	at java.base/java.util.concurrent.Executors$RunnableAdapter.call(Executors.java:539)
	at java.base/java.util.concurrent.FutureTask.run(FutureTask.java:264)
	at java.base/java.util.concurrent.ThreadPoolExecutor.runWorker(ThreadPoolExecutor.java:1136)
	at java.base/java.util.concurrent.ThreadPoolExecutor$Worker.run(ThreadPoolExecutor.java:635)
	at java.base/java.lang.Thread.run(Thread.java:842)

2026-10-01 17:18:17.751  WARN [notification-service] [traceId=NO_TRACE] [tenantId=default] [reshExecutor-%d] c.n.d.s.t.d.RetryableEurekaHttpClient    : Request execution failed with message: I/O error on GET request for "http://localhost:8761/eureka/apps/delta": Connect to http://localhost:8761 [localhost/127.0.0.1, localhost/0:0:0:0:0:0:0:1] failed: Connection refused: no further information
2026-10-01 17:18:17.956  WARN [notification-service] [traceId=NO_TRACE] [tenantId=default] [reshExecutor-%d] c.n.d.s.t.d.RetryableEurekaHttpClient    : Request execution failed with message: I/O error on GET request for "http://localhost:8761/eureka/apps/delta": Connect to http://localhost:8761 [localhost/127.0.0.1, localhost/0:0:0:0:0:0:0:1] failed: Connection refused: no further information
2026-10-01 17:18:17.999  WARN [notification-service] [traceId=NO_TRACE] [tenantId=default] [ionShutdownHook] c.n.d.s.t.d.RetryableEurekaHttpClient    : Request execution failed with message: I/O error on DELETE request for "http://localhost:8761/eureka/apps/NOTIFICATION-SERVICE/192.168.1.2:notification-service:8084": Connect to http://localhost:8761 [localhost/127.0.0.1, localhost/0:0:0:0:0:0:0:1] failed: Connection refused: no further information
2026-10-01 17:18:17.999 ERROR [notification-service] [traceId=NO_TRACE] [tenantId=default] [ionShutdownHook] com.netflix.discovery.DiscoveryClient    : DiscoveryClient_NOTIFICATION-SERVICE/192.168.1.2:notification-service:8084 - de-registration failedCannot execute request on any known server

com.netflix.discovery.shared.transport.TransportException: Cannot execute request on any known server
	at com.netflix.discovery.shared.transport.decorator.RetryableEurekaHttpClient.execute(RetryableEurekaHttpClient.java:112)
	at com.netflix.discovery.shared.transport.decorator.EurekaHttpClientDecorator.cancel(EurekaHttpClientDecorator.java:71)
	at com.netflix.discovery.shared.transport.decorator.EurekaHttpClientDecorator$2.execute(EurekaHttpClientDecorator.java:74)
	at com.netflix.discovery.shared.transport.decorator.SessionedEurekaHttpClient.execute(SessionedEurekaHttpClient.java:76)
	at com.netflix.discovery.shared.transport.decorator.EurekaHttpClientDecorator.cancel(EurekaHttpClientDecorator.java:71)
	at com.netflix.discovery.DiscoveryClient.unregister(DiscoveryClient.java:919)
	at com.netflix.discovery.DiscoveryClient.shutdown(DiscoveryClient.java:900)
	at java.base/jdk.internal.reflect.NativeMethodAccessorImpl.invoke0(Native Method)
	at java.base/jdk.internal.reflect.NativeMethodAccessorImpl.invoke(NativeMethodAccessorImpl.java:77)
	at java.base/jdk.internal.reflect.DelegatingMethodAccessorImpl.invoke(DelegatingMethodAccessorImpl.java:43)
	at java.base/java.lang.reflect.Method.invoke(Method.java:568)
	at org.springframework.beans.factory.annotation.InitDestroyAnnotationBeanPostProcessor$LifecycleMethod.invoke(InitDestroyAnnotationBeanPostProcessor.java:457)
	at org.springframework.beans.factory.annotation.InitDestroyAnnotationBeanPostProcessor$LifecycleMetadata.invokeDestroyMethods(InitDestroyAnnotationBeanPostProcessor.java:415)
	at org.springframework.beans.factory.annotation.InitDestroyAnnotationBeanPostProcessor.postProcessBeforeDestruction(InitDestroyAnnotationBeanPostProcessor.java:239)
	at org.springframework.beans.factory.support.DisposableBeanAdapter.destroy(DisposableBeanAdapter.java:202)
	at org.springframework.beans.factory.support.DisposableBeanAdapter.run(DisposableBeanAdapter.java:195)
	at org.springframework.cloud.context.scope.GenericScope$BeanLifecycleWrapper.destroy(GenericScope.java:389)
	at org.springframework.cloud.context.scope.GenericScope.destroy(GenericScope.java:136)
	at org.springframework.beans.factory.support.DisposableBeanAdapter.destroy(DisposableBeanAdapter.java:211)
	at org.springframework.beans.factory.support.DefaultSingletonBeanRegistry.destroyBean(DefaultSingletonBeanRegistry.java:735)
	at org.springframework.beans.factory.support.DefaultSingletonBeanRegistry.destroySingleton(DefaultSingletonBeanRegistry.java:692)
	at org.springframework.beans.factory.support.DefaultListableBeanFactory.destroySingleton(DefaultListableBeanFactory.java:1401)
	at org.springframework.beans.factory.support.DefaultSingletonBeanRegistry.destroySingletons(DefaultSingletonBeanRegistry.java:651)
	at org.springframework.beans.factory.support.DefaultListableBeanFactory.destroySingletons(DefaultListableBeanFactory.java:1394)
	at org.springframework.context.support.AbstractApplicationContext.destroyBeans(AbstractApplicationContext.java:1219)
	at org.springframework.context.support.AbstractApplicationContext.doClose(AbstractApplicationContext.java:1180)
	at org.springframework.boot.web.servlet.context.ServletWebServerApplicationContext.doClose(ServletWebServerApplicationContext.java:179)
	at org.springframework.context.support.AbstractApplicationContext.close(AbstractApplicationContext.java:1126)
	at org.springframework.boot.SpringApplicationShutdownHook.closeAndWait(SpringApplicationShutdownHook.java:147)
	at java.base/java.lang.Iterable.forEach(Iterable.java:75)
	at org.springframework.boot.SpringApplicationShutdownHook.run(SpringApplicationShutdownHook.java:116)
	at java.base/java.lang.Thread.run(Thread.java:842)

2026-10-01 18:39:52.805  INFO [notification-service] [traceId=NO_TRACE] [tenantId=default] [           main] c.l.n.NotificationServiceApplication     : Starting NotificationServiceApplication using Java 17.0.17 with PID 65512 (E:\Github\Back-end\Microservice\SpringBoot\notification-service\target\classes started by Liochio in E:\Github\Back-end\Microservice)
2026-10-01 18:39:52.809 DEBUG [notification-service] [traceId=NO_TRACE] [tenantId=default] [           main] c.l.n.NotificationServiceApplication     : Running with Spring Boot v3.4.3, Spring v6.2.3
2026-10-01 18:39:52.811  INFO [notification-service] [traceId=NO_TRACE] [tenantId=default] [           main] c.l.n.NotificationServiceApplication     : No active profile set, falling back to 1 default profile: "default"
2026-10-01 18:39:52.926  INFO [notification-service] [traceId=NO_TRACE] [tenantId=default] [           main] o.s.c.c.c.ConfigServerConfigDataLoader   : Fetching config from server at : http://localhost:8888/
2026-10-01 18:39:52.926  WARN [notification-service] [traceId=NO_TRACE] [tenantId=default] [           main] o.s.c.c.c.ConfigServerConfigDataLoader   : Could not locate PropertySource ([ConfigServerConfigDataResource@48f5bde6 uris = array<String>['http://localhost:8888/'], optional = true, profiles = 'default']): 401  on GET request for "http://localhost:8888/notification-service/default": [no body]
2026-10-01 18:39:52.927  INFO [notification-service] [traceId=NO_TRACE] [tenantId=default] [           main] o.s.c.c.c.ConfigServerConfigDataLoader   : Fetching config from server at : http://localhost:8888/
2026-10-01 18:39:52.927  WARN [notification-service] [traceId=NO_TRACE] [tenantId=default] [           main] o.s.c.c.c.ConfigServerConfigDataLoader   : Could not locate PropertySource ([ConfigServerConfigDataResource@6bc28a83 uris = array<String>['http://localhost:8888/'], optional = true, profiles = 'default']): 401  on GET request for "http://localhost:8888/notification-service/default": [no body]
2026-10-01 18:39:52.928  INFO [notification-service] [traceId=NO_TRACE] [tenantId=default] [           main] o.s.c.c.c.ConfigServerConfigDataLoader   : Fetching config from server at : http://localhost:8888/
2026-10-01 18:39:52.928  WARN [notification-service] [traceId=NO_TRACE] [tenantId=default] [           main] o.s.c.c.c.ConfigServerConfigDataLoader   : Could not locate PropertySource ([ConfigServerConfigDataResource@324c64cd uris = array<String>['http://localhost:8888/'], optional = true, profiles = 'default']): 401  on GET request for "http://localhost:8888/notification-service/default": [no body]
2026-10-01 18:39:54.913  INFO [notification-service] [traceId=NO_TRACE] [tenantId=default] [           main] .s.d.r.c.RepositoryConfigurationDelegate : Multiple Spring Data modules found, entering strict repository configuration mode
2026-10-01 18:39:54.914  INFO [notification-service] [traceId=NO_TRACE] [tenantId=default] [           main] .s.d.r.c.RepositoryConfigurationDelegate : Bootstrapping Spring Data JPA repositories in DEFAULT mode.
2026-10-01 18:39:55.478  INFO [notification-service] [traceId=NO_TRACE] [tenantId=default] [           main] .s.d.r.c.RepositoryConfigurationDelegate : Finished Spring Data repository scanning in 544 ms. Found 9 JPA repository interfaces.
2026-10-01 18:39:56.346  INFO [notification-service] [traceId=NO_TRACE] [tenantId=default] [           main] .s.d.r.c.RepositoryConfigurationDelegate : Multiple Spring Data modules found, entering strict repository configuration mode
2026-10-01 18:39:56.348  INFO [notification-service] [traceId=NO_TRACE] [tenantId=default] [           main] .s.d.r.c.RepositoryConfigurationDelegate : Bootstrapping Spring Data Redis repositories in DEFAULT mode.
2026-10-01 18:39:56.406  INFO [notification-service] [traceId=NO_TRACE] [tenantId=default] [           main] .RepositoryConfigurationExtensionSupport : Spring Data Redis - Could not safely identify store assignment for repository candidate interface com.liochio.notification.repository.NotificationLogRepository; If you want this repository to be a Redis repository, consider annotating your entities with one of these annotations: org.springframework.data.redis.core.RedisHash (preferred), or consider extending one of the following types with your repository: org.springframework.data.keyvalue.repository.KeyValueRepository
2026-10-01 18:39:56.407  INFO [notification-service] [traceId=NO_TRACE] [tenantId=default] [           main] .RepositoryConfigurationExtensionSupport : Spring Data Redis - Could not safely identify store assignment for repository candidate interface com.liochio.notification.repository.NotificationTemplateRepository; If you want this repository to be a Redis repository, consider annotating your entities with one of these annotations: org.springframework.data.redis.core.RedisHash (preferred), or consider extending one of the following types with your repository: org.springframework.data.keyvalue.repository.KeyValueRepository
2026-10-01 18:39:56.408  INFO [notification-service] [traceId=NO_TRACE] [tenantId=default] [           main] .RepositoryConfigurationExtensionSupport : Spring Data Redis - Could not safely identify store assignment for repository candidate interface com.liochio.notification.repository.TenantNotificationConfigRepository; If you want this repository to be a Redis repository, consider annotating your entities with one of these annotations: org.springframework.data.redis.core.RedisHash (preferred), or consider extending one of the following types with your repository: org.springframework.data.keyvalue.repository.KeyValueRepository
2026-10-01 18:39:56.408  INFO [notification-service] [traceId=NO_TRACE] [tenantId=default] [           main] .s.d.r.c.RepositoryConfigurationDelegate : Finished Spring Data repository scanning in 40 ms. Found 0 Redis repository interfaces.
2026-10-01 18:39:57.103  INFO [notification-service] [traceId=NO_TRACE] [tenantId=default] [           main] o.s.cloud.context.scope.GenericScope     : BeanFactory id=7360ba0c-5713-3fc4-a92f-c2cd48309838
2026-10-01 18:39:58.596  INFO [notification-service] [traceId=NO_TRACE] [tenantId=default] [           main] o.s.b.w.embedded.tomcat.TomcatWebServer  : Tomcat initialized with port 8084 (http)
2026-10-01 18:39:58.613  INFO [notification-service] [traceId=NO_TRACE] [tenantId=default] [           main] o.apache.catalina.core.StandardService   : Starting service [Tomcat]
2026-10-01 18:39:58.614  INFO [notification-service] [traceId=NO_TRACE] [tenantId=default] [           main] o.apache.catalina.core.StandardEngine    : Starting Servlet engine: [Apache Tomcat/10.1.36]
2026-10-01 18:39:58.718  INFO [notification-service] [traceId=NO_TRACE] [tenantId=default] [           main] o.a.c.c.C.[Tomcat].[localhost].[/]       : Initializing Spring embedded WebApplicationContext
2026-10-01 18:39:58.718  INFO [notification-service] [traceId=NO_TRACE] [tenantId=default] [           main] w.s.c.ServletWebServerApplicationContext : Root WebApplicationContext: initialization completed in 5786 ms
2026-10-01 18:39:59.198  INFO [notification-service] [traceId=NO_TRACE] [tenantId=default] [           main] o.hibernate.jpa.internal.util.LogHelper  : HHH000204: Processing PersistenceUnitInfo [name: default]
2026-10-01 18:39:59.304  INFO [notification-service] [traceId=NO_TRACE] [tenantId=default] [           main] org.hibernate.Version                    : HHH000412: Hibernate ORM core version 6.6.8.Final
2026-10-01 18:39:59.364  INFO [notification-service] [traceId=NO_TRACE] [tenantId=default] [           main] o.h.c.internal.RegionFactoryInitiator    : HHH000026: Second-level cache disabled
2026-10-01 18:39:59.981  INFO [notification-service] [traceId=NO_TRACE] [tenantId=default] [           main] o.s.o.j.p.SpringPersistenceUnitInfo      : No LoadTimeWeaver setup: ignoring JPA class transformer
2026-10-01 18:40:00.061  INFO [notification-service] [traceId=NO_TRACE] [tenantId=default] [           main] com.zaxxer.hikari.HikariDataSource       : HikariPool-1 - Starting...
2026-10-01 18:40:00.329  INFO [notification-service] [traceId=NO_TRACE] [tenantId=default] [           main] com.zaxxer.hikari.pool.HikariPool        : HikariPool-1 - Added connection com.mysql.cj.jdbc.ConnectionImpl@d8751de
2026-10-01 18:40:00.334  INFO [notification-service] [traceId=NO_TRACE] [tenantId=default] [           main] com.zaxxer.hikari.HikariDataSource       : HikariPool-1 - Start completed.
2026-10-01 18:40:00.428  WARN [notification-service] [traceId=NO_TRACE] [tenantId=default] [           main] org.hibernate.orm.deprecation            : HHH90000025: MySQLDialect does not need to be specified explicitly using 'hibernate.dialect' (remove the property setting and it will be selected by default)
2026-10-01 18:40:00.480  INFO [notification-service] [traceId=NO_TRACE] [tenantId=default] [           main] org.hibernate.orm.connections.pooling    : HHH10001005: Database info:
	Database JDBC URL [Connecting through datasource 'HikariDataSource (HikariPool-1)']
	Database driver: undefined/unknown
	Database version: 8.0.33
	Autocommit mode: undefined/unknown
	Isolation level: undefined/unknown
	Minimum pool size: undefined/unknown
	Maximum pool size: undefined/unknown
2026-10-01 18:40:02.768  INFO [notification-service] [traceId=NO_TRACE] [tenantId=default] [           main] o.h.e.t.j.p.i.JtaPlatformInitiator       : HHH000489: No JTA platform available (set 'hibernate.transaction.jta.platform' to enable JTA platform integration)
2026-10-01 18:40:03.048  INFO [notification-service] [traceId=NO_TRACE] [tenantId=default] [           main] j.LocalContainerEntityManagerFactoryBean : Initialized JPA EntityManagerFactory for persistence unit 'default'
2026-10-01 18:40:05.202  INFO [notification-service] [traceId=NO_TRACE] [tenantId=default] [           main] com.liochio.common.security.JwtUtils     : [JwtUtils] Loaded RSA Private Key successfully from classpath:certs/rsa-private.pem
2026-10-01 18:40:05.224  INFO [notification-service] [traceId=NO_TRACE] [tenantId=default] [           main] com.liochio.common.security.JwtUtils     : [JwtUtils] Loaded RSA Public Key successfully from classpath:certs/rsa-public.pem
2026-10-01 18:40:08.112 DEBUG [notification-service] [traceId=NO_TRACE] [tenantId=default] [           main] c.l.c.security.JwtAuthenticationFilter   : Filter 'jwtAuthenticationFilter' configured for use
2026-10-01 18:40:08.114 DEBUG [notification-service] [traceId=NO_TRACE] [tenantId=default] [           main] c.liochio.common.filter.MdcTraceFilter   : Filter 'mdcTraceFilter' configured for use
2026-10-01 18:40:08.114 DEBUG [notification-service] [traceId=NO_TRACE] [tenantId=default] [           main] com.liochio.common.filter.TenantFilter   : Filter 'tenantFilter' configured for use
2026-10-01 18:40:08.114 DEBUG [notification-service] [traceId=NO_TRACE] [tenantId=default] [           main] c.l.c.security.RestCacheControlFilter    : Filter 'restCacheControlFilter' configured for use
2026-10-01 18:40:08.114 DEBUG [notification-service] [traceId=NO_TRACE] [tenantId=default] [           main] c.l.common.filter.AuditLoggingFilter     : Filter 'auditLoggingFilter' configured for use
2026-10-01 18:40:08.889  INFO [notification-service] [traceId=NO_TRACE] [tenantId=default] [           main] o.s.d.j.r.query.QueryEnhancerFactory     : Hibernate is in classpath; If applicable, HQL parser will be used.
2026-10-01 18:40:14.563  WARN [notification-service] [traceId=NO_TRACE] [tenantId=default] [           main] .s.s.UserDetailsServiceAutoConfiguration : 

Using generated security password: d01c1177-8646-4257-9bc1-e0c92ac37a62

This generated password is for development use only. Your security configuration must be updated before running your application in production.

2026-10-01 18:40:14.595  INFO [notification-service] [traceId=NO_TRACE] [tenantId=default] [           main] r$InitializeUserDetailsManagerConfigurer : Global AuthenticationManager configured with UserDetailsService bean with name inMemoryUserDetailsManager
2026-10-01 18:40:18.998  INFO [notification-service] [traceId=NO_TRACE] [tenantId=default] [           main] DiscoveryClientOptionalArgsConfiguration : Eureka HTTP Client uses RestTemplate.
2026-10-01 18:40:19.352  INFO [notification-service] [traceId=NO_TRACE] [tenantId=default] [           main] o.s.m.s.b.SimpleBrokerMessageHandler     : Starting...
2026-10-01 18:40:19.354  INFO [notification-service] [traceId=NO_TRACE] [tenantId=default] [           main] o.s.m.s.b.SimpleBrokerMessageHandler     : BrokerAvailabilityEvent[available=true, SimpleBrokerMessageHandler [org.springframework.messaging.simp.broker.DefaultSubscriptionRegistry@55fbe0fc]]
2026-10-01 18:40:19.355  INFO [notification-service] [traceId=NO_TRACE] [tenantId=default] [           main] o.s.m.s.b.SimpleBrokerMessageHandler     : Started.
2026-10-01 18:40:19.380  INFO [notification-service] [traceId=NO_TRACE] [tenantId=default] [           main] o.s.c.n.eureka.InstanceInfoFactory       : Setting initial instance status as: STARTING
2026-10-01 18:40:19.976  INFO [notification-service] [traceId=NO_TRACE] [tenantId=default] [           main] o.s.c.n.e.s.EurekaServiceRegistry        : Registering application NOTIFICATION-SERVICE with eureka with status UP
2026-10-01 18:40:20.001  INFO [notification-service] [traceId=NO_TRACE] [tenantId=default] [           main] o.s.b.w.embedded.tomcat.TomcatWebServer  : Tomcat started on port 8084 (http) with context path '/'
2026-10-01 18:40:20.003  INFO [notification-service] [traceId=NO_TRACE] [tenantId=default] [           main] .s.c.n.e.s.EurekaAutoServiceRegistration : Updating port to 8084
2026-10-01 18:40:20.161  INFO [notification-service] [traceId=NO_TRACE] [tenantId=default] [           main] c.l.n.NotificationServiceApplication     : Started NotificationServiceApplication in 30.054 seconds (process running for 31.556)
2026-10-01 18:41:19.325  INFO [notification-service] [traceId=NO_TRACE] [tenantId=default] [MessageBroker-1] o.s.w.s.c.WebSocketMessageBrokerStats    : WebSocketSession[0 current WS(0)-HttpStream(0)-HttpPoll(0), 0 total, 0 closed abnormally (0 connect failure, 0 send limit, 0 transport error)], stompSubProtocol[processed CONNECT(0)-CONNECTED(0)-DISCONNECT(0)], stompBrokerRelay[null], inboundChannel[pool size = 0, active threads = 0, queued tasks = 0, completed tasks = 0], outboundChannel[pool size = 0, active threads = 0, queued tasks = 0, completed tasks = 0], sockJsScheduler[pool size = 1, active threads = 1, queued tasks = 0, completed tasks = 0]
2026-10-01 19:11:19.343  INFO [notification-service] [traceId=NO_TRACE] [tenantId=default] [MessageBroker-1] o.s.w.s.c.WebSocketMessageBrokerStats    : WebSocketSession[0 current WS(0)-HttpStream(0)-HttpPoll(0), 0 total, 0 closed abnormally (0 connect failure, 0 send limit, 0 transport error)], stompSubProtocol[processed CONNECT(0)-CONNECTED(0)-DISCONNECT(0)], stompBrokerRelay[null], inboundChannel[pool size = 0, active threads = 0, queued tasks = 0, completed tasks = 0], outboundChannel[pool size = 0, active threads = 0, queued tasks = 0, completed tasks = 0], sockJsScheduler[pool size = 2, active threads = 1, queued tasks = 0, completed tasks = 1]
2026-10-01 19:41:19.384  INFO [notification-service] [traceId=NO_TRACE] [tenantId=default] [MessageBroker-2] o.s.w.s.c.WebSocketMessageBrokerStats    : WebSocketSession[0 current WS(0)-HttpStream(0)-HttpPoll(0), 0 total, 0 closed abnormally (0 connect failure, 0 send limit, 0 transport error)], stompSubProtocol[processed CONNECT(0)-CONNECTED(0)-DISCONNECT(0)], stompBrokerRelay[null], inboundChannel[pool size = 0, active threads = 0, queued tasks = 0, completed tasks = 0], outboundChannel[pool size = 0, active threads = 0, queued tasks = 0, completed tasks = 0], sockJsScheduler[pool size = 3, active threads = 1, queued tasks = 0, completed tasks = 2]
2026-10-01 20:11:19.418  INFO [notification-service] [traceId=NO_TRACE] [tenantId=default] [MessageBroker-1] o.s.w.s.c.WebSocketMessageBrokerStats    : WebSocketSession[0 current WS(0)-HttpStream(0)-HttpPoll(0), 0 total, 0 closed abnormally (0 connect failure, 0 send limit, 0 transport error)], stompSubProtocol[processed CONNECT(0)-CONNECTED(0)-DISCONNECT(0)], stompBrokerRelay[null], inboundChannel[pool size = 0, active threads = 0, queued tasks = 0, completed tasks = 0], outboundChannel[pool size = 0, active threads = 0, queued tasks = 0, completed tasks = 0], sockJsScheduler[pool size = 4, active threads = 1, queued tasks = 0, completed tasks = 3]
2026-10-01 20:41:19.480  INFO [notification-service] [traceId=NO_TRACE] [tenantId=default] [MessageBroker-1] o.s.w.s.c.WebSocketMessageBrokerStats    : WebSocketSession[0 current WS(0)-HttpStream(0)-HttpPoll(0), 0 total, 0 closed abnormally (0 connect failure, 0 send limit, 0 transport error)], stompSubProtocol[processed CONNECT(0)-CONNECTED(0)-DISCONNECT(0)], stompBrokerRelay[null], inboundChannel[pool size = 0, active threads = 0, queued tasks = 0, completed tasks = 0], outboundChannel[pool size = 0, active threads = 0, queued tasks = 0, completed tasks = 0], sockJsScheduler[pool size = 5, active threads = 1, queued tasks = 0, completed tasks = 4]
2026-10-01 21:11:19.510  INFO [notification-service] [traceId=NO_TRACE] [tenantId=default] [MessageBroker-1] o.s.w.s.c.WebSocketMessageBrokerStats    : WebSocketSession[0 current WS(0)-HttpStream(0)-HttpPoll(0), 0 total, 0 closed abnormally (0 connect failure, 0 send limit, 0 transport error)], stompSubProtocol[processed CONNECT(0)-CONNECTED(0)-DISCONNECT(0)], stompBrokerRelay[null], inboundChannel[pool size = 0, active threads = 0, queued tasks = 0, completed tasks = 0], outboundChannel[pool size = 0, active threads = 0, queued tasks = 0, completed tasks = 0], sockJsScheduler[pool size = 6, active threads = 1, queued tasks = 0, completed tasks = 5]
2026-10-01 21:33:21.839  INFO [notification-service] [traceId=NO_TRACE] [tenantId=default] [ionShutdownHook] o.s.c.n.e.s.EurekaServiceRegistry        : Unregistering application NOTIFICATION-SERVICE with eureka with status DOWN
2026-10-01 21:33:22.811  INFO [notification-service] [traceId=NO_TRACE] [tenantId=default] [ionShutdownHook] o.s.b.w.e.tomcat.GracefulShutdown        : Commencing graceful shutdown. Waiting for active requests to complete
2026-10-01 21:33:24.281  INFO [notification-service] [traceId=NO_TRACE] [tenantId=default] [tomcat-shutdown] o.s.b.w.e.tomcat.GracefulShutdown        : Graceful shutdown complete
2026-10-01 21:33:24.393  INFO [notification-service] [traceId=NO_TRACE] [tenantId=default] [ionShutdownHook] o.s.m.s.b.SimpleBrokerMessageHandler     : Stopping...
2026-10-01 21:33:24.397  INFO [notification-service] [traceId=NO_TRACE] [tenantId=default] [ionShutdownHook] o.s.m.s.b.SimpleBrokerMessageHandler     : BrokerAvailabilityEvent[available=false, SimpleBrokerMessageHandler [org.springframework.messaging.simp.broker.DefaultSubscriptionRegistry@55fbe0fc]]
2026-10-01 21:33:24.401  INFO [notification-service] [traceId=NO_TRACE] [tenantId=default] [ionShutdownHook] o.s.m.s.b.SimpleBrokerMessageHandler     : Stopped.
2026-10-01 21:33:25.546  INFO [notification-service] [traceId=NO_TRACE] [tenantId=default] [ionShutdownHook] j.LocalContainerEntityManagerFactoryBean : Closing JPA EntityManagerFactory for persistence unit 'default'
2026-10-01 21:33:25.754  INFO [notification-service] [traceId=NO_TRACE] [tenantId=default] [ionShutdownHook] com.zaxxer.hikari.HikariDataSource       : HikariPool-1 - Shutdown initiated...
2026-10-01 21:33:25.806  INFO [notification-service] [traceId=NO_TRACE] [tenantId=default] [ionShutdownHook] com.zaxxer.hikari.HikariDataSource       : HikariPool-1 - Shutdown completed.
2026-10-01 21:33:29.173  WARN [notification-service] [traceId=NO_TRACE] [tenantId=default] [ionShutdownHook] c.n.d.s.t.d.RetryableEurekaHttpClient    : Request execution failed with message: I/O error on DELETE request for "http://localhost:8761/eureka/apps/NOTIFICATION-SERVICE/192.168.1.2:notification-service:8084": Connect to http://localhost:8761 [localhost/127.0.0.1, localhost/0:0:0:0:0:0:0:1] failed: Connection refused: no further information
2026-10-01 21:33:29.504  WARN [notification-service] [traceId=NO_TRACE] [tenantId=default] [ionShutdownHook] c.n.d.s.t.d.RetryableEurekaHttpClient    : Request execution failed with message: I/O error on DELETE request for "http://localhost:8761/eureka/apps/NOTIFICATION-SERVICE/192.168.1.2:notification-service:8084": Connect to http://localhost:8761 [localhost/127.0.0.1, localhost/0:0:0:0:0:0:0:1] failed: Connection refused: no further information
2026-10-01 21:33:29.506 ERROR [notification-service] [traceId=NO_TRACE] [tenantId=default] [ionShutdownHook] com.netflix.discovery.DiscoveryClient    : DiscoveryClient_NOTIFICATION-SERVICE/192.168.1.2:notification-service:8084 - de-registration failedCannot execute request on any known server

com.netflix.discovery.shared.transport.TransportException: Cannot execute request on any known server
	at com.netflix.discovery.shared.transport.decorator.RetryableEurekaHttpClient.execute(RetryableEurekaHttpClient.java:112)
	at com.netflix.discovery.shared.transport.decorator.EurekaHttpClientDecorator.cancel(EurekaHttpClientDecorator.java:71)
	at com.netflix.discovery.shared.transport.decorator.EurekaHttpClientDecorator$2.execute(EurekaHttpClientDecorator.java:74)
	at com.netflix.discovery.shared.transport.decorator.SessionedEurekaHttpClient.execute(SessionedEurekaHttpClient.java:76)
	at com.netflix.discovery.shared.transport.decorator.EurekaHttpClientDecorator.cancel(EurekaHttpClientDecorator.java:71)
	at com.netflix.discovery.DiscoveryClient.unregister(DiscoveryClient.java:919)
	at com.netflix.discovery.DiscoveryClient.shutdown(DiscoveryClient.java:900)
	at java.base/jdk.internal.reflect.NativeMethodAccessorImpl.invoke0(Native Method)
	at java.base/jdk.internal.reflect.NativeMethodAccessorImpl.invoke(NativeMethodAccessorImpl.java:77)
	at java.base/jdk.internal.reflect.DelegatingMethodAccessorImpl.invoke(DelegatingMethodAccessorImpl.java:43)
	at java.base/java.lang.reflect.Method.invoke(Method.java:568)
	at org.springframework.beans.factory.annotation.InitDestroyAnnotationBeanPostProcessor$LifecycleMethod.invoke(InitDestroyAnnotationBeanPostProcessor.java:457)
	at org.springframework.beans.factory.annotation.InitDestroyAnnotationBeanPostProcessor$LifecycleMetadata.invokeDestroyMethods(InitDestroyAnnotationBeanPostProcessor.java:415)
	at org.springframework.beans.factory.annotation.InitDestroyAnnotationBeanPostProcessor.postProcessBeforeDestruction(InitDestroyAnnotationBeanPostProcessor.java:239)
	at org.springframework.beans.factory.support.DisposableBeanAdapter.destroy(DisposableBeanAdapter.java:202)
	at org.springframework.beans.factory.support.DisposableBeanAdapter.run(DisposableBeanAdapter.java:195)
	at org.springframework.cloud.context.scope.GenericScope$BeanLifecycleWrapper.destroy(GenericScope.java:389)
	at org.springframework.cloud.context.scope.GenericScope.destroy(GenericScope.java:136)
	at org.springframework.beans.factory.support.DisposableBeanAdapter.destroy(DisposableBeanAdapter.java:211)
	at org.springframework.beans.factory.support.DefaultSingletonBeanRegistry.destroyBean(DefaultSingletonBeanRegistry.java:735)
	at org.springframework.beans.factory.support.DefaultSingletonBeanRegistry.destroySingleton(DefaultSingletonBeanRegistry.java:692)
	at org.springframework.beans.factory.support.DefaultListableBeanFactory.destroySingleton(DefaultListableBeanFactory.java:1401)
	at org.springframework.beans.factory.support.DefaultSingletonBeanRegistry.destroySingletons(DefaultSingletonBeanRegistry.java:651)
	at org.springframework.beans.factory.support.DefaultListableBeanFactory.destroySingletons(DefaultListableBeanFactory.java:1394)
	at org.springframework.context.support.AbstractApplicationContext.destroyBeans(AbstractApplicationContext.java:1219)
	at org.springframework.context.support.AbstractApplicationContext.doClose(AbstractApplicationContext.java:1180)
	at org.springframework.boot.web.servlet.context.ServletWebServerApplicationContext.doClose(ServletWebServerApplicationContext.java:179)
	at org.springframework.context.support.AbstractApplicationContext.close(AbstractApplicationContext.java:1126)
	at org.springframework.boot.SpringApplicationShutdownHook.closeAndWait(SpringApplicationShutdownHook.java:147)
	at java.base/java.lang.Iterable.forEach(Iterable.java:75)
	at org.springframework.boot.SpringApplicationShutdownHook.run(SpringApplicationShutdownHook.java:116)
	at java.base/java.lang.Thread.run(Thread.java:842)

2026-10-01 23:45:14.921  INFO [notification-service] [traceId=NO_TRACE] [tenantId=default] [           main] c.l.n.NotificationServiceApplication     : Starting NotificationServiceApplication using Java 17.0.17 with PID 62380 (E:\Github\Back-end\Microservice\SpringBoot\notification-service\target\classes started by Liochio in E:\Github\Back-end\Microservice)
2026-10-01 23:45:14.948 DEBUG [notification-service] [traceId=NO_TRACE] [tenantId=default] [           main] c.l.n.NotificationServiceApplication     : Running with Spring Boot v3.4.3, Spring v6.2.3
2026-10-01 23:45:14.950  INFO [notification-service] [traceId=NO_TRACE] [tenantId=default] [           main] c.l.n.NotificationServiceApplication     : No active profile set, falling back to 1 default profile: "default"
2026-10-01 23:45:15.056  INFO [notification-service] [traceId=NO_TRACE] [tenantId=default] [           main] o.s.c.c.c.ConfigServerConfigDataLoader   : Fetching config from server at : http://localhost:8888/
2026-10-01 23:45:15.056  INFO [notification-service] [traceId=NO_TRACE] [tenantId=default] [           main] o.s.c.c.c.ConfigServerConfigDataLoader   : Exception on Url - http://localhost:8888/:org.springframework.web.client.ResourceAccessException: I/O error on GET request for "http://localhost:8888/notification-service/default": Connection refused: no further information. Will be trying the next url if available
2026-10-01 23:45:15.056  WARN [notification-service] [traceId=NO_TRACE] [tenantId=default] [           main] o.s.c.c.c.ConfigServerConfigDataLoader   : Could not locate PropertySource ([ConfigServerConfigDataResource@7d373bcf uris = array<String>['http://localhost:8888/'], optional = true, profiles = 'default']): I/O error on GET request for "http://localhost:8888/notification-service/default": Connection refused: no further information
2026-10-01 23:45:15.058  INFO [notification-service] [traceId=NO_TRACE] [tenantId=default] [           main] o.s.c.c.c.ConfigServerConfigDataLoader   : Fetching config from server at : http://localhost:8888/
2026-10-01 23:45:15.058  INFO [notification-service] [traceId=NO_TRACE] [tenantId=default] [           main] o.s.c.c.c.ConfigServerConfigDataLoader   : Exception on Url - http://localhost:8888/:org.springframework.web.client.ResourceAccessException: I/O error on GET request for "http://localhost:8888/notification-service/default": Connection refused: no further information. Will be trying the next url if available
2026-10-01 23:45:15.058  WARN [notification-service] [traceId=NO_TRACE] [tenantId=default] [           main] o.s.c.c.c.ConfigServerConfigDataLoader   : Could not locate PropertySource ([ConfigServerConfigDataResource@3a0807b7 uris = array<String>['http://localhost:8888/'], optional = true, profiles = 'default']): I/O error on GET request for "http://localhost:8888/notification-service/default": Connection refused: no further information
2026-10-01 23:45:15.058  INFO [notification-service] [traceId=NO_TRACE] [tenantId=default] [           main] o.s.c.c.c.ConfigServerConfigDataLoader   : Fetching config from server at : http://localhost:8888/
2026-10-01 23:45:15.058  INFO [notification-service] [traceId=NO_TRACE] [tenantId=default] [           main] o.s.c.c.c.ConfigServerConfigDataLoader   : Exception on Url - http://localhost:8888/:org.springframework.web.client.ResourceAccessException: I/O error on GET request for "http://localhost:8888/notification-service/default": Connection refused: no further information. Will be trying the next url if available
2026-10-01 23:45:15.059  WARN [notification-service] [traceId=NO_TRACE] [tenantId=default] [           main] o.s.c.c.c.ConfigServerConfigDataLoader   : Could not locate PropertySource ([ConfigServerConfigDataResource@21a5fd96 uris = array<String>['http://localhost:8888/'], optional = true, profiles = 'default']): I/O error on GET request for "http://localhost:8888/notification-service/default": Connection refused: no further information
2026-10-01 23:45:24.194  INFO [notification-service] [traceId=NO_TRACE] [tenantId=default] [           main] .s.d.r.c.RepositoryConfigurationDelegate : Multiple Spring Data modules found, entering strict repository configuration mode
2026-10-01 23:45:24.194  INFO [notification-service] [traceId=NO_TRACE] [tenantId=default] [           main] .s.d.r.c.RepositoryConfigurationDelegate : Bootstrapping Spring Data JPA repositories in DEFAULT mode.
2026-10-01 23:45:24.425  INFO [notification-service] [traceId=NO_TRACE] [tenantId=default] [           main] .s.d.r.c.RepositoryConfigurationDelegate : Finished Spring Data repository scanning in 219 ms. Found 9 JPA repository interfaces.
2026-10-01 23:45:25.171  INFO [notification-service] [traceId=NO_TRACE] [tenantId=default] [           main] .s.d.r.c.RepositoryConfigurationDelegate : Multiple Spring Data modules found, entering strict repository configuration mode
2026-10-01 23:45:25.173  INFO [notification-service] [traceId=NO_TRACE] [tenantId=default] [           main] .s.d.r.c.RepositoryConfigurationDelegate : Bootstrapping Spring Data Redis repositories in DEFAULT mode.
2026-10-01 23:45:25.209  INFO [notification-service] [traceId=NO_TRACE] [tenantId=default] [           main] .RepositoryConfigurationExtensionSupport : Spring Data Redis - Could not safely identify store assignment for repository candidate interface com.liochio.notification.repository.NotificationLogRepository; If you want this repository to be a Redis repository, consider annotating your entities with one of these annotations: org.springframework.data.redis.core.RedisHash (preferred), or consider extending one of the following types with your repository: org.springframework.data.keyvalue.repository.KeyValueRepository
2026-10-01 23:45:25.209  INFO [notification-service] [traceId=NO_TRACE] [tenantId=default] [           main] .RepositoryConfigurationExtensionSupport : Spring Data Redis - Could not safely identify store assignment for repository candidate interface com.liochio.notification.repository.NotificationTemplateRepository; If you want this repository to be a Redis repository, consider annotating your entities with one of these annotations: org.springframework.data.redis.core.RedisHash (preferred), or consider extending one of the following types with your repository: org.springframework.data.keyvalue.repository.KeyValueRepository
2026-10-01 23:45:25.209  INFO [notification-service] [traceId=NO_TRACE] [tenantId=default] [           main] .RepositoryConfigurationExtensionSupport : Spring Data Redis - Could not safely identify store assignment for repository candidate interface com.liochio.notification.repository.TenantNotificationConfigRepository; If you want this repository to be a Redis repository, consider annotating your entities with one of these annotations: org.springframework.data.redis.core.RedisHash (preferred), or consider extending one of the following types with your repository: org.springframework.data.keyvalue.repository.KeyValueRepository
2026-10-01 23:45:25.209  INFO [notification-service] [traceId=NO_TRACE] [tenantId=default] [           main] .s.d.r.c.RepositoryConfigurationDelegate : Finished Spring Data repository scanning in 26 ms. Found 0 Redis repository interfaces.
2026-10-01 23:45:25.826  INFO [notification-service] [traceId=NO_TRACE] [tenantId=default] [           main] o.s.cloud.context.scope.GenericScope     : BeanFactory id=7360ba0c-5713-3fc4-a92f-c2cd48309838
2026-10-01 23:45:27.003  INFO [notification-service] [traceId=NO_TRACE] [tenantId=default] [           main] o.s.b.w.embedded.tomcat.TomcatWebServer  : Tomcat initialized with port 8084 (http)
2026-10-01 23:45:27.021  INFO [notification-service] [traceId=NO_TRACE] [tenantId=default] [           main] o.apache.catalina.core.StandardService   : Starting service [Tomcat]
2026-10-01 23:45:27.021  INFO [notification-service] [traceId=NO_TRACE] [tenantId=default] [           main] o.apache.catalina.core.StandardEngine    : Starting Servlet engine: [Apache Tomcat/10.1.36]
2026-10-01 23:45:27.109  INFO [notification-service] [traceId=NO_TRACE] [tenantId=default] [           main] o.a.c.c.C.[Tomcat].[localhost].[/]       : Initializing Spring embedded WebApplicationContext
2026-10-01 23:45:27.109  INFO [notification-service] [traceId=NO_TRACE] [tenantId=default] [           main] w.s.c.ServletWebServerApplicationContext : Root WebApplicationContext: initialization completed in 12044 ms
2026-10-01 23:45:27.474  INFO [notification-service] [traceId=NO_TRACE] [tenantId=default] [           main] o.hibernate.jpa.internal.util.LogHelper  : HHH000204: Processing PersistenceUnitInfo [name: default]
2026-10-01 23:45:27.607  INFO [notification-service] [traceId=NO_TRACE] [tenantId=default] [           main] org.hibernate.Version                    : HHH000412: Hibernate ORM core version 6.6.8.Final
2026-10-01 23:45:27.655  INFO [notification-service] [traceId=NO_TRACE] [tenantId=default] [           main] o.h.c.internal.RegionFactoryInitiator    : HHH000026: Second-level cache disabled
2026-10-01 23:45:28.188  INFO [notification-service] [traceId=NO_TRACE] [tenantId=default] [           main] o.s.o.j.p.SpringPersistenceUnitInfo      : No LoadTimeWeaver setup: ignoring JPA class transformer
2026-10-01 23:45:28.241  INFO [notification-service] [traceId=NO_TRACE] [tenantId=default] [           main] com.zaxxer.hikari.HikariDataSource       : HikariPool-1 - Starting...
2026-10-01 23:45:28.454  INFO [notification-service] [traceId=NO_TRACE] [tenantId=default] [           main] com.zaxxer.hikari.pool.HikariPool        : HikariPool-1 - Added connection com.mysql.cj.jdbc.ConnectionImpl@7890324e
2026-10-01 23:45:28.458  INFO [notification-service] [traceId=NO_TRACE] [tenantId=default] [           main] com.zaxxer.hikari.HikariDataSource       : HikariPool-1 - Start completed.
2026-10-01 23:45:28.526  WARN [notification-service] [traceId=NO_TRACE] [tenantId=default] [           main] org.hibernate.orm.deprecation            : HHH90000025: MySQLDialect does not need to be specified explicitly using 'hibernate.dialect' (remove the property setting and it will be selected by default)
2026-10-01 23:45:28.670  INFO [notification-service] [traceId=NO_TRACE] [tenantId=default] [           main] org.hibernate.orm.connections.pooling    : HHH10001005: Database info:
	Database JDBC URL [Connecting through datasource 'HikariDataSource (HikariPool-1)']
	Database driver: undefined/unknown
	Database version: 8.0.33
	Autocommit mode: undefined/unknown
	Isolation level: undefined/unknown
	Minimum pool size: undefined/unknown
	Maximum pool size: undefined/unknown
2026-10-01 23:45:30.424  INFO [notification-service] [traceId=NO_TRACE] [tenantId=default] [           main] o.h.e.t.j.p.i.JtaPlatformInitiator       : HHH000489: No JTA platform available (set 'hibernate.transaction.jta.platform' to enable JTA platform integration)
2026-10-01 23:45:30.573  INFO [notification-service] [traceId=NO_TRACE] [tenantId=default] [           main] j.LocalContainerEntityManagerFactoryBean : Initialized JPA EntityManagerFactory for persistence unit 'default'
2026-10-01 23:45:31.162  INFO [notification-service] [traceId=NO_TRACE] [tenantId=default] [           main] com.liochio.common.security.JwtUtils     : [JwtUtils] Loaded RSA Private Key successfully from classpath:certs/rsa-private.pem
2026-10-01 23:45:31.276  INFO [notification-service] [traceId=NO_TRACE] [tenantId=default] [           main] com.liochio.common.security.JwtUtils     : [JwtUtils] Loaded RSA Public Key successfully from classpath:certs/rsa-public.pem
2026-10-01 23:45:34.018 DEBUG [notification-service] [traceId=NO_TRACE] [tenantId=default] [           main] c.l.c.security.JwtAuthenticationFilter   : Filter 'jwtAuthenticationFilter' configured for use
2026-10-01 23:45:34.018 DEBUG [notification-service] [traceId=NO_TRACE] [tenantId=default] [           main] c.liochio.common.filter.MdcTraceFilter   : Filter 'mdcTraceFilter' configured for use
2026-10-01 23:45:34.019 DEBUG [notification-service] [traceId=NO_TRACE] [tenantId=default] [           main] com.liochio.common.filter.TenantFilter   : Filter 'tenantFilter' configured for use
2026-10-01 23:45:34.019 DEBUG [notification-service] [traceId=NO_TRACE] [tenantId=default] [           main] c.l.c.security.RestCacheControlFilter    : Filter 'restCacheControlFilter' configured for use
2026-10-01 23:45:34.019 DEBUG [notification-service] [traceId=NO_TRACE] [tenantId=default] [           main] c.l.common.filter.AuditLoggingFilter     : Filter 'auditLoggingFilter' configured for use
2026-10-01 23:45:34.401  INFO [notification-service] [traceId=NO_TRACE] [tenantId=default] [           main] o.s.d.j.r.query.QueryEnhancerFactory     : Hibernate is in classpath; If applicable, HQL parser will be used.
2026-10-01 23:45:35.755  WARN [notification-service] [traceId=NO_TRACE] [tenantId=default] [           main] .s.s.UserDetailsServiceAutoConfiguration : 

Using generated security password: c84c7652-551a-42dd-9bfc-83262fc6bcf8

This generated password is for development use only. Your security configuration must be updated before running your application in production.

2026-10-01 23:45:35.787  INFO [notification-service] [traceId=NO_TRACE] [tenantId=default] [           main] r$InitializeUserDetailsManagerConfigurer : Global AuthenticationManager configured with UserDetailsService bean with name inMemoryUserDetailsManager
2026-10-01 23:45:39.364  INFO [notification-service] [traceId=NO_TRACE] [tenantId=default] [           main] DiscoveryClientOptionalArgsConfiguration : Eureka HTTP Client uses RestTemplate.
2026-10-01 23:45:39.569  INFO [notification-service] [traceId=NO_TRACE] [tenantId=default] [           main] o.s.m.s.b.SimpleBrokerMessageHandler     : Starting...
2026-10-01 23:45:39.571  INFO [notification-service] [traceId=NO_TRACE] [tenantId=default] [           main] o.s.m.s.b.SimpleBrokerMessageHandler     : BrokerAvailabilityEvent[available=true, SimpleBrokerMessageHandler [org.springframework.messaging.simp.broker.DefaultSubscriptionRegistry@4a6ad3c5]]
2026-10-01 23:45:39.571  INFO [notification-service] [traceId=NO_TRACE] [tenantId=default] [           main] o.s.m.s.b.SimpleBrokerMessageHandler     : Started.
2026-10-01 23:45:39.589  INFO [notification-service] [traceId=NO_TRACE] [tenantId=default] [           main] o.s.c.n.eureka.InstanceInfoFactory       : Setting initial instance status as: STARTING
2026-10-01 23:45:39.929  WARN [notification-service] [traceId=NO_TRACE] [tenantId=default] [           main] c.n.d.s.t.d.RetryableEurekaHttpClient    : Request execution failed with message: I/O error on GET request for "http://localhost:8761/eureka/apps/": Connect to http://localhost:8761 [localhost/127.0.0.1, localhost/0:0:0:0:0:0:0:1] failed: Connection refused: no further information
2026-10-01 23:45:39.929  WARN [notification-service] [traceId=NO_TRACE] [tenantId=default] [           main] com.netflix.discovery.DiscoveryClient    : Using default backup registry implementation which does not do anything.
2026-10-01 23:45:39.954  INFO [notification-service] [traceId=NO_TRACE] [tenantId=default] [           main] o.s.c.n.e.s.EurekaServiceRegistry        : Registering application NOTIFICATION-SERVICE with eureka with status UP
2026-10-01 23:45:39.973  INFO [notification-service] [traceId=NO_TRACE] [tenantId=default] [           main] o.s.b.w.embedded.tomcat.TomcatWebServer  : Tomcat started on port 8084 (http) with context path '/'
2026-10-01 23:45:39.975  INFO [notification-service] [traceId=NO_TRACE] [tenantId=default] [           main] .s.c.n.e.s.EurekaAutoServiceRegistration : Updating port to 8084
2026-10-01 23:45:39.999  WARN [notification-service] [traceId=NO_TRACE] [tenantId=default] [foReplicator-%d] c.n.d.s.t.d.RetryableEurekaHttpClient    : Request execution failed with message: I/O error on POST request for "http://localhost:8761/eureka/apps/NOTIFICATION-SERVICE": Connect to http://localhost:8761 [localhost/127.0.0.1, localhost/0:0:0:0:0:0:0:1] failed: Connection refused: no further information
2026-10-01 23:45:39.999  WARN [notification-service] [traceId=NO_TRACE] [tenantId=default] [foReplicator-%d] com.netflix.discovery.DiscoveryClient    : DiscoveryClient_NOTIFICATION-SERVICE/192.168.1.2:notification-service:8084 - registration failed Cannot execute request on any known server

com.netflix.discovery.shared.transport.TransportException: Cannot execute request on any known server
	at com.netflix.discovery.shared.transport.decorator.RetryableEurekaHttpClient.execute(RetryableEurekaHttpClient.java:112)
	at com.netflix.discovery.shared.transport.decorator.EurekaHttpClientDecorator.register(EurekaHttpClientDecorator.java:56)
	at com.netflix.discovery.shared.transport.decorator.EurekaHttpClientDecorator$1.execute(EurekaHttpClientDecorator.java:59)
	at com.netflix.discovery.shared.transport.decorator.SessionedEurekaHttpClient.execute(SessionedEurekaHttpClient.java:76)
	at com.netflix.discovery.shared.transport.decorator.EurekaHttpClientDecorator.register(EurekaHttpClientDecorator.java:56)
	at com.netflix.discovery.DiscoveryClient.register(DiscoveryClient.java:828)
	at com.netflix.discovery.InstanceInfoReplicator.run(InstanceInfoReplicator.java:125)
	at com.netflix.discovery.InstanceInfoReplicator$2.run(InstanceInfoReplicator.java:105)
	at java.base/java.util.concurrent.Executors$RunnableAdapter.call(Executors.java:539)
	at java.base/java.util.concurrent.FutureTask.run(FutureTask.java:264)
	at java.base/java.util.concurrent.ScheduledThreadPoolExecutor$ScheduledFutureTask.run(ScheduledThreadPoolExecutor.java:304)
	at java.base/java.util.concurrent.ThreadPoolExecutor.runWorker(ThreadPoolExecutor.java:1136)
	at java.base/java.util.concurrent.ThreadPoolExecutor$Worker.run(ThreadPoolExecutor.java:635)
	at java.base/java.lang.Thread.run(Thread.java:842)

2026-10-01 23:45:40.002  WARN [notification-service] [traceId=NO_TRACE] [tenantId=default] [foReplicator-%d] c.n.discovery.InstanceInfoReplicator     : There was a problem with the instance info replicator

com.netflix.discovery.shared.transport.TransportException: Cannot execute request on any known server
	at com.netflix.discovery.shared.transport.decorator.RetryableEurekaHttpClient.execute(RetryableEurekaHttpClient.java:112)
	at com.netflix.discovery.shared.transport.decorator.EurekaHttpClientDecorator.register(EurekaHttpClientDecorator.java:56)
	at com.netflix.discovery.shared.transport.decorator.EurekaHttpClientDecorator$1.execute(EurekaHttpClientDecorator.java:59)
	at com.netflix.discovery.shared.transport.decorator.SessionedEurekaHttpClient.execute(SessionedEurekaHttpClient.java:76)
	at com.netflix.discovery.shared.transport.decorator.EurekaHttpClientDecorator.register(EurekaHttpClientDecorator.java:56)
	at com.netflix.discovery.DiscoveryClient.register(DiscoveryClient.java:828)
	at com.netflix.discovery.InstanceInfoReplicator.run(InstanceInfoReplicator.java:125)
	at com.netflix.discovery.InstanceInfoReplicator$2.run(InstanceInfoReplicator.java:105)
	at java.base/java.util.concurrent.Executors$RunnableAdapter.call(Executors.java:539)
	at java.base/java.util.concurrent.FutureTask.run(FutureTask.java:264)
	at java.base/java.util.concurrent.ScheduledThreadPoolExecutor$ScheduledFutureTask.run(ScheduledThreadPoolExecutor.java:304)
	at java.base/java.util.concurrent.ThreadPoolExecutor.runWorker(ThreadPoolExecutor.java:1136)
	at java.base/java.util.concurrent.ThreadPoolExecutor$Worker.run(ThreadPoolExecutor.java:635)
	at java.base/java.lang.Thread.run(Thread.java:842)

2026-10-01 23:45:40.127  INFO [notification-service] [traceId=NO_TRACE] [tenantId=default] [           main] c.l.n.NotificationServiceApplication     : Started NotificationServiceApplication in 28.484 seconds (process running for 29.969)
2026-10-01 23:46:09.954  WARN [notification-service] [traceId=NO_TRACE] [tenantId=default] [reshExecutor-%d] c.n.d.s.t.d.RetryableEurekaHttpClient    : Request execution failed with message: I/O error on GET request for "http://localhost:8761/eureka/apps/": Connect to http://localhost:8761 [localhost/127.0.0.1, localhost/0:0:0:0:0:0:0:1] failed: Connection refused: no further information
2026-10-01 23:46:09.956  WARN [notification-service] [traceId=NO_TRACE] [tenantId=default] [beatExecutor-%d] c.n.d.s.t.d.RetryableEurekaHttpClient    : Request execution failed with message: I/O error on PUT request for "http://localhost:8761/eureka/apps/NOTIFICATION-SERVICE/192.168.1.2:notification-service:8084": Connect to http://localhost:8761 [localhost/127.0.0.1, localhost/0:0:0:0:0:0:0:1] failed: Connection refused: no further information
2026-10-01 23:46:09.956 ERROR [notification-service] [traceId=NO_TRACE] [tenantId=default] [beatExecutor-%d] com.netflix.discovery.DiscoveryClient    : DiscoveryClient_NOTIFICATION-SERVICE/192.168.1.2:notification-service:8084 - was unable to send heartbeat!

com.netflix.discovery.shared.transport.TransportException: Cannot execute request on any known server
	at com.netflix.discovery.shared.transport.decorator.RetryableEurekaHttpClient.execute(RetryableEurekaHttpClient.java:112)
	at com.netflix.discovery.shared.transport.decorator.EurekaHttpClientDecorator.sendHeartBeat(EurekaHttpClientDecorator.java:89)
	at com.netflix.discovery.shared.transport.decorator.EurekaHttpClientDecorator$3.execute(EurekaHttpClientDecorator.java:92)
	at com.netflix.discovery.shared.transport.decorator.SessionedEurekaHttpClient.execute(SessionedEurekaHttpClient.java:76)
	at com.netflix.discovery.shared.transport.decorator.EurekaHttpClientDecorator.sendHeartBeat(EurekaHttpClientDecorator.java:89)
	at com.netflix.discovery.DiscoveryClient.renew(DiscoveryClient.java:845)
	at com.netflix.discovery.DiscoveryClient$HeartbeatThread.run(DiscoveryClient.java:1402)
	at java.base/java.util.concurrent.Executors$RunnableAdapter.call(Executors.java:539)
	at java.base/java.util.concurrent.FutureTask.run(FutureTask.java:264)
	at java.base/java.util.concurrent.ThreadPoolExecutor.runWorker(ThreadPoolExecutor.java:1136)
	at java.base/java.util.concurrent.ThreadPoolExecutor$Worker.run(ThreadPoolExecutor.java:635)
	at java.base/java.lang.Thread.run(Thread.java:842)

2026-10-01 23:46:10.035  WARN [notification-service] [traceId=NO_TRACE] [tenantId=default] [foReplicator-%d] c.n.d.s.t.d.RetryableEurekaHttpClient    : Request execution failed with message: I/O error on POST request for "http://localhost:8761/eureka/apps/NOTIFICATION-SERVICE": Connect to http://localhost:8761 [localhost/127.0.0.1, localhost/0:0:0:0:0:0:0:1] failed: Connection refused: no further information
2026-10-01 23:46:10.036  WARN [notification-service] [traceId=NO_TRACE] [tenantId=default] [foReplicator-%d] com.netflix.discovery.DiscoveryClient    : DiscoveryClient_NOTIFICATION-SERVICE/192.168.1.2:notification-service:8084 - registration failed Cannot execute request on any known server

com.netflix.discovery.shared.transport.TransportException: Cannot execute request on any known server
	at com.netflix.discovery.shared.transport.decorator.RetryableEurekaHttpClient.execute(RetryableEurekaHttpClient.java:112)
	at com.netflix.discovery.shared.transport.decorator.EurekaHttpClientDecorator.register(EurekaHttpClientDecorator.java:56)
	at com.netflix.discovery.shared.transport.decorator.EurekaHttpClientDecorator$1.execute(EurekaHttpClientDecorator.java:59)
	at com.netflix.discovery.shared.transport.decorator.SessionedEurekaHttpClient.execute(SessionedEurekaHttpClient.java:76)
	at com.netflix.discovery.shared.transport.decorator.EurekaHttpClientDecorator.register(EurekaHttpClientDecorator.java:56)
	at com.netflix.discovery.DiscoveryClient.register(DiscoveryClient.java:828)
	at com.netflix.discovery.InstanceInfoReplicator.run(InstanceInfoReplicator.java:125)
	at java.base/java.util.concurrent.Executors$RunnableAdapter.call(Executors.java:539)
	at java.base/java.util.concurrent.FutureTask.run(FutureTask.java:264)
	at java.base/java.util.concurrent.ScheduledThreadPoolExecutor$ScheduledFutureTask.run(ScheduledThreadPoolExecutor.java:304)
	at java.base/java.util.concurrent.ThreadPoolExecutor.runWorker(ThreadPoolExecutor.java:1136)
	at java.base/java.util.concurrent.ThreadPoolExecutor$Worker.run(ThreadPoolExecutor.java:635)
	at java.base/java.lang.Thread.run(Thread.java:842)

2026-10-01 23:46:10.036  WARN [notification-service] [traceId=NO_TRACE] [tenantId=default] [foReplicator-%d] c.n.discovery.InstanceInfoReplicator     : There was a problem with the instance info replicator

com.netflix.discovery.shared.transport.TransportException: Cannot execute request on any known server
	at com.netflix.discovery.shared.transport.decorator.RetryableEurekaHttpClient.execute(RetryableEurekaHttpClient.java:112)
	at com.netflix.discovery.shared.transport.decorator.EurekaHttpClientDecorator.register(EurekaHttpClientDecorator.java:56)
	at com.netflix.discovery.shared.transport.decorator.EurekaHttpClientDecorator$1.execute(EurekaHttpClientDecorator.java:59)
	at com.netflix.discovery.shared.transport.decorator.SessionedEurekaHttpClient.execute(SessionedEurekaHttpClient.java:76)
	at com.netflix.discovery.shared.transport.decorator.EurekaHttpClientDecorator.register(EurekaHttpClientDecorator.java:56)
	at com.netflix.discovery.DiscoveryClient.register(DiscoveryClient.java:828)
	at com.netflix.discovery.InstanceInfoReplicator.run(InstanceInfoReplicator.java:125)
	at java.base/java.util.concurrent.Executors$RunnableAdapter.call(Executors.java:539)
	at java.base/java.util.concurrent.FutureTask.run(FutureTask.java:264)
	at java.base/java.util.concurrent.ScheduledThreadPoolExecutor$ScheduledFutureTask.run(ScheduledThreadPoolExecutor.java:304)
	at java.base/java.util.concurrent.ThreadPoolExecutor.runWorker(ThreadPoolExecutor.java:1136)
	at java.base/java.util.concurrent.ThreadPoolExecutor$Worker.run(ThreadPoolExecutor.java:635)
	at java.base/java.lang.Thread.run(Thread.java:842)

2026-10-01 23:46:39.564  INFO [notification-service] [traceId=NO_TRACE] [tenantId=default] [MessageBroker-1] o.s.w.s.c.WebSocketMessageBrokerStats    : WebSocketSession[0 current WS(0)-HttpStream(0)-HttpPoll(0), 0 total, 0 closed abnormally (0 connect failure, 0 send limit, 0 transport error)], stompSubProtocol[processed CONNECT(0)-CONNECTED(0)-DISCONNECT(0)], stompBrokerRelay[null], inboundChannel[pool size = 0, active threads = 0, queued tasks = 0, completed tasks = 0], outboundChannel[pool size = 0, active threads = 0, queued tasks = 0, completed tasks = 0], sockJsScheduler[pool size = 1, active threads = 1, queued tasks = 0, completed tasks = 0]
2026-10-01 23:46:40.089  WARN [notification-service] [traceId=NO_TRACE] [tenantId=default] [reshExecutor-%d] c.n.d.s.t.d.RetryableEurekaHttpClient    : Request execution failed with message: I/O error on GET request for "http://localhost:8761/eureka/apps/": Connect to http://localhost:8761 [localhost/127.0.0.1, localhost/0:0:0:0:0:0:0:1] failed: Connection refused: no further information
2026-10-01 23:46:40.109  WARN [notification-service] [traceId=NO_TRACE] [tenantId=default] [beatExecutor-%d] c.n.d.s.t.d.RetryableEurekaHttpClient    : Request execution failed with message: I/O error on PUT request for "http://localhost:8761/eureka/apps/NOTIFICATION-SERVICE/192.168.1.2:notification-service:8084": Connect to http://localhost:8761 [localhost/127.0.0.1, localhost/0:0:0:0:0:0:0:1] failed: Connection refused: no further information
2026-10-01 23:46:40.109 ERROR [notification-service] [traceId=NO_TRACE] [tenantId=default] [beatExecutor-%d] com.netflix.discovery.DiscoveryClient    : DiscoveryClient_NOTIFICATION-SERVICE/192.168.1.2:notification-service:8084 - was unable to send heartbeat!

com.netflix.discovery.shared.transport.TransportException: Cannot execute request on any known server
	at com.netflix.discovery.shared.transport.decorator.RetryableEurekaHttpClient.execute(RetryableEurekaHttpClient.java:112)
	at com.netflix.discovery.shared.transport.decorator.EurekaHttpClientDecorator.sendHeartBeat(EurekaHttpClientDecorator.java:89)
	at com.netflix.discovery.shared.transport.decorator.EurekaHttpClientDecorator$3.execute(EurekaHttpClientDecorator.java:92)
	at com.netflix.discovery.shared.transport.decorator.SessionedEurekaHttpClient.execute(SessionedEurekaHttpClient.java:76)
	at com.netflix.discovery.shared.transport.decorator.EurekaHttpClientDecorator.sendHeartBeat(EurekaHttpClientDecorator.java:89)
	at com.netflix.discovery.DiscoveryClient.renew(DiscoveryClient.java:845)
	at com.netflix.discovery.DiscoveryClient$HeartbeatThread.run(DiscoveryClient.java:1402)
	at java.base/java.util.concurrent.Executors$RunnableAdapter.call(Executors.java:539)
	at java.base/java.util.concurrent.FutureTask.run(FutureTask.java:264)
	at java.base/java.util.concurrent.ThreadPoolExecutor.runWorker(ThreadPoolExecutor.java:1136)
	at java.base/java.util.concurrent.ThreadPoolExecutor$Worker.run(ThreadPoolExecutor.java:635)
	at java.base/java.lang.Thread.run(Thread.java:842)

2026-10-01 23:46:40.117  WARN [notification-service] [traceId=NO_TRACE] [tenantId=default] [foReplicator-%d] c.n.d.s.t.d.RetryableEurekaHttpClient    : Request execution failed with message: I/O error on POST request for "http://localhost:8761/eureka/apps/NOTIFICATION-SERVICE": Connect to http://localhost:8761 [localhost/127.0.0.1, localhost/0:0:0:0:0:0:0:1] failed: Connection refused: no further information
2026-10-01 23:46:40.119  WARN [notification-service] [traceId=NO_TRACE] [tenantId=default] [foReplicator-%d] com.netflix.discovery.DiscoveryClient    : DiscoveryClient_NOTIFICATION-SERVICE/192.168.1.2:notification-service:8084 - registration failed Cannot execute request on any known server

com.netflix.discovery.shared.transport.TransportException: Cannot execute request on any known server
	at com.netflix.discovery.shared.transport.decorator.RetryableEurekaHttpClient.execute(RetryableEurekaHttpClient.java:112)
	at com.netflix.discovery.shared.transport.decorator.EurekaHttpClientDecorator.register(EurekaHttpClientDecorator.java:56)
	at com.netflix.discovery.shared.transport.decorator.EurekaHttpClientDecorator$1.execute(EurekaHttpClientDecorator.java:59)
	at com.netflix.discovery.shared.transport.decorator.SessionedEurekaHttpClient.execute(SessionedEurekaHttpClient.java:76)
	at com.netflix.discovery.shared.transport.decorator.EurekaHttpClientDecorator.register(EurekaHttpClientDecorator.java:56)
	at com.netflix.discovery.DiscoveryClient.register(DiscoveryClient.java:828)
	at com.netflix.discovery.InstanceInfoReplicator.run(InstanceInfoReplicator.java:125)
	at java.base/java.util.concurrent.Executors$RunnableAdapter.call(Executors.java:539)
	at java.base/java.util.concurrent.FutureTask.run(FutureTask.java:264)
	at java.base/java.util.concurrent.ScheduledThreadPoolExecutor$ScheduledFutureTask.run(ScheduledThreadPoolExecutor.java:304)
	at java.base/java.util.concurrent.ThreadPoolExecutor.runWorker(ThreadPoolExecutor.java:1136)
	at java.base/java.util.concurrent.ThreadPoolExecutor$Worker.run(ThreadPoolExecutor.java:635)
	at java.base/java.lang.Thread.run(Thread.java:842)

2026-10-01 23:46:40.120  WARN [notification-service] [traceId=NO_TRACE] [tenantId=default] [foReplicator-%d] c.n.discovery.InstanceInfoReplicator     : There was a problem with the instance info replicator

com.netflix.discovery.shared.transport.TransportException: Cannot execute request on any known server
	at com.netflix.discovery.shared.transport.decorator.RetryableEurekaHttpClient.execute(RetryableEurekaHttpClient.java:112)
	at com.netflix.discovery.shared.transport.decorator.EurekaHttpClientDecorator.register(EurekaHttpClientDecorator.java:56)
	at com.netflix.discovery.shared.transport.decorator.EurekaHttpClientDecorator$1.execute(EurekaHttpClientDecorator.java:59)
	at com.netflix.discovery.shared.transport.decorator.SessionedEurekaHttpClient.execute(SessionedEurekaHttpClient.java:76)
	at com.netflix.discovery.shared.transport.decorator.EurekaHttpClientDecorator.register(EurekaHttpClientDecorator.java:56)
	at com.netflix.discovery.DiscoveryClient.register(DiscoveryClient.java:828)
	at com.netflix.discovery.InstanceInfoReplicator.run(InstanceInfoReplicator.java:125)
	at java.base/java.util.concurrent.Executors$RunnableAdapter.call(Executors.java:539)
	at java.base/java.util.concurrent.FutureTask.run(FutureTask.java:264)
	at java.base/java.util.concurrent.ScheduledThreadPoolExecutor$ScheduledFutureTask.run(ScheduledThreadPoolExecutor.java:304)
	at java.base/java.util.concurrent.ThreadPoolExecutor.runWorker(ThreadPoolExecutor.java:1136)
	at java.base/java.util.concurrent.ThreadPoolExecutor$Worker.run(ThreadPoolExecutor.java:635)
	at java.base/java.lang.Thread.run(Thread.java:842)

2026-10-01 23:47:10.123  WARN [notification-service] [traceId=NO_TRACE] [tenantId=default] [reshExecutor-%d] c.n.d.s.t.d.RetryableEurekaHttpClient    : Request execution failed with message: I/O error on GET request for "http://localhost:8761/eureka/apps/": Connect to http://localhost:8761 [localhost/127.0.0.1, localhost/0:0:0:0:0:0:0:1] failed: Connection refused: no further information
2026-10-01 23:47:10.133  WARN [notification-service] [traceId=NO_TRACE] [tenantId=default] [beatExecutor-%d] c.n.d.s.t.d.RetryableEurekaHttpClient    : Request execution failed with message: I/O error on PUT request for "http://localhost:8761/eureka/apps/NOTIFICATION-SERVICE/192.168.1.2:notification-service:8084": Connect to http://localhost:8761 [localhost/127.0.0.1, localhost/0:0:0:0:0:0:0:1] failed: Connection refused: no further information
2026-10-01 23:47:10.133 ERROR [notification-service] [traceId=NO_TRACE] [tenantId=default] [beatExecutor-%d] com.netflix.discovery.DiscoveryClient    : DiscoveryClient_NOTIFICATION-SERVICE/192.168.1.2:notification-service:8084 - was unable to send heartbeat!

com.netflix.discovery.shared.transport.TransportException: Cannot execute request on any known server
	at com.netflix.discovery.shared.transport.decorator.RetryableEurekaHttpClient.execute(RetryableEurekaHttpClient.java:112)
	at com.netflix.discovery.shared.transport.decorator.EurekaHttpClientDecorator.sendHeartBeat(EurekaHttpClientDecorator.java:89)
	at com.netflix.discovery.shared.transport.decorator.EurekaHttpClientDecorator$3.execute(EurekaHttpClientDecorator.java:92)
	at com.netflix.discovery.shared.transport.decorator.SessionedEurekaHttpClient.execute(SessionedEurekaHttpClient.java:76)
	at com.netflix.discovery.shared.transport.decorator.EurekaHttpClientDecorator.sendHeartBeat(EurekaHttpClientDecorator.java:89)
	at com.netflix.discovery.DiscoveryClient.renew(DiscoveryClient.java:845)
	at com.netflix.discovery.DiscoveryClient$HeartbeatThread.run(DiscoveryClient.java:1402)
	at java.base/java.util.concurrent.Executors$RunnableAdapter.call(Executors.java:539)
	at java.base/java.util.concurrent.FutureTask.run(FutureTask.java:264)
	at java.base/java.util.concurrent.ThreadPoolExecutor.runWorker(ThreadPoolExecutor.java:1136)
	at java.base/java.util.concurrent.ThreadPoolExecutor$Worker.run(ThreadPoolExecutor.java:635)
	at java.base/java.lang.Thread.run(Thread.java:842)

2026-10-01 23:47:10.136  WARN [notification-service] [traceId=NO_TRACE] [tenantId=default] [foReplicator-%d] c.n.d.s.t.d.RetryableEurekaHttpClient    : Request execution failed with message: I/O error on POST request for "http://localhost:8761/eureka/apps/NOTIFICATION-SERVICE": Connect to http://localhost:8761 [localhost/127.0.0.1, localhost/0:0:0:0:0:0:0:1] failed: Connection refused: no further information
2026-10-01 23:47:10.136  WARN [notification-service] [traceId=NO_TRACE] [tenantId=default] [foReplicator-%d] com.netflix.discovery.DiscoveryClient    : DiscoveryClient_NOTIFICATION-SERVICE/192.168.1.2:notification-service:8084 - registration failed Cannot execute request on any known server

com.netflix.discovery.shared.transport.TransportException: Cannot execute request on any known server
	at com.netflix.discovery.shared.transport.decorator.RetryableEurekaHttpClient.execute(RetryableEurekaHttpClient.java:112)
	at com.netflix.discovery.shared.transport.decorator.EurekaHttpClientDecorator.register(EurekaHttpClientDecorator.java:56)
	at com.netflix.discovery.shared.transport.decorator.EurekaHttpClientDecorator$1.execute(EurekaHttpClientDecorator.java:59)
	at com.netflix.discovery.shared.transport.decorator.SessionedEurekaHttpClient.execute(SessionedEurekaHttpClient.java:76)
	at com.netflix.discovery.shared.transport.decorator.EurekaHttpClientDecorator.register(EurekaHttpClientDecorator.java:56)
	at com.netflix.discovery.DiscoveryClient.register(DiscoveryClient.java:828)
	at com.netflix.discovery.InstanceInfoReplicator.run(InstanceInfoReplicator.java:125)
	at java.base/java.util.concurrent.Executors$RunnableAdapter.call(Executors.java:539)
	at java.base/java.util.concurrent.FutureTask.run(FutureTask.java:264)
	at java.base/java.util.concurrent.ScheduledThreadPoolExecutor$ScheduledFutureTask.run(ScheduledThreadPoolExecutor.java:304)
	at java.base/java.util.concurrent.ThreadPoolExecutor.runWorker(ThreadPoolExecutor.java:1136)
	at java.base/java.util.concurrent.ThreadPoolExecutor$Worker.run(ThreadPoolExecutor.java:635)
	at java.base/java.lang.Thread.run(Thread.java:842)

2026-10-01 23:47:10.136  WARN [notification-service] [traceId=NO_TRACE] [tenantId=default] [foReplicator-%d] c.n.discovery.InstanceInfoReplicator     : There was a problem with the instance info replicator

com.netflix.discovery.shared.transport.TransportException: Cannot execute request on any known server
	at com.netflix.discovery.shared.transport.decorator.RetryableEurekaHttpClient.execute(RetryableEurekaHttpClient.java:112)
	at com.netflix.discovery.shared.transport.decorator.EurekaHttpClientDecorator.register(EurekaHttpClientDecorator.java:56)
	at com.netflix.discovery.shared.transport.decorator.EurekaHttpClientDecorator$1.execute(EurekaHttpClientDecorator.java:59)
	at com.netflix.discovery.shared.transport.decorator.SessionedEurekaHttpClient.execute(SessionedEurekaHttpClient.java:76)
	at com.netflix.discovery.shared.transport.decorator.EurekaHttpClientDecorator.register(EurekaHttpClientDecorator.java:56)
	at com.netflix.discovery.DiscoveryClient.register(DiscoveryClient.java:828)
	at com.netflix.discovery.InstanceInfoReplicator.run(InstanceInfoReplicator.java:125)
	at java.base/java.util.concurrent.Executors$RunnableAdapter.call(Executors.java:539)
	at java.base/java.util.concurrent.FutureTask.run(FutureTask.java:264)
	at java.base/java.util.concurrent.ScheduledThreadPoolExecutor$ScheduledFutureTask.run(ScheduledThreadPoolExecutor.java:304)
	at java.base/java.util.concurrent.ThreadPoolExecutor.runWorker(ThreadPoolExecutor.java:1136)
	at java.base/java.util.concurrent.ThreadPoolExecutor$Worker.run(ThreadPoolExecutor.java:635)
	at java.base/java.lang.Thread.run(Thread.java:842)

2026-10-01 23:47:40.157  WARN [notification-service] [traceId=NO_TRACE] [tenantId=default] [beatExecutor-%d] c.n.d.s.t.d.RetryableEurekaHttpClient    : Request execution failed with message: I/O error on PUT request for "http://localhost:8761/eureka/apps/NOTIFICATION-SERVICE/192.168.1.2:notification-service:8084": Connect to http://localhost:8761 [localhost/127.0.0.1, localhost/0:0:0:0:0:0:0:1] failed: Connection refused: no further information
2026-10-01 23:47:40.157  WARN [notification-service] [traceId=NO_TRACE] [tenantId=default] [reshExecutor-%d] c.n.d.s.t.d.RetryableEurekaHttpClient    : Request execution failed with message: I/O error on GET request for "http://localhost:8761/eureka/apps/": Connect to http://localhost:8761 [localhost/127.0.0.1, localhost/0:0:0:0:0:0:0:1] failed: Connection refused: no further information
2026-10-01 23:47:40.157 ERROR [notification-service] [traceId=NO_TRACE] [tenantId=default] [beatExecutor-%d] com.netflix.discovery.DiscoveryClient    : DiscoveryClient_NOTIFICATION-SERVICE/192.168.1.2:notification-service:8084 - was unable to send heartbeat!

com.netflix.discovery.shared.transport.TransportException: Cannot execute request on any known server
	at com.netflix.discovery.shared.transport.decorator.RetryableEurekaHttpClient.execute(RetryableEurekaHttpClient.java:112)
	at com.netflix.discovery.shared.transport.decorator.EurekaHttpClientDecorator.sendHeartBeat(EurekaHttpClientDecorator.java:89)
	at com.netflix.discovery.shared.transport.decorator.EurekaHttpClientDecorator$3.execute(EurekaHttpClientDecorator.java:92)
	at com.netflix.discovery.shared.transport.decorator.SessionedEurekaHttpClient.execute(SessionedEurekaHttpClient.java:76)
	at com.netflix.discovery.shared.transport.decorator.EurekaHttpClientDecorator.sendHeartBeat(EurekaHttpClientDecorator.java:89)
	at com.netflix.discovery.DiscoveryClient.renew(DiscoveryClient.java:845)
	at com.netflix.discovery.DiscoveryClient$HeartbeatThread.run(DiscoveryClient.java:1402)
	at java.base/java.util.concurrent.Executors$RunnableAdapter.call(Executors.java:539)
	at java.base/java.util.concurrent.FutureTask.run(FutureTask.java:264)
	at java.base/java.util.concurrent.ThreadPoolExecutor.runWorker(ThreadPoolExecutor.java:1136)
	at java.base/java.util.concurrent.ThreadPoolExecutor$Worker.run(ThreadPoolExecutor.java:635)
	at java.base/java.lang.Thread.run(Thread.java:842)

2026-10-01 23:47:40.169  WARN [notification-service] [traceId=NO_TRACE] [tenantId=default] [foReplicator-%d] c.n.d.s.t.d.RetryableEurekaHttpClient    : Request execution failed with message: I/O error on POST request for "http://localhost:8761/eureka/apps/NOTIFICATION-SERVICE": Connect to http://localhost:8761 [localhost/127.0.0.1, localhost/0:0:0:0:0:0:0:1] failed: Connection refused: no further information
2026-10-01 23:47:40.170  WARN [notification-service] [traceId=NO_TRACE] [tenantId=default] [foReplicator-%d] com.netflix.discovery.DiscoveryClient    : DiscoveryClient_NOTIFICATION-SERVICE/192.168.1.2:notification-service:8084 - registration failed Cannot execute request on any known server

com.netflix.discovery.shared.transport.TransportException: Cannot execute request on any known server
	at com.netflix.discovery.shared.transport.decorator.RetryableEurekaHttpClient.execute(RetryableEurekaHttpClient.java:112)
	at com.netflix.discovery.shared.transport.decorator.EurekaHttpClientDecorator.register(EurekaHttpClientDecorator.java:56)
	at com.netflix.discovery.shared.transport.decorator.EurekaHttpClientDecorator$1.execute(EurekaHttpClientDecorator.java:59)
	at com.netflix.discovery.shared.transport.decorator.SessionedEurekaHttpClient.execute(SessionedEurekaHttpClient.java:76)
	at com.netflix.discovery.shared.transport.decorator.EurekaHttpClientDecorator.register(EurekaHttpClientDecorator.java:56)
	at com.netflix.discovery.DiscoveryClient.register(DiscoveryClient.java:828)
	at com.netflix.discovery.InstanceInfoReplicator.run(InstanceInfoReplicator.java:125)
	at java.base/java.util.concurrent.Executors$RunnableAdapter.call(Executors.java:539)
	at java.base/java.util.concurrent.FutureTask.run(FutureTask.java:264)
	at java.base/java.util.concurrent.ScheduledThreadPoolExecutor$ScheduledFutureTask.run(ScheduledThreadPoolExecutor.java:304)
	at java.base/java.util.concurrent.ThreadPoolExecutor.runWorker(ThreadPoolExecutor.java:1136)
	at java.base/java.util.concurrent.ThreadPoolExecutor$Worker.run(ThreadPoolExecutor.java:635)
	at java.base/java.lang.Thread.run(Thread.java:842)

2026-10-01 23:47:40.170  WARN [notification-service] [traceId=NO_TRACE] [tenantId=default] [foReplicator-%d] c.n.discovery.InstanceInfoReplicator     : There was a problem with the instance info replicator

com.netflix.discovery.shared.transport.TransportException: Cannot execute request on any known server
	at com.netflix.discovery.shared.transport.decorator.RetryableEurekaHttpClient.execute(RetryableEurekaHttpClient.java:112)
	at com.netflix.discovery.shared.transport.decorator.EurekaHttpClientDecorator.register(EurekaHttpClientDecorator.java:56)
	at com.netflix.discovery.shared.transport.decorator.EurekaHttpClientDecorator$1.execute(EurekaHttpClientDecorator.java:59)
	at com.netflix.discovery.shared.transport.decorator.SessionedEurekaHttpClient.execute(SessionedEurekaHttpClient.java:76)
	at com.netflix.discovery.shared.transport.decorator.EurekaHttpClientDecorator.register(EurekaHttpClientDecorator.java:56)
	at com.netflix.discovery.DiscoveryClient.register(DiscoveryClient.java:828)
	at com.netflix.discovery.InstanceInfoReplicator.run(InstanceInfoReplicator.java:125)
	at java.base/java.util.concurrent.Executors$RunnableAdapter.call(Executors.java:539)
	at java.base/java.util.concurrent.FutureTask.run(FutureTask.java:264)
	at java.base/java.util.concurrent.ScheduledThreadPoolExecutor$ScheduledFutureTask.run(ScheduledThreadPoolExecutor.java:304)
	at java.base/java.util.concurrent.ThreadPoolExecutor.runWorker(ThreadPoolExecutor.java:1136)
	at java.base/java.util.concurrent.ThreadPoolExecutor$Worker.run(ThreadPoolExecutor.java:635)
	at java.base/java.lang.Thread.run(Thread.java:842)

