2026-09-26 14:24:14.352  INFO [api-gateway] [traceId=NO_TRACE] [tenantId=default] [           main] c.liochio.gateway.ApiGatewayApplication  : Starting ApiGatewayApplication using Java 17.0.17 with PID 29052 (E:\Github\Back-end\Microservice\SpringBoot\api-gateway\target\classes started by Liochio in E:\Github\Back-end\Microservice)
2026-09-26 14:24:14.355 DEBUG [api-gateway] [traceId=NO_TRACE] [tenantId=default] [           main] c.liochio.gateway.ApiGatewayApplication  : Running with Spring Boot v3.4.3, Spring v6.2.3
2026-09-26 14:24:14.356  INFO [api-gateway] [traceId=NO_TRACE] [tenantId=default] [           main] c.liochio.gateway.ApiGatewayApplication  : No active profile set, falling back to 1 default profile: "default"
2026-09-26 14:24:16.605  INFO [api-gateway] [traceId=NO_TRACE] [tenantId=default] [           main] .s.d.r.c.RepositoryConfigurationDelegate : Multiple Spring Data modules found, entering strict repository configuration mode
2026-09-26 14:24:16.608  INFO [api-gateway] [traceId=NO_TRACE] [tenantId=default] [           main] .s.d.r.c.RepositoryConfigurationDelegate : Bootstrapping Spring Data Redis repositories in DEFAULT mode.
2026-09-26 14:24:16.683  INFO [api-gateway] [traceId=NO_TRACE] [tenantId=default] [           main] .s.d.r.c.RepositoryConfigurationDelegate : Finished Spring Data repository scanning in 15 ms. Found 0 Redis repository interfaces.
2026-09-26 14:24:17.203  INFO [api-gateway] [traceId=NO_TRACE] [tenantId=default] [           main] o.s.cloud.context.scope.GenericScope     : BeanFactory id=eba7c129-4835-3c2d-8192-08d3f9a53c10
2026-09-26 14:24:18.478  INFO [api-gateway] [traceId=NO_TRACE] [tenantId=default] [           main] c.l.g.f.JwtAuthenticationGatewayFilter   : [GatewayAuthFilter] Loaded RSA Public Key successfully from classpath:certs/rsa-public.pem
2026-09-26 14:24:20.107  INFO [api-gateway] [traceId=NO_TRACE] [tenantId=default] [           main] o.s.cloud.commons.util.InetUtils         : Cannot determine local hostname
2026-09-26 14:24:21.198  INFO [api-gateway] [traceId=NO_TRACE] [tenantId=default] [           main] o.s.cloud.commons.util.InetUtils         : Cannot determine local hostname
2026-09-26 14:24:22.128  INFO [api-gateway] [traceId=NO_TRACE] [tenantId=default] [           main] o.s.c.g.r.RouteDefinitionRouteLocator    : Loaded RoutePredicateFactory [After]
2026-09-26 14:24:22.129  INFO [api-gateway] [traceId=NO_TRACE] [tenantId=default] [           main] o.s.c.g.r.RouteDefinitionRouteLocator    : Loaded RoutePredicateFactory [Before]
2026-09-26 14:24:22.130  INFO [api-gateway] [traceId=NO_TRACE] [tenantId=default] [           main] o.s.c.g.r.RouteDefinitionRouteLocator    : Loaded RoutePredicateFactory [Between]
2026-09-26 14:24:22.135  INFO [api-gateway] [traceId=NO_TRACE] [tenantId=default] [           main] o.s.c.g.r.RouteDefinitionRouteLocator    : Loaded RoutePredicateFactory [Cookie]
2026-09-26 14:24:22.138  INFO [api-gateway] [traceId=NO_TRACE] [tenantId=default] [           main] o.s.c.g.r.RouteDefinitionRouteLocator    : Loaded RoutePredicateFactory [Header]
2026-09-26 14:24:22.140  INFO [api-gateway] [traceId=NO_TRACE] [tenantId=default] [           main] o.s.c.g.r.RouteDefinitionRouteLocator    : Loaded RoutePredicateFactory [Host]
2026-09-26 14:24:22.144  INFO [api-gateway] [traceId=NO_TRACE] [tenantId=default] [           main] o.s.c.g.r.RouteDefinitionRouteLocator    : Loaded RoutePredicateFactory [Method]
2026-09-26 14:24:22.146  INFO [api-gateway] [traceId=NO_TRACE] [tenantId=default] [           main] o.s.c.g.r.RouteDefinitionRouteLocator    : Loaded RoutePredicateFactory [Path]
2026-09-26 14:24:22.146  INFO [api-gateway] [traceId=NO_TRACE] [tenantId=default] [           main] o.s.c.g.r.RouteDefinitionRouteLocator    : Loaded RoutePredicateFactory [Query]
2026-09-26 14:24:22.148  INFO [api-gateway] [traceId=NO_TRACE] [tenantId=default] [           main] o.s.c.g.r.RouteDefinitionRouteLocator    : Loaded RoutePredicateFactory [ReadBody]
2026-09-26 14:24:22.149  INFO [api-gateway] [traceId=NO_TRACE] [tenantId=default] [           main] o.s.c.g.r.RouteDefinitionRouteLocator    : Loaded RoutePredicateFactory [RemoteAddr]
2026-09-26 14:24:22.150  INFO [api-gateway] [traceId=NO_TRACE] [tenantId=default] [           main] o.s.c.g.r.RouteDefinitionRouteLocator    : Loaded RoutePredicateFactory [XForwardedRemoteAddr]
2026-09-26 14:24:22.150  INFO [api-gateway] [traceId=NO_TRACE] [tenantId=default] [           main] o.s.c.g.r.RouteDefinitionRouteLocator    : Loaded RoutePredicateFactory [Weight]
2026-09-26 14:24:22.150  INFO [api-gateway] [traceId=NO_TRACE] [tenantId=default] [           main] o.s.c.g.r.RouteDefinitionRouteLocator    : Loaded RoutePredicateFactory [CloudFoundryRouteService]
2026-09-26 14:24:23.718  INFO [api-gateway] [traceId=NO_TRACE] [tenantId=default] [           main] o.s.cloud.commons.util.InetUtils         : Cannot determine local hostname
2026-09-26 14:24:23.755  INFO [api-gateway] [traceId=NO_TRACE] [tenantId=default] [           main] DiscoveryClientOptionalArgsConfiguration : Eureka HTTP Client uses RestTemplate.
2026-09-26 14:24:24.006  WARN [api-gateway] [traceId=NO_TRACE] [tenantId=default] [           main] iguration$LoadBalancerCaffeineWarnLogger : Spring Cloud LoadBalancer is currently working with the default cache. While this cache implementation is useful for development and tests, it's recommended to use Caffeine cache in production.You can switch to using Caffeine cache, by adding it and org.springframework.cache.caffeine.CaffeineCacheManager to the classpath.
2026-09-26 14:24:24.148  INFO [api-gateway] [traceId=NO_TRACE] [tenantId=default] [           main] o.s.c.n.eureka.InstanceInfoFactory       : Setting initial instance status as: STARTING
2026-09-26 14:24:24.952  WARN [api-gateway] [traceId=NO_TRACE] [tenantId=default] [           main] c.n.d.s.t.d.RetryableEurekaHttpClient    : Request execution failed with message: I/O error on GET request for "http://localhost:8761/eureka/apps/": Connect to http://localhost:8761 [localhost/127.0.0.1, localhost/0:0:0:0:0:0:0:1] failed: Connection refused: no further information
2026-09-26 14:24:24.953  WARN [api-gateway] [traceId=NO_TRACE] [tenantId=default] [           main] com.netflix.discovery.DiscoveryClient    : Using default backup registry implementation which does not do anything.
2026-09-26 14:24:24.962  INFO [api-gateway] [traceId=NO_TRACE] [tenantId=default] [           main] o.s.c.n.e.s.EurekaServiceRegistry        : Registering application API-GATEWAY with eureka with status UP
2026-09-26 14:24:25.162  WARN [api-gateway] [traceId=NO_TRACE] [tenantId=default] [foReplicator-%d] c.n.d.s.t.d.RetryableEurekaHttpClient    : Request execution failed with message: I/O error on POST request for "http://localhost:8761/eureka/apps/API-GATEWAY": Connect to http://localhost:8761 [localhost/127.0.0.1, localhost/0:0:0:0:0:0:0:1] failed: Connection refused: no further information
2026-09-26 14:24:25.162  WARN [api-gateway] [traceId=NO_TRACE] [tenantId=default] [foReplicator-%d] com.netflix.discovery.DiscoveryClient    : DiscoveryClient_API-GATEWAY/localhost:api-gateway:8080 - registration failed Cannot execute request on any known server

com.netflix.discovery.shared.transport.TransportException: Cannot execute request on any known server
	at com.netflix.discovery.shared.transport.decorator.RetryableEurekaHttpClient.execute(RetryableEurekaHttpClient.java:112)
	at com.netflix.discovery.shared.transport.decorator.EurekaHttpClientDecorator.register(EurekaHttpClientDecorator.java:56)
	at com.netflix.discovery.shared.transport.decorator.EurekaHttpClientDecorator$1.execute(EurekaHttpClientDecorator.java:59)
	at com.netflix.discovery.shared.transport.decorator.SessionedEurekaHttpClient.execute(SessionedEurekaHttpClient.java:76)
	at com.netflix.discovery.shared.transport.decorator.EurekaHttpClientDecorator.register(EurekaHttpClientDecorator.java:56)
	at com.netflix.discovery.DiscoveryClient.register(DiscoveryClient.java:828)
	at com.netflix.discovery.InstanceInfoReplicator.run(InstanceInfoReplicator.java:125)
	at com.netflix.discovery.InstanceInfoReplicator$2.run(InstanceInfoReplicator.java:105)
	at java.base/java.util.concurrent.Executors$RunnableAdapter.call(Executors.java:539)
	at java.base/java.util.concurrent.FutureTask.run(FutureTask.java:264)
	at java.base/java.util.concurrent.ScheduledThreadPoolExecutor$ScheduledFutureTask.run(ScheduledThreadPoolExecutor.java:304)
	at java.base/java.util.concurrent.ThreadPoolExecutor.runWorker(ThreadPoolExecutor.java:1136)
	at java.base/java.util.concurrent.ThreadPoolExecutor$Worker.run(ThreadPoolExecutor.java:635)
	at java.base/java.lang.Thread.run(Thread.java:842)

2026-09-26 14:24:25.167  WARN [api-gateway] [traceId=NO_TRACE] [tenantId=default] [foReplicator-%d] c.n.discovery.InstanceInfoReplicator     : There was a problem with the instance info replicator

com.netflix.discovery.shared.transport.TransportException: Cannot execute request on any known server
	at com.netflix.discovery.shared.transport.decorator.RetryableEurekaHttpClient.execute(RetryableEurekaHttpClient.java:112)
	at com.netflix.discovery.shared.transport.decorator.EurekaHttpClientDecorator.register(EurekaHttpClientDecorator.java:56)
	at com.netflix.discovery.shared.transport.decorator.EurekaHttpClientDecorator$1.execute(EurekaHttpClientDecorator.java:59)
	at com.netflix.discovery.shared.transport.decorator.SessionedEurekaHttpClient.execute(SessionedEurekaHttpClient.java:76)
	at com.netflix.discovery.shared.transport.decorator.EurekaHttpClientDecorator.register(EurekaHttpClientDecorator.java:56)
	at com.netflix.discovery.DiscoveryClient.register(DiscoveryClient.java:828)
	at com.netflix.discovery.InstanceInfoReplicator.run(InstanceInfoReplicator.java:125)
	at com.netflix.discovery.InstanceInfoReplicator$2.run(InstanceInfoReplicator.java:105)
	at java.base/java.util.concurrent.Executors$RunnableAdapter.call(Executors.java:539)
	at java.base/java.util.concurrent.FutureTask.run(FutureTask.java:264)
	at java.base/java.util.concurrent.ScheduledThreadPoolExecutor$ScheduledFutureTask.run(ScheduledThreadPoolExecutor.java:304)
	at java.base/java.util.concurrent.ThreadPoolExecutor.runWorker(ThreadPoolExecutor.java:1136)
	at java.base/java.util.concurrent.ThreadPoolExecutor$Worker.run(ThreadPoolExecutor.java:635)
	at java.base/java.lang.Thread.run(Thread.java:842)

2026-09-26 14:24:25.429  INFO [api-gateway] [traceId=NO_TRACE] [tenantId=default] [           main] o.s.b.web.embedded.netty.NettyWebServer  : Netty started on port 8080 (http)
2026-09-26 14:24:25.433  INFO [api-gateway] [traceId=NO_TRACE] [tenantId=default] [           main] .s.c.n.e.s.EurekaAutoServiceRegistration : Updating port to 8080
2026-09-26 14:24:26.487  INFO [api-gateway] [traceId=NO_TRACE] [tenantId=default] [           main] o.s.cloud.commons.util.InetUtils         : Cannot determine local hostname
2026-09-26 14:24:27.565  INFO [api-gateway] [traceId=NO_TRACE] [tenantId=default] [           main] o.s.cloud.commons.util.InetUtils         : Cannot determine local hostname
2026-09-26 14:24:27.675  INFO [api-gateway] [traceId=NO_TRACE] [tenantId=default] [           main] c.liochio.gateway.ApiGatewayApplication  : Started ApiGatewayApplication in 15.988 seconds (process running for 17.253)
2026-09-26 14:26:23.299  INFO [payment-service] [traceId=NO_TRACE] [tenantId=default] [           main] c.l.payment.PaymentServiceApplication    : Starting PaymentServiceApplication using Java 17.0.17 with PID 30640 (E:\Github\Back-end\Microservice\SpringBoot\payment-service\target\classes started by Liochio in E:\Github\Back-end\Microservice)
2026-09-26 14:26:23.305 DEBUG [payment-service] [traceId=NO_TRACE] [tenantId=default] [           main] c.l.payment.PaymentServiceApplication    : Running with Spring Boot v3.4.3, Spring v6.2.3
2026-09-26 14:26:23.306  INFO [payment-service] [traceId=NO_TRACE] [tenantId=default] [           main] c.l.payment.PaymentServiceApplication    : No active profile set, falling back to 1 default profile: "default"
2026-09-26 14:26:23.427  INFO [payment-service] [traceId=NO_TRACE] [tenantId=default] [           main] o.s.c.c.c.ConfigServerConfigDataLoader   : Fetching config from server at : http://localhost:8888/
2026-09-26 14:26:23.429  WARN [payment-service] [traceId=NO_TRACE] [tenantId=default] [           main] o.s.c.c.c.ConfigServerConfigDataLoader   : Could not locate PropertySource ([ConfigServerConfigDataResource@72efb5c1 uris = array<String>['http://localhost:8888/'], optional = true, profiles = 'default']): 401  on GET request for "http://localhost:8888/payment-service/default": [no body]
2026-09-26 14:26:23.430  INFO [payment-service] [traceId=NO_TRACE] [tenantId=default] [           main] o.s.c.c.c.ConfigServerConfigDataLoader   : Fetching config from server at : http://localhost:8888/
2026-09-26 14:26:23.430  WARN [payment-service] [traceId=NO_TRACE] [tenantId=default] [           main] o.s.c.c.c.ConfigServerConfigDataLoader   : Could not locate PropertySource ([ConfigServerConfigDataResource@70e29e14 uris = array<String>['http://localhost:8888/'], optional = true, profiles = 'default']): 401  on GET request for "http://localhost:8888/payment-service/default": [no body]
2026-09-26 14:26:23.431  INFO [payment-service] [traceId=NO_TRACE] [tenantId=default] [           main] o.s.c.c.c.ConfigServerConfigDataLoader   : Fetching config from server at : http://localhost:8888/
2026-09-26 14:26:23.435  WARN [payment-service] [traceId=NO_TRACE] [tenantId=default] [           main] o.s.c.c.c.ConfigServerConfigDataLoader   : Could not locate PropertySource ([ConfigServerConfigDataResource@3b1bb3ab uris = array<String>['http://localhost:8888/'], optional = true, profiles = 'default']): 401  on GET request for "http://localhost:8888/payment-service/default": [no body]
2026-09-26 14:26:26.043  INFO [payment-service] [traceId=NO_TRACE] [tenantId=default] [           main] .s.d.r.c.RepositoryConfigurationDelegate : Multiple Spring Data modules found, entering strict repository configuration mode
2026-09-26 14:26:26.044  INFO [payment-service] [traceId=NO_TRACE] [tenantId=default] [           main] .s.d.r.c.RepositoryConfigurationDelegate : Bootstrapping Spring Data JPA repositories in DEFAULT mode.
2026-09-26 14:26:26.689  INFO [payment-service] [traceId=NO_TRACE] [tenantId=default] [           main] .s.d.r.c.RepositoryConfigurationDelegate : Finished Spring Data repository scanning in 592 ms. Found 11 JPA repository interfaces.
2026-09-26 14:26:27.913  INFO [payment-service] [traceId=NO_TRACE] [tenantId=default] [           main] .s.d.r.c.RepositoryConfigurationDelegate : Multiple Spring Data modules found, entering strict repository configuration mode
2026-09-26 14:26:27.917  INFO [payment-service] [traceId=NO_TRACE] [tenantId=default] [           main] .s.d.r.c.RepositoryConfigurationDelegate : Bootstrapping Spring Data Redis repositories in DEFAULT mode.
2026-09-26 14:26:27.967  INFO [payment-service] [traceId=NO_TRACE] [tenantId=default] [           main] .RepositoryConfigurationExtensionSupport : Spring Data Redis - Could not safely identify store assignment for repository candidate interface com.liochio.payment.repository.BookingRepository; If you want this repository to be a Redis repository, consider annotating your entities with one of these annotations: org.springframework.data.redis.core.RedisHash (preferred), or consider extending one of the following types with your repository: org.springframework.data.keyvalue.repository.KeyValueRepository
2026-09-26 14:26:27.969  INFO [payment-service] [traceId=NO_TRACE] [tenantId=default] [           main] .RepositoryConfigurationExtensionSupport : Spring Data Redis - Could not safely identify store assignment for repository candidate interface com.liochio.payment.repository.PaymentIdempotencyKeyRepository; If you want this repository to be a Redis repository, consider annotating your entities with one of these annotations: org.springframework.data.redis.core.RedisHash (preferred), or consider extending one of the following types with your repository: org.springframework.data.keyvalue.repository.KeyValueRepository
2026-09-26 14:26:27.969  INFO [payment-service] [traceId=NO_TRACE] [tenantId=default] [           main] .RepositoryConfigurationExtensionSupport : Spring Data Redis - Could not safely identify store assignment for repository candidate interface com.liochio.payment.repository.PaymentOrderRepository; If you want this repository to be a Redis repository, consider annotating your entities with one of these annotations: org.springframework.data.redis.core.RedisHash (preferred), or consider extending one of the following types with your repository: org.springframework.data.keyvalue.repository.KeyValueRepository
2026-09-26 14:26:27.970  INFO [payment-service] [traceId=NO_TRACE] [tenantId=default] [           main] .RepositoryConfigurationExtensionSupport : Spring Data Redis - Could not safely identify store assignment for repository candidate interface com.liochio.payment.repository.PaymentTransactionRepository; If you want this repository to be a Redis repository, consider annotating your entities with one of these annotations: org.springframework.data.redis.core.RedisHash (preferred), or consider extending one of the following types with your repository: org.springframework.data.keyvalue.repository.KeyValueRepository
2026-09-26 14:26:27.971  INFO [payment-service] [traceId=NO_TRACE] [tenantId=default] [           main] .RepositoryConfigurationExtensionSupport : Spring Data Redis - Could not safely identify store assignment for repository candidate interface com.liochio.payment.repository.TenantPaymentConfigRepository; If you want this repository to be a Redis repository, consider annotating your entities with one of these annotations: org.springframework.data.redis.core.RedisHash (preferred), or consider extending one of the following types with your repository: org.springframework.data.keyvalue.repository.KeyValueRepository
2026-09-26 14:26:27.971  INFO [payment-service] [traceId=NO_TRACE] [tenantId=default] [           main] .s.d.r.c.RepositoryConfigurationDelegate : Finished Spring Data repository scanning in 32 ms. Found 0 Redis repository interfaces.
2026-09-26 14:26:29.674  INFO [payment-service] [traceId=NO_TRACE] [tenantId=default] [           main] o.s.cloud.context.scope.GenericScope     : BeanFactory id=19e93583-f91b-35d1-8c4b-052c9c56befe
2026-09-26 14:26:33.483  INFO [payment-service] [traceId=NO_TRACE] [tenantId=default] [           main] o.s.b.w.embedded.tomcat.TomcatWebServer  : Tomcat initialized with port 8083 (http)
2026-09-26 14:26:33.548  INFO [payment-service] [traceId=NO_TRACE] [tenantId=default] [           main] o.apache.catalina.core.StandardService   : Starting service [Tomcat]
2026-09-26 14:26:33.548  INFO [payment-service] [traceId=NO_TRACE] [tenantId=default] [           main] o.apache.catalina.core.StandardEngine    : Starting Servlet engine: [Apache Tomcat/10.1.36]
2026-09-26 14:26:33.697  INFO [payment-service] [traceId=NO_TRACE] [tenantId=default] [           main] o.a.c.c.C.[Tomcat].[localhost].[/]       : Initializing Spring embedded WebApplicationContext
2026-09-26 14:26:33.699  INFO [payment-service] [traceId=NO_TRACE] [tenantId=default] [           main] w.s.c.ServletWebServerApplicationContext : Root WebApplicationContext: initialization completed in 10257 ms
2026-09-26 14:26:34.644  INFO [payment-service] [traceId=NO_TRACE] [tenantId=default] [           main] com.zaxxer.hikari.HikariDataSource       : HikariPool-1 - Starting...
2026-09-26 14:26:35.080  INFO [payment-service] [traceId=NO_TRACE] [tenantId=default] [           main] com.zaxxer.hikari.pool.HikariPool        : HikariPool-1 - Added connection com.mysql.cj.jdbc.ConnectionImpl@745c8a04
2026-09-26 14:26:35.083  INFO [payment-service] [traceId=NO_TRACE] [tenantId=default] [           main] com.zaxxer.hikari.HikariDataSource       : HikariPool-1 - Start completed.
2026-09-26 14:26:35.191  INFO [payment-service] [traceId=NO_TRACE] [tenantId=default] [           main] org.flywaydb.core.FlywayExecutor         : Database: jdbc:mysql://localhost:3306/liochio_app_db?useSSL=false&serverTimezone=UTC&allowPublicKeyRetrieval=true&createDatabaseIfNotExist=true&characterEncoding=UTF-8 (MySQL 8.0)
2026-09-26 14:26:35.364  INFO [payment-service] [traceId=NO_TRACE] [tenantId=default] [           main] o.f.core.internal.command.DbValidate     : Successfully validated 5 migrations (execution time 00:00.130s)
2026-09-26 14:26:35.389  INFO [payment-service] [traceId=NO_TRACE] [tenantId=default] [           main] o.f.core.internal.command.DbMigrate      : Current version of schema `liochio_app_db`: 4
2026-09-26 14:26:35.395  INFO [payment-service] [traceId=NO_TRACE] [tenantId=default] [           main] o.f.core.internal.command.DbMigrate      : Schema `liochio_app_db` is up to date. No migration necessary.
2026-09-26 14:26:36.009  INFO [payment-service] [traceId=NO_TRACE] [tenantId=default] [           main] o.hibernate.jpa.internal.util.LogHelper  : HHH000204: Processing PersistenceUnitInfo [name: default]
2026-09-26 14:26:36.213  INFO [payment-service] [traceId=NO_TRACE] [tenantId=default] [           main] org.hibernate.Version                    : HHH000412: Hibernate ORM core version 6.6.8.Final
2026-09-26 14:26:36.326  INFO [payment-service] [traceId=NO_TRACE] [tenantId=default] [           main] o.h.c.internal.RegionFactoryInitiator    : HHH000026: Second-level cache disabled
2026-09-26 14:26:37.287  INFO [payment-service] [traceId=NO_TRACE] [tenantId=default] [           main] o.s.o.j.p.SpringPersistenceUnitInfo      : No LoadTimeWeaver setup: ignoring JPA class transformer
2026-09-26 14:26:37.477  WARN [payment-service] [traceId=NO_TRACE] [tenantId=default] [           main] org.hibernate.orm.deprecation            : HHH90000025: MySQLDialect does not need to be specified explicitly using 'hibernate.dialect' (remove the property setting and it will be selected by default)
2026-09-26 14:26:37.541  INFO [payment-service] [traceId=NO_TRACE] [tenantId=default] [           main] org.hibernate.orm.connections.pooling    : HHH10001005: Database info:
	Database JDBC URL [Connecting through datasource 'HikariDataSource (HikariPool-1)']
	Database driver: undefined/unknown
	Database version: 8.0.33
	Autocommit mode: undefined/unknown
	Isolation level: undefined/unknown
	Minimum pool size: undefined/unknown
	Maximum pool size: undefined/unknown
2026-09-26 14:26:43.044  INFO [payment-service] [traceId=NO_TRACE] [tenantId=default] [           main] o.h.e.t.j.p.i.JtaPlatformInitiator       : HHH000489: No JTA platform available (set 'hibernate.transaction.jta.platform' to enable JTA platform integration)
2026-09-26 14:26:43.065  INFO [payment-service] [traceId=NO_TRACE] [tenantId=default] [           main] j.LocalContainerEntityManagerFactoryBean : Initialized JPA EntityManagerFactory for persistence unit 'default'
2026-09-26 14:26:44.679  INFO [payment-service] [traceId=NO_TRACE] [tenantId=default] [           main] com.liochio.common.security.JwtUtils     : [JwtUtils] Loaded RSA Private Key successfully from classpath:certs/rsa-private.pem
2026-09-26 14:26:44.696  INFO [payment-service] [traceId=NO_TRACE] [tenantId=default] [           main] com.liochio.common.security.JwtUtils     : [JwtUtils] Loaded RSA Public Key successfully from classpath:certs/rsa-public.pem
2026-09-26 14:26:47.219 DEBUG [payment-service] [traceId=NO_TRACE] [tenantId=default] [           main] c.l.c.security.JwtAuthenticationFilter   : Filter 'jwtAuthenticationFilter' configured for use
2026-09-26 14:26:47.219 DEBUG [payment-service] [traceId=NO_TRACE] [tenantId=default] [           main] c.liochio.common.filter.MdcTraceFilter   : Filter 'mdcTraceFilter' configured for use
2026-09-26 14:26:47.220 DEBUG [payment-service] [traceId=NO_TRACE] [tenantId=default] [           main] com.liochio.common.filter.TenantFilter   : Filter 'tenantFilter' configured for use
2026-09-26 14:26:47.220 DEBUG [payment-service] [traceId=NO_TRACE] [tenantId=default] [           main] c.l.c.security.RestCacheControlFilter    : Filter 'restCacheControlFilter' configured for use
2026-09-26 14:26:47.221 DEBUG [payment-service] [traceId=NO_TRACE] [tenantId=default] [           main] c.l.common.filter.AuditLoggingFilter     : Filter 'auditLoggingFilter' configured for use
2026-09-26 14:26:47.821  INFO [payment-service] [traceId=NO_TRACE] [tenantId=default] [           main] o.s.d.j.r.query.QueryEnhancerFactory     : Hibernate is in classpath; If applicable, HQL parser will be used.
2026-09-26 14:26:51.957  WARN [payment-service] [traceId=NO_TRACE] [tenantId=default] [           main] .s.s.UserDetailsServiceAutoConfiguration : 

Using generated security password: 613617c7-f183-4581-ac45-4997d91a3493

This generated password is for development use only. Your security configuration must be updated before running your application in production.

2026-09-26 14:26:51.985  INFO [payment-service] [traceId=NO_TRACE] [tenantId=default] [           main] r$InitializeUserDetailsManagerConfigurer : Global AuthenticationManager configured with UserDetailsService bean with name inMemoryUserDetailsManager
2026-09-26 14:26:56.376  INFO [entity-service] [traceId=NO_TRACE] [tenantId=default] [           main] c.l.e.EntityServiceApplication           : Starting EntityServiceApplication using Java 17.0.17 with PID 20916 (E:\Github\Back-end\Microservice\SpringBoot\entity-service\target\classes started by Liochio in E:\Github\Back-end\Microservice)
2026-09-26 14:26:56.400 DEBUG [entity-service] [traceId=NO_TRACE] [tenantId=default] [           main] c.l.e.EntityServiceApplication           : Running with Spring Boot v3.4.3, Spring v6.2.3
2026-09-26 14:26:56.402  INFO [entity-service] [traceId=NO_TRACE] [tenantId=default] [           main] c.l.e.EntityServiceApplication           : No active profile set, falling back to 1 default profile: "default"
2026-09-26 14:26:56.630  INFO [entity-service] [traceId=NO_TRACE] [tenantId=default] [           main] o.s.c.c.c.ConfigServerConfigDataLoader   : Fetching config from server at : http://localhost:8888/
2026-09-26 14:26:56.631  WARN [entity-service] [traceId=NO_TRACE] [tenantId=default] [           main] o.s.c.c.c.ConfigServerConfigDataLoader   : Could not locate PropertySource ([ConfigServerConfigDataResource@28c0b664 uris = array<String>['http://localhost:8888/'], optional = true, profiles = 'default']): 401  on GET request for "http://localhost:8888/entity-service/default": [no body]
2026-09-26 14:26:56.632  INFO [entity-service] [traceId=NO_TRACE] [tenantId=default] [           main] o.s.c.c.c.ConfigServerConfigDataLoader   : Fetching config from server at : http://localhost:8888/
2026-09-26 14:26:56.633  WARN [entity-service] [traceId=NO_TRACE] [tenantId=default] [           main] o.s.c.c.c.ConfigServerConfigDataLoader   : Could not locate PropertySource ([ConfigServerConfigDataResource@7bdf6bb7 uris = array<String>['http://localhost:8888/'], optional = true, profiles = 'default']): 401  on GET request for "http://localhost:8888/entity-service/default": [no body]
2026-09-26 14:26:56.634  INFO [entity-service] [traceId=NO_TRACE] [tenantId=default] [           main] o.s.c.c.c.ConfigServerConfigDataLoader   : Fetching config from server at : http://localhost:8888/
2026-09-26 14:26:56.635  WARN [entity-service] [traceId=NO_TRACE] [tenantId=default] [           main] o.s.c.c.c.ConfigServerConfigDataLoader   : Could not locate PropertySource ([ConfigServerConfigDataResource@1bc53649 uris = array<String>['http://localhost:8888/'], optional = true, profiles = 'default']): 401  on GET request for "http://localhost:8888/entity-service/default": [no body]
2026-09-26 14:26:58.893  INFO [entity-service] [traceId=NO_TRACE] [tenantId=default] [           main] .s.d.r.c.RepositoryConfigurationDelegate : Multiple Spring Data modules found, entering strict repository configuration mode
2026-09-26 14:26:58.895  INFO [entity-service] [traceId=NO_TRACE] [tenantId=default] [           main] .s.d.r.c.RepositoryConfigurationDelegate : Bootstrapping Spring Data JPA repositories in DEFAULT mode.
2026-09-26 14:26:59.399  INFO [entity-service] [traceId=NO_TRACE] [tenantId=default] [           main] .s.d.r.c.RepositoryConfigurationDelegate : Finished Spring Data repository scanning in 481 ms. Found 22 JPA repository interfaces.
2026-09-26 14:26:59.867  INFO [payment-service] [traceId=NO_TRACE] [tenantId=default] [           main] o.s.cloud.commons.util.InetUtils         : Cannot determine local hostname
2026-09-26 14:27:00.220  INFO [entity-service] [traceId=NO_TRACE] [tenantId=default] [           main] .s.d.r.c.RepositoryConfigurationDelegate : Multiple Spring Data modules found, entering strict repository configuration mode
2026-09-26 14:27:00.222  INFO [entity-service] [traceId=NO_TRACE] [tenantId=default] [           main] .s.d.r.c.RepositoryConfigurationDelegate : Bootstrapping Spring Data Redis repositories in DEFAULT mode.
2026-09-26 14:27:00.264  INFO [entity-service] [traceId=NO_TRACE] [tenantId=default] [           main] .RepositoryConfigurationExtensionSupport : Spring Data Redis - Could not safely identify store assignment for repository candidate interface com.liochio.entityservice.repository.DynamicEntityRepository; If you want this repository to be a Redis repository, consider annotating your entities with one of these annotations: org.springframework.data.redis.core.RedisHash (preferred), or consider extending one of the following types with your repository: org.springframework.data.keyvalue.repository.KeyValueRepository
2026-09-26 14:27:00.266  INFO [entity-service] [traceId=NO_TRACE] [tenantId=default] [           main] .RepositoryConfigurationExtensionSupport : Spring Data Redis - Could not safely identify store assignment for repository candidate interface com.liochio.entityservice.repository.DynamicEntityRevisionRepository; If you want this repository to be a Redis repository, consider annotating your entities with one of these annotations: org.springframework.data.redis.core.RedisHash (preferred), or consider extending one of the following types with your repository: org.springframework.data.keyvalue.repository.KeyValueRepository
2026-09-26 14:27:00.266  INFO [entity-service] [traceId=NO_TRACE] [tenantId=default] [           main] .RepositoryConfigurationExtensionSupport : Spring Data Redis - Could not safely identify store assignment for repository candidate interface com.liochio.entityservice.repository.DynamicFieldDefinitionRepository; If you want this repository to be a Redis repository, consider annotating your entities with one of these annotations: org.springframework.data.redis.core.RedisHash (preferred), or consider extending one of the following types with your repository: org.springframework.data.keyvalue.repository.KeyValueRepository
2026-09-26 14:27:00.267  INFO [entity-service] [traceId=NO_TRACE] [tenantId=default] [           main] .RepositoryConfigurationExtensionSupport : Spring Data Redis - Could not safely identify store assignment for repository candidate interface com.liochio.entityservice.repository.EntityTypeRepository; If you want this repository to be a Redis repository, consider annotating your entities with one of these annotations: org.springframework.data.redis.core.RedisHash (preferred), or consider extending one of the following types with your repository: org.springframework.data.keyvalue.repository.KeyValueRepository
2026-09-26 14:27:00.267  INFO [entity-service] [traceId=NO_TRACE] [tenantId=default] [           main] .RepositoryConfigurationExtensionSupport : Spring Data Redis - Could not safely identify store assignment for repository candidate interface com.liochio.entityservice.repository.ExternalApiIntegrationRepository; If you want this repository to be a Redis repository, consider annotating your entities with one of these annotations: org.springframework.data.redis.core.RedisHash (preferred), or consider extending one of the following types with your repository: org.springframework.data.keyvalue.repository.KeyValueRepository
2026-09-26 14:27:00.267  INFO [entity-service] [traceId=NO_TRACE] [tenantId=default] [           main] .RepositoryConfigurationExtensionSupport : Spring Data Redis - Could not safely identify store assignment for repository candidate interface com.liochio.entityservice.repository.FormDefinitionRepository; If you want this repository to be a Redis repository, consider annotating your entities with one of these annotations: org.springframework.data.redis.core.RedisHash (preferred), or consider extending one of the following types with your repository: org.springframework.data.keyvalue.repository.KeyValueRepository
2026-09-26 14:27:00.267  INFO [entity-service] [traceId=NO_TRACE] [tenantId=default] [           main] .RepositoryConfigurationExtensionSupport : Spring Data Redis - Could not safely identify store assignment for repository candidate interface com.liochio.entityservice.repository.GlobalSystemConfigRepository; If you want this repository to be a Redis repository, consider annotating your entities with one of these annotations: org.springframework.data.redis.core.RedisHash (preferred), or consider extending one of the following types with your repository: org.springframework.data.keyvalue.repository.KeyValueRepository
2026-09-26 14:27:00.267  INFO [entity-service] [traceId=NO_TRACE] [tenantId=default] [           main] .RepositoryConfigurationExtensionSupport : Spring Data Redis - Could not safely identify store assignment for repository candidate interface com.liochio.entityservice.repository.I18nDictionaryRepository; If you want this repository to be a Redis repository, consider annotating your entities with one of these annotations: org.springframework.data.redis.core.RedisHash (preferred), or consider extending one of the following types with your repository: org.springframework.data.keyvalue.repository.KeyValueRepository
2026-09-26 14:27:00.269  INFO [entity-service] [traceId=NO_TRACE] [tenantId=default] [           main] .RepositoryConfigurationExtensionSupport : Spring Data Redis - Could not safely identify store assignment for repository candidate interface com.liochio.entityservice.repository.MasterMenuRepository; If you want this repository to be a Redis repository, consider annotating your entities with one of these annotations: org.springframework.data.redis.core.RedisHash (preferred), or consider extending one of the following types with your repository: org.springframework.data.keyvalue.repository.KeyValueRepository
2026-09-26 14:27:00.269  INFO [entity-service] [traceId=NO_TRACE] [tenantId=default] [           main] .RepositoryConfigurationExtensionSupport : Spring Data Redis - Could not safely identify store assignment for repository candidate interface com.liochio.entityservice.repository.MasterPermissionRepository; If you want this repository to be a Redis repository, consider annotating your entities with one of these annotations: org.springframework.data.redis.core.RedisHash (preferred), or consider extending one of the following types with your repository: org.springframework.data.keyvalue.repository.KeyValueRepository
2026-09-26 14:27:00.269  INFO [entity-service] [traceId=NO_TRACE] [tenantId=default] [           main] .RepositoryConfigurationExtensionSupport : Spring Data Redis - Could not safely identify store assignment for repository candidate interface com.liochio.entityservice.repository.MenuI18nRepository; If you want this repository to be a Redis repository, consider annotating your entities with one of these annotations: org.springframework.data.redis.core.RedisHash (preferred), or consider extending one of the following types with your repository: org.springframework.data.keyvalue.repository.KeyValueRepository
2026-09-26 14:27:00.270  INFO [entity-service] [traceId=NO_TRACE] [tenantId=default] [           main] .RepositoryConfigurationExtensionSupport : Spring Data Redis - Could not safely identify store assignment for repository candidate interface com.liochio.entityservice.repository.NavigationMenuRepository; If you want this repository to be a Redis repository, consider annotating your entities with one of these annotations: org.springframework.data.redis.core.RedisHash (preferred), or consider extending one of the following types with your repository: org.springframework.data.keyvalue.repository.KeyValueRepository
2026-09-26 14:27:00.271  INFO [entity-service] [traceId=NO_TRACE] [tenantId=default] [           main] .RepositoryConfigurationExtensionSupport : Spring Data Redis - Could not safely identify store assignment for repository candidate interface com.liochio.entityservice.repository.TenantConfigOverrideRepository; If you want this repository to be a Redis repository, consider annotating your entities with one of these annotations: org.springframework.data.redis.core.RedisHash (preferred), or consider extending one of the following types with your repository: org.springframework.data.keyvalue.repository.KeyValueRepository
2026-09-26 14:27:00.271  INFO [entity-service] [traceId=NO_TRACE] [tenantId=default] [           main] .RepositoryConfigurationExtensionSupport : Spring Data Redis - Could not safely identify store assignment for repository candidate interface com.liochio.entityservice.repository.TenantMenuRepository; If you want this repository to be a Redis repository, consider annotating your entities with one of these annotations: org.springframework.data.redis.core.RedisHash (preferred), or consider extending one of the following types with your repository: org.springframework.data.keyvalue.repository.KeyValueRepository
2026-09-26 14:27:00.271  INFO [entity-service] [traceId=NO_TRACE] [tenantId=default] [           main] .RepositoryConfigurationExtensionSupport : Spring Data Redis - Could not safely identify store assignment for repository candidate interface com.liochio.entityservice.repository.UiConfigurationRepository; If you want this repository to be a Redis repository, consider annotating your entities with one of these annotations: org.springframework.data.redis.core.RedisHash (preferred), or consider extending one of the following types with your repository: org.springframework.data.keyvalue.repository.KeyValueRepository
2026-09-26 14:27:00.272  INFO [entity-service] [traceId=NO_TRACE] [tenantId=default] [           main] .RepositoryConfigurationExtensionSupport : Spring Data Redis - Could not safely identify store assignment for repository candidate interface com.liochio.entityservice.repository.WebTemplateRepository; If you want this repository to be a Redis repository, consider annotating your entities with one of these annotations: org.springframework.data.redis.core.RedisHash (preferred), or consider extending one of the following types with your repository: org.springframework.data.keyvalue.repository.KeyValueRepository
2026-09-26 14:27:00.274  INFO [entity-service] [traceId=NO_TRACE] [tenantId=default] [           main] .s.d.r.c.RepositoryConfigurationDelegate : Finished Spring Data repository scanning in 35 ms. Found 0 Redis repository interfaces.
2026-09-26 14:27:01.148  INFO [payment-service] [traceId=NO_TRACE] [tenantId=default] [           main] o.s.cloud.commons.util.InetUtils         : Cannot determine local hostname
2026-09-26 14:27:01.331  INFO [payment-service] [traceId=NO_TRACE] [tenantId=default] [           main] DiscoveryClientOptionalArgsConfiguration : Eureka HTTP Client uses RestTemplate.
2026-09-26 14:27:01.343  INFO [entity-service] [traceId=NO_TRACE] [tenantId=default] [           main] o.s.cloud.context.scope.GenericScope     : BeanFactory id=a82fb81c-40b4-33f6-95ac-ef5e71260df8
2026-09-26 14:27:02.218  INFO [payment-service] [traceId=NO_TRACE] [tenantId=default] [           main] o.s.c.n.eureka.InstanceInfoFactory       : Setting initial instance status as: STARTING
2026-09-26 14:27:03.139  INFO [payment-service] [traceId=NO_TRACE] [tenantId=default] [           main] o.s.c.n.e.s.EurekaServiceRegistry        : Registering application PAYMENT-SERVICE with eureka with status UP
2026-09-26 14:27:04.686  INFO [payment-service] [traceId=NO_TRACE] [tenantId=default] [           main] o.s.b.w.embedded.tomcat.TomcatWebServer  : Tomcat started on port 8083 (http) with context path '/'
2026-09-26 14:27:04.687  INFO [payment-service] [traceId=NO_TRACE] [tenantId=default] [           main] .s.c.n.e.s.EurekaAutoServiceRegistration : Updating port to 8083
2026-09-26 14:27:04.905  INFO [entity-service] [traceId=NO_TRACE] [tenantId=default] [           main] o.s.b.w.embedded.tomcat.TomcatWebServer  : Tomcat initialized with port 8082 (http)
2026-09-26 14:27:04.950  INFO [entity-service] [traceId=NO_TRACE] [tenantId=default] [           main] o.apache.catalina.core.StandardService   : Starting service [Tomcat]
2026-09-26 14:27:04.952  INFO [entity-service] [traceId=NO_TRACE] [tenantId=default] [           main] o.apache.catalina.core.StandardEngine    : Starting Servlet engine: [Apache Tomcat/10.1.36]
2026-09-26 14:27:05.105  INFO [entity-service] [traceId=NO_TRACE] [tenantId=default] [           main] o.a.c.c.C.[Tomcat].[localhost].[/]       : Initializing Spring embedded WebApplicationContext
2026-09-26 14:27:05.106  INFO [entity-service] [traceId=NO_TRACE] [tenantId=default] [           main] w.s.c.ServletWebServerApplicationContext : Root WebApplicationContext: initialization completed in 8467 ms
2026-09-26 14:27:05.772  INFO [payment-service] [traceId=NO_TRACE] [tenantId=default] [           main] o.s.cloud.commons.util.InetUtils         : Cannot determine local hostname
2026-09-26 14:27:05.774  INFO [entity-service] [traceId=NO_TRACE] [tenantId=default] [           main] o.hibernate.jpa.internal.util.LogHelper  : HHH000204: Processing PersistenceUnitInfo [name: default]
2026-09-26 14:27:05.799  INFO [payment-service] [traceId=NO_TRACE] [tenantId=default] [           main] c.l.payment.PaymentServiceApplication    : Started PaymentServiceApplication in 47.589 seconds (process running for 49.529)
2026-09-26 14:27:06.056  INFO [entity-service] [traceId=NO_TRACE] [tenantId=default] [           main] org.hibernate.Version                    : HHH000412: Hibernate ORM core version 6.6.8.Final
2026-09-26 14:27:06.294  INFO [entity-service] [traceId=NO_TRACE] [tenantId=default] [           main] o.h.c.internal.RegionFactoryInitiator    : HHH000026: Second-level cache disabled
2026-09-26 14:27:07.459  INFO [entity-service] [traceId=NO_TRACE] [tenantId=default] [           main] o.s.o.j.p.SpringPersistenceUnitInfo      : No LoadTimeWeaver setup: ignoring JPA class transformer
2026-09-26 14:27:07.564  INFO [entity-service] [traceId=NO_TRACE] [tenantId=default] [           main] com.zaxxer.hikari.HikariDataSource       : HikariPool-1 - Starting...
2026-09-26 14:27:07.899  INFO [entity-service] [traceId=NO_TRACE] [tenantId=default] [           main] com.zaxxer.hikari.pool.HikariPool        : HikariPool-1 - Added connection com.mysql.cj.jdbc.ConnectionImpl@7b9f7087
2026-09-26 14:27:07.902  INFO [entity-service] [traceId=NO_TRACE] [tenantId=default] [           main] com.zaxxer.hikari.HikariDataSource       : HikariPool-1 - Start completed.
2026-09-26 14:27:08.235  WARN [entity-service] [traceId=NO_TRACE] [tenantId=default] [           main] org.hibernate.orm.deprecation            : HHH90000025: MySQLDialect does not need to be specified explicitly using 'hibernate.dialect' (remove the property setting and it will be selected by default)
2026-09-26 14:27:08.283  INFO [entity-service] [traceId=NO_TRACE] [tenantId=default] [           main] org.hibernate.orm.connections.pooling    : HHH10001005: Database info:
	Database JDBC URL [Connecting through datasource 'HikariDataSource (HikariPool-1)']
	Database driver: undefined/unknown
	Database version: 8.0.33
	Autocommit mode: undefined/unknown
	Isolation level: undefined/unknown
	Minimum pool size: undefined/unknown
	Maximum pool size: undefined/unknown
2026-09-26 14:27:15.718  INFO [entity-service] [traceId=NO_TRACE] [tenantId=default] [           main] o.h.e.t.j.p.i.JtaPlatformInitiator       : HHH000489: No JTA platform available (set 'hibernate.transaction.jta.platform' to enable JTA platform integration)
2026-09-26 14:27:15.931  WARN [entity-service] [traceId=NO_TRACE] [tenantId=default] [           main] o.h.t.s.i.ExceptionHandlerLoggedImpl     : GenerationTarget encountered exception accepting command : Error executing DDL "alter table global_system_configs add column created_at datetime(6) not null" via JDBC [Data truncation: Incorrect datetime value: '0000-00-00 00:00:00' for column 'created_at' at row 1]

org.hibernate.tool.schema.spi.CommandAcceptanceException: Error executing DDL "alter table global_system_configs add column created_at datetime(6) not null" via JDBC [Data truncation: Incorrect datetime value: '0000-00-00 00:00:00' for column 'created_at' at row 1]
	at org.hibernate.tool.schema.internal.exec.GenerationTargetToDatabase.accept(GenerationTargetToDatabase.java:94)
	at org.hibernate.tool.schema.internal.AbstractSchemaMigrator.applySqlString(AbstractSchemaMigrator.java:576)
	at org.hibernate.tool.schema.internal.AbstractSchemaMigrator.applySqlStrings(AbstractSchemaMigrator.java:516)
	at org.hibernate.tool.schema.internal.AbstractSchemaMigrator.migrateTable(AbstractSchemaMigrator.java:334)
	at org.hibernate.tool.schema.internal.GroupedSchemaMigratorImpl.performTablesMigration(GroupedSchemaMigratorImpl.java:84)
	at org.hibernate.tool.schema.internal.AbstractSchemaMigrator.performMigration(AbstractSchemaMigrator.java:233)
	at org.hibernate.tool.schema.internal.AbstractSchemaMigrator.doMigration(AbstractSchemaMigrator.java:112)
	at org.hibernate.tool.schema.spi.SchemaManagementToolCoordinator.performDatabaseAction(SchemaManagementToolCoordinator.java:280)
	at org.hibernate.tool.schema.spi.SchemaManagementToolCoordinator.lambda$process$5(SchemaManagementToolCoordinator.java:144)
	at java.base/java.util.HashMap.forEach(HashMap.java:1421)
	at org.hibernate.tool.schema.spi.SchemaManagementToolCoordinator.process(SchemaManagementToolCoordinator.java:141)
	at org.hibernate.boot.internal.SessionFactoryObserverForSchemaExport.sessionFactoryCreated(SessionFactoryObserverForSchemaExport.java:37)
	at org.hibernate.internal.SessionFactoryObserverChain.sessionFactoryCreated(SessionFactoryObserverChain.java:35)
	at org.hibernate.internal.SessionFactoryImpl.<init>(SessionFactoryImpl.java:324)
	at org.hibernate.boot.internal.SessionFactoryBuilderImpl.build(SessionFactoryBuilderImpl.java:463)
	at org.hibernate.jpa.boot.internal.EntityManagerFactoryBuilderImpl.build(EntityManagerFactoryBuilderImpl.java:1517)
	at org.springframework.orm.jpa.vendor.SpringHibernateJpaPersistenceProvider.createContainerEntityManagerFactory(SpringHibernateJpaPersistenceProvider.java:66)
	at org.springframework.orm.jpa.LocalContainerEntityManagerFactoryBean.createNativeEntityManagerFactory(LocalContainerEntityManagerFactoryBean.java:390)
	at org.springframework.orm.jpa.AbstractEntityManagerFactoryBean.buildNativeEntityManagerFactory(AbstractEntityManagerFactoryBean.java:419)
	at org.springframework.orm.jpa.AbstractEntityManagerFactoryBean.afterPropertiesSet(AbstractEntityManagerFactoryBean.java:400)
	at org.springframework.orm.jpa.LocalContainerEntityManagerFactoryBean.afterPropertiesSet(LocalContainerEntityManagerFactoryBean.java:366)
	at org.springframework.beans.factory.support.AbstractAutowireCapableBeanFactory.invokeInitMethods(AbstractAutowireCapableBeanFactory.java:1859)
	at org.springframework.beans.factory.support.AbstractAutowireCapableBeanFactory.initializeBean(AbstractAutowireCapableBeanFactory.java:1808)
	at org.springframework.beans.factory.support.AbstractAutowireCapableBeanFactory.doCreateBean(AbstractAutowireCapableBeanFactory.java:601)
	at org.springframework.beans.factory.support.AbstractAutowireCapableBeanFactory.createBean(AbstractAutowireCapableBeanFactory.java:523)
	at org.springframework.beans.factory.support.AbstractBeanFactory.lambda$doGetBean$0(AbstractBeanFactory.java:339)
	at org.springframework.beans.factory.support.DefaultSingletonBeanRegistry.getSingleton(DefaultSingletonBeanRegistry.java:346)
	at org.springframework.beans.factory.support.AbstractBeanFactory.doGetBean(AbstractBeanFactory.java:337)
	at org.springframework.beans.factory.support.AbstractBeanFactory.getBean(AbstractBeanFactory.java:202)
	at org.springframework.beans.factory.support.BeanDefinitionValueResolver.resolveReference(BeanDefinitionValueResolver.java:365)
	at org.springframework.beans.factory.support.BeanDefinitionValueResolver.resolveValueIfNecessary(BeanDefinitionValueResolver.java:135)
	at org.springframework.beans.factory.support.ConstructorResolver.resolveConstructorArguments(ConstructorResolver.java:691)
	at org.springframework.beans.factory.support.ConstructorResolver.instantiateUsingFactoryMethod(ConstructorResolver.java:513)
	at org.springframework.beans.factory.support.AbstractAutowireCapableBeanFactory.instantiateUsingFactoryMethod(AbstractAutowireCapableBeanFactory.java:1361)
	at org.springframework.beans.factory.support.AbstractAutowireCapableBeanFactory.createBeanInstance(AbstractAutowireCapableBeanFactory.java:1191)
	at org.springframework.beans.factory.support.AbstractAutowireCapableBeanFactory.doCreateBean(AbstractAutowireCapableBeanFactory.java:563)
	at org.springframework.beans.factory.support.AbstractAutowireCapableBeanFactory.createBean(AbstractAutowireCapableBeanFactory.java:523)
	at org.springframework.beans.factory.support.AbstractBeanFactory.lambda$doGetBean$0(AbstractBeanFactory.java:339)
	at org.springframework.beans.factory.support.DefaultSingletonBeanRegistry.getSingleton(DefaultSingletonBeanRegistry.java:346)
	at org.springframework.beans.factory.support.AbstractBeanFactory.doGetBean(AbstractBeanFactory.java:337)
	at org.springframework.beans.factory.support.AbstractBeanFactory.getBean(AbstractBeanFactory.java:202)
	at org.springframework.beans.factory.support.BeanDefinitionValueResolver.resolveReference(BeanDefinitionValueResolver.java:365)
	at org.springframework.beans.factory.support.BeanDefinitionValueResolver.resolveValueIfNecessary(BeanDefinitionValueResolver.java:135)
	at org.springframework.beans.factory.support.AbstractAutowireCapableBeanFactory.applyPropertyValues(AbstractAutowireCapableBeanFactory.java:1711)
	at org.springframework.beans.factory.support.AbstractAutowireCapableBeanFactory.populateBean(AbstractAutowireCapableBeanFactory.java:1460)
	at org.springframework.beans.factory.support.AbstractAutowireCapableBeanFactory.doCreateBean(AbstractAutowireCapableBeanFactory.java:600)
	at org.springframework.beans.factory.support.AbstractAutowireCapableBeanFactory.createBean(AbstractAutowireCapableBeanFactory.java:523)
	at org.springframework.beans.factory.support.AbstractBeanFactory.lambda$doGetBean$0(AbstractBeanFactory.java:339)
	at org.springframework.beans.factory.support.DefaultSingletonBeanRegistry.getSingleton(DefaultSingletonBeanRegistry.java:346)
	at org.springframework.beans.factory.support.AbstractBeanFactory.doGetBean(AbstractBeanFactory.java:337)
	at org.springframework.beans.factory.support.AbstractBeanFactory.getBean(AbstractBeanFactory.java:202)
	at org.springframework.beans.factory.support.DefaultListableBeanFactory.doResolveDependency(DefaultListableBeanFactory.java:1606)
	at org.springframework.beans.factory.support.DefaultListableBeanFactory.resolveDependency(DefaultListableBeanFactory.java:1552)
	at org.springframework.beans.factory.annotation.AutowiredAnnotationBeanPostProcessor$AutowiredFieldElement.resolveFieldValue(AutowiredAnnotationBeanPostProcessor.java:785)
	at org.springframework.beans.factory.annotation.AutowiredAnnotationBeanPostProcessor$AutowiredFieldElement.inject(AutowiredAnnotationBeanPostProcessor.java:768)
	at org.springframework.beans.factory.annotation.InjectionMetadata.inject(InjectionMetadata.java:146)
	at org.springframework.beans.factory.annotation.AutowiredAnnotationBeanPostProcessor.postProcessProperties(AutowiredAnnotationBeanPostProcessor.java:509)
	at org.springframework.beans.factory.support.AbstractAutowireCapableBeanFactory.populateBean(AbstractAutowireCapableBeanFactory.java:1445)
	at org.springframework.beans.factory.support.AbstractAutowireCapableBeanFactory.doCreateBean(AbstractAutowireCapableBeanFactory.java:600)
	at org.springframework.beans.factory.support.AbstractAutowireCapableBeanFactory.createBean(AbstractAutowireCapableBeanFactory.java:523)
	at org.springframework.beans.factory.support.AbstractBeanFactory.lambda$doGetBean$0(AbstractBeanFactory.java:339)
	at org.springframework.beans.factory.support.DefaultSingletonBeanRegistry.getSingleton(DefaultSingletonBeanRegistry.java:346)
	at org.springframework.beans.factory.support.AbstractBeanFactory.doGetBean(AbstractBeanFactory.java:337)
	at org.springframework.beans.factory.support.AbstractBeanFactory.getBean(AbstractBeanFactory.java:207)
	at org.springframework.boot.web.servlet.ServletContextInitializerBeans.getOrderedBeansOfType(ServletContextInitializerBeans.java:211)
	at org.springframework.boot.web.servlet.ServletContextInitializerBeans.addAsRegistrationBean(ServletContextInitializerBeans.java:174)
	at org.springframework.boot.web.servlet.ServletContextInitializerBeans.addAsRegistrationBean(ServletContextInitializerBeans.java:169)
	at org.springframework.boot.web.servlet.ServletContextInitializerBeans.addAdaptableBeans(ServletContextInitializerBeans.java:154)
	at org.springframework.boot.web.servlet.ServletContextInitializerBeans.<init>(ServletContextInitializerBeans.java:87)
	at org.springframework.boot.web.servlet.context.ServletWebServerApplicationContext.getServletContextInitializerBeans(ServletWebServerApplicationContext.java:271)
	at org.springframework.boot.web.servlet.context.ServletWebServerApplicationContext.selfInitialize(ServletWebServerApplicationContext.java:245)
	at org.springframework.boot.web.embedded.tomcat.TomcatStarter.onStartup(TomcatStarter.java:52)
	at org.apache.catalina.core.StandardContext.startInternal(StandardContext.java:4467)
	at org.apache.catalina.util.LifecycleBase.start(LifecycleBase.java:164)
	at org.apache.catalina.core.ContainerBase$StartChild.call(ContainerBase.java:1203)
	at org.apache.catalina.core.ContainerBase$StartChild.call(ContainerBase.java:1193)
	at java.base/java.util.concurrent.FutureTask.run(FutureTask.java:264)
	at org.apache.tomcat.util.threads.InlineExecutorService.execute(InlineExecutorService.java:75)
	at java.base/java.util.concurrent.AbstractExecutorService.submit(AbstractExecutorService.java:145)
	at org.apache.catalina.core.ContainerBase.startInternal(ContainerBase.java:749)
	at org.apache.catalina.core.StandardHost.startInternal(StandardHost.java:772)
	at org.apache.catalina.util.LifecycleBase.start(LifecycleBase.java:164)
	at org.apache.catalina.core.ContainerBase$StartChild.call(ContainerBase.java:1203)
	at org.apache.catalina.core.ContainerBase$StartChild.call(ContainerBase.java:1193)
	at java.base/java.util.concurrent.FutureTask.run(FutureTask.java:264)
	at org.apache.tomcat.util.threads.InlineExecutorService.execute(InlineExecutorService.java:75)
	at java.base/java.util.concurrent.AbstractExecutorService.submit(AbstractExecutorService.java:145)
	at org.apache.catalina.core.ContainerBase.startInternal(ContainerBase.java:749)
	at org.apache.catalina.core.StandardEngine.startInternal(StandardEngine.java:203)
	at org.apache.catalina.util.LifecycleBase.start(LifecycleBase.java:164)
	at org.apache.catalina.core.StandardService.startInternal(StandardService.java:415)
	at org.apache.catalina.util.LifecycleBase.start(LifecycleBase.java:164)
	at org.apache.catalina.core.StandardServer.startInternal(StandardServer.java:870)
	at org.apache.catalina.util.LifecycleBase.start(LifecycleBase.java:164)
	at org.apache.catalina.startup.Tomcat.start(Tomcat.java:437)
	at org.springframework.boot.web.embedded.tomcat.TomcatWebServer.initialize(TomcatWebServer.java:128)
	at org.springframework.boot.web.embedded.tomcat.TomcatWebServer.<init>(TomcatWebServer.java:107)
	at org.springframework.boot.web.embedded.tomcat.TomcatServletWebServerFactory.getTomcatWebServer(TomcatServletWebServerFactory.java:520)
	at org.springframework.boot.web.embedded.tomcat.TomcatServletWebServerFactory.getWebServer(TomcatServletWebServerFactory.java:222)
	at org.springframework.boot.web.servlet.context.ServletWebServerApplicationContext.createWebServer(ServletWebServerApplicationContext.java:193)
	at org.springframework.boot.web.servlet.context.ServletWebServerApplicationContext.onRefresh(ServletWebServerApplicationContext.java:167)
	at org.springframework.context.support.AbstractApplicationContext.refresh(AbstractApplicationContext.java:621)
	at org.springframework.boot.web.servlet.context.ServletWebServerApplicationContext.refresh(ServletWebServerApplicationContext.java:146)
	at org.springframework.boot.SpringApplication.refresh(SpringApplication.java:752)
	at org.springframework.boot.SpringApplication.refreshContext(SpringApplication.java:439)
	at org.springframework.boot.SpringApplication.run(SpringApplication.java:318)
	at org.springframework.boot.SpringApplication.run(SpringApplication.java:1361)
	at org.springframework.boot.SpringApplication.run(SpringApplication.java:1350)
	at com.liochio.entityservice.EntityServiceApplication.main(EntityServiceApplication.java:30)
Caused by: com.mysql.cj.jdbc.exceptions.MysqlDataTruncation: Data truncation: Incorrect datetime value: '0000-00-00 00:00:00' for column 'created_at' at row 1
	at com.mysql.cj.jdbc.exceptions.SQLExceptionsMapping.translateException(SQLExceptionsMapping.java:104)
	at com.mysql.cj.jdbc.StatementImpl.executeInternal(StatementImpl.java:770)
	at com.mysql.cj.jdbc.StatementImpl.execute(StatementImpl.java:653)
	at com.zaxxer.hikari.pool.ProxyStatement.execute(ProxyStatement.java:94)
	at com.zaxxer.hikari.pool.HikariProxyStatement.execute(HikariProxyStatement.java)
	at org.hibernate.tool.schema.internal.exec.GenerationTargetToDatabase.accept(GenerationTargetToDatabase.java:80)
	... 108 common frames omitted

2026-09-26 14:27:15.946  WARN [entity-service] [traceId=NO_TRACE] [tenantId=default] [           main] o.h.t.s.i.ExceptionHandlerLoggedImpl     : GenerationTarget encountered exception accepting command : Error executing DDL "alter table master_menus add column created_at datetime(6) not null" via JDBC [Data truncation: Incorrect datetime value: '0000-00-00 00:00:00' for column 'created_at' at row 1]

org.hibernate.tool.schema.spi.CommandAcceptanceException: Error executing DDL "alter table master_menus add column created_at datetime(6) not null" via JDBC [Data truncation: Incorrect datetime value: '0000-00-00 00:00:00' for column 'created_at' at row 1]
	at org.hibernate.tool.schema.internal.exec.GenerationTargetToDatabase.accept(GenerationTargetToDatabase.java:94)
	at org.hibernate.tool.schema.internal.AbstractSchemaMigrator.applySqlString(AbstractSchemaMigrator.java:576)
	at org.hibernate.tool.schema.internal.AbstractSchemaMigrator.applySqlStrings(AbstractSchemaMigrator.java:516)
	at org.hibernate.tool.schema.internal.AbstractSchemaMigrator.migrateTable(AbstractSchemaMigrator.java:334)
	at org.hibernate.tool.schema.internal.GroupedSchemaMigratorImpl.performTablesMigration(GroupedSchemaMigratorImpl.java:84)
	at org.hibernate.tool.schema.internal.AbstractSchemaMigrator.performMigration(AbstractSchemaMigrator.java:233)
	at org.hibernate.tool.schema.internal.AbstractSchemaMigrator.doMigration(AbstractSchemaMigrator.java:112)
	at org.hibernate.tool.schema.spi.SchemaManagementToolCoordinator.performDatabaseAction(SchemaManagementToolCoordinator.java:280)
	at org.hibernate.tool.schema.spi.SchemaManagementToolCoordinator.lambda$process$5(SchemaManagementToolCoordinator.java:144)
	at java.base/java.util.HashMap.forEach(HashMap.java:1421)
	at org.hibernate.tool.schema.spi.SchemaManagementToolCoordinator.process(SchemaManagementToolCoordinator.java:141)
	at org.hibernate.boot.internal.SessionFactoryObserverForSchemaExport.sessionFactoryCreated(SessionFactoryObserverForSchemaExport.java:37)
	at org.hibernate.internal.SessionFactoryObserverChain.sessionFactoryCreated(SessionFactoryObserverChain.java:35)
	at org.hibernate.internal.SessionFactoryImpl.<init>(SessionFactoryImpl.java:324)
	at org.hibernate.boot.internal.SessionFactoryBuilderImpl.build(SessionFactoryBuilderImpl.java:463)
	at org.hibernate.jpa.boot.internal.EntityManagerFactoryBuilderImpl.build(EntityManagerFactoryBuilderImpl.java:1517)
	at org.springframework.orm.jpa.vendor.SpringHibernateJpaPersistenceProvider.createContainerEntityManagerFactory(SpringHibernateJpaPersistenceProvider.java:66)
	at org.springframework.orm.jpa.LocalContainerEntityManagerFactoryBean.createNativeEntityManagerFactory(LocalContainerEntityManagerFactoryBean.java:390)
	at org.springframework.orm.jpa.AbstractEntityManagerFactoryBean.buildNativeEntityManagerFactory(AbstractEntityManagerFactoryBean.java:419)
	at org.springframework.orm.jpa.AbstractEntityManagerFactoryBean.afterPropertiesSet(AbstractEntityManagerFactoryBean.java:400)
	at org.springframework.orm.jpa.LocalContainerEntityManagerFactoryBean.afterPropertiesSet(LocalContainerEntityManagerFactoryBean.java:366)
	at org.springframework.beans.factory.support.AbstractAutowireCapableBeanFactory.invokeInitMethods(AbstractAutowireCapableBeanFactory.java:1859)
	at org.springframework.beans.factory.support.AbstractAutowireCapableBeanFactory.initializeBean(AbstractAutowireCapableBeanFactory.java:1808)
	at org.springframework.beans.factory.support.AbstractAutowireCapableBeanFactory.doCreateBean(AbstractAutowireCapableBeanFactory.java:601)
	at org.springframework.beans.factory.support.AbstractAutowireCapableBeanFactory.createBean(AbstractAutowireCapableBeanFactory.java:523)
	at org.springframework.beans.factory.support.AbstractBeanFactory.lambda$doGetBean$0(AbstractBeanFactory.java:339)
	at org.springframework.beans.factory.support.DefaultSingletonBeanRegistry.getSingleton(DefaultSingletonBeanRegistry.java:346)
	at org.springframework.beans.factory.support.AbstractBeanFactory.doGetBean(AbstractBeanFactory.java:337)
	at org.springframework.beans.factory.support.AbstractBeanFactory.getBean(AbstractBeanFactory.java:202)
	at org.springframework.beans.factory.support.BeanDefinitionValueResolver.resolveReference(BeanDefinitionValueResolver.java:365)
	at org.springframework.beans.factory.support.BeanDefinitionValueResolver.resolveValueIfNecessary(BeanDefinitionValueResolver.java:135)
	at org.springframework.beans.factory.support.ConstructorResolver.resolveConstructorArguments(ConstructorResolver.java:691)
	at org.springframework.beans.factory.support.ConstructorResolver.instantiateUsingFactoryMethod(ConstructorResolver.java:513)
	at org.springframework.beans.factory.support.AbstractAutowireCapableBeanFactory.instantiateUsingFactoryMethod(AbstractAutowireCapableBeanFactory.java:1361)
	at org.springframework.beans.factory.support.AbstractAutowireCapableBeanFactory.createBeanInstance(AbstractAutowireCapableBeanFactory.java:1191)
	at org.springframework.beans.factory.support.AbstractAutowireCapableBeanFactory.doCreateBean(AbstractAutowireCapableBeanFactory.java:563)
	at org.springframework.beans.factory.support.AbstractAutowireCapableBeanFactory.createBean(AbstractAutowireCapableBeanFactory.java:523)
	at org.springframework.beans.factory.support.AbstractBeanFactory.lambda$doGetBean$0(AbstractBeanFactory.java:339)
	at org.springframework.beans.factory.support.DefaultSingletonBeanRegistry.getSingleton(DefaultSingletonBeanRegistry.java:346)
	at org.springframework.beans.factory.support.AbstractBeanFactory.doGetBean(AbstractBeanFactory.java:337)
	at org.springframework.beans.factory.support.AbstractBeanFactory.getBean(AbstractBeanFactory.java:202)
	at org.springframework.beans.factory.support.BeanDefinitionValueResolver.resolveReference(BeanDefinitionValueResolver.java:365)
	at org.springframework.beans.factory.support.BeanDefinitionValueResolver.resolveValueIfNecessary(BeanDefinitionValueResolver.java:135)
	at org.springframework.beans.factory.support.AbstractAutowireCapableBeanFactory.applyPropertyValues(AbstractAutowireCapableBeanFactory.java:1711)
	at org.springframework.beans.factory.support.AbstractAutowireCapableBeanFactory.populateBean(AbstractAutowireCapableBeanFactory.java:1460)
	at org.springframework.beans.factory.support.AbstractAutowireCapableBeanFactory.doCreateBean(AbstractAutowireCapableBeanFactory.java:600)
	at org.springframework.beans.factory.support.AbstractAutowireCapableBeanFactory.createBean(AbstractAutowireCapableBeanFactory.java:523)
	at org.springframework.beans.factory.support.AbstractBeanFactory.lambda$doGetBean$0(AbstractBeanFactory.java:339)
	at org.springframework.beans.factory.support.DefaultSingletonBeanRegistry.getSingleton(DefaultSingletonBeanRegistry.java:346)
	at org.springframework.beans.factory.support.AbstractBeanFactory.doGetBean(AbstractBeanFactory.java:337)
	at org.springframework.beans.factory.support.AbstractBeanFactory.getBean(AbstractBeanFactory.java:202)
	at org.springframework.beans.factory.support.DefaultListableBeanFactory.doResolveDependency(DefaultListableBeanFactory.java:1606)
	at org.springframework.beans.factory.support.DefaultListableBeanFactory.resolveDependency(DefaultListableBeanFactory.java:1552)
	at org.springframework.beans.factory.annotation.AutowiredAnnotationBeanPostProcessor$AutowiredFieldElement.resolveFieldValue(AutowiredAnnotationBeanPostProcessor.java:785)
	at org.springframework.beans.factory.annotation.AutowiredAnnotationBeanPostProcessor$AutowiredFieldElement.inject(AutowiredAnnotationBeanPostProcessor.java:768)
	at org.springframework.beans.factory.annotation.InjectionMetadata.inject(InjectionMetadata.java:146)
	at org.springframework.beans.factory.annotation.AutowiredAnnotationBeanPostProcessor.postProcessProperties(AutowiredAnnotationBeanPostProcessor.java:509)
	at org.springframework.beans.factory.support.AbstractAutowireCapableBeanFactory.populateBean(AbstractAutowireCapableBeanFactory.java:1445)
	at org.springframework.beans.factory.support.AbstractAutowireCapableBeanFactory.doCreateBean(AbstractAutowireCapableBeanFactory.java:600)
	at org.springframework.beans.factory.support.AbstractAutowireCapableBeanFactory.createBean(AbstractAutowireCapableBeanFactory.java:523)
	at org.springframework.beans.factory.support.AbstractBeanFactory.lambda$doGetBean$0(AbstractBeanFactory.java:339)
	at org.springframework.beans.factory.support.DefaultSingletonBeanRegistry.getSingleton(DefaultSingletonBeanRegistry.java:346)
	at org.springframework.beans.factory.support.AbstractBeanFactory.doGetBean(AbstractBeanFactory.java:337)
	at org.springframework.beans.factory.support.AbstractBeanFactory.getBean(AbstractBeanFactory.java:207)
	at org.springframework.boot.web.servlet.ServletContextInitializerBeans.getOrderedBeansOfType(ServletContextInitializerBeans.java:211)
	at org.springframework.boot.web.servlet.ServletContextInitializerBeans.addAsRegistrationBean(ServletContextInitializerBeans.java:174)
	at org.springframework.boot.web.servlet.ServletContextInitializerBeans.addAsRegistrationBean(ServletContextInitializerBeans.java:169)
	at org.springframework.boot.web.servlet.ServletContextInitializerBeans.addAdaptableBeans(ServletContextInitializerBeans.java:154)
	at org.springframework.boot.web.servlet.ServletContextInitializerBeans.<init>(ServletContextInitializerBeans.java:87)
	at org.springframework.boot.web.servlet.context.ServletWebServerApplicationContext.getServletContextInitializerBeans(ServletWebServerApplicationContext.java:271)
	at org.springframework.boot.web.servlet.context.ServletWebServerApplicationContext.selfInitialize(ServletWebServerApplicationContext.java:245)
	at org.springframework.boot.web.embedded.tomcat.TomcatStarter.onStartup(TomcatStarter.java:52)
	at org.apache.catalina.core.StandardContext.startInternal(StandardContext.java:4467)
	at org.apache.catalina.util.LifecycleBase.start(LifecycleBase.java:164)
	at org.apache.catalina.core.ContainerBase$StartChild.call(ContainerBase.java:1203)
	at org.apache.catalina.core.ContainerBase$StartChild.call(ContainerBase.java:1193)
	at java.base/java.util.concurrent.FutureTask.run(FutureTask.java:264)
	at org.apache.tomcat.util.threads.InlineExecutorService.execute(InlineExecutorService.java:75)
	at java.base/java.util.concurrent.AbstractExecutorService.submit(AbstractExecutorService.java:145)
	at org.apache.catalina.core.ContainerBase.startInternal(ContainerBase.java:749)
	at org.apache.catalina.core.StandardHost.startInternal(StandardHost.java:772)
	at org.apache.catalina.util.LifecycleBase.start(LifecycleBase.java:164)
	at org.apache.catalina.core.ContainerBase$StartChild.call(ContainerBase.java:1203)
	at org.apache.catalina.core.ContainerBase$StartChild.call(ContainerBase.java:1193)
	at java.base/java.util.concurrent.FutureTask.run(FutureTask.java:264)
	at org.apache.tomcat.util.threads.InlineExecutorService.execute(InlineExecutorService.java:75)
	at java.base/java.util.concurrent.AbstractExecutorService.submit(AbstractExecutorService.java:145)
	at org.apache.catalina.core.ContainerBase.startInternal(ContainerBase.java:749)
	at org.apache.catalina.core.StandardEngine.startInternal(StandardEngine.java:203)
	at org.apache.catalina.util.LifecycleBase.start(LifecycleBase.java:164)
	at org.apache.catalina.core.StandardService.startInternal(StandardService.java:415)
	at org.apache.catalina.util.LifecycleBase.start(LifecycleBase.java:164)
	at org.apache.catalina.core.StandardServer.startInternal(StandardServer.java:870)
	at org.apache.catalina.util.LifecycleBase.start(LifecycleBase.java:164)
	at org.apache.catalina.startup.Tomcat.start(Tomcat.java:437)
	at org.springframework.boot.web.embedded.tomcat.TomcatWebServer.initialize(TomcatWebServer.java:128)
	at org.springframework.boot.web.embedded.tomcat.TomcatWebServer.<init>(TomcatWebServer.java:107)
	at org.springframework.boot.web.embedded.tomcat.TomcatServletWebServerFactory.getTomcatWebServer(TomcatServletWebServerFactory.java:520)
	at org.springframework.boot.web.embedded.tomcat.TomcatServletWebServerFactory.getWebServer(TomcatServletWebServerFactory.java:222)
	at org.springframework.boot.web.servlet.context.ServletWebServerApplicationContext.createWebServer(ServletWebServerApplicationContext.java:193)
	at org.springframework.boot.web.servlet.context.ServletWebServerApplicationContext.onRefresh(ServletWebServerApplicationContext.java:167)
	at org.springframework.context.support.AbstractApplicationContext.refresh(AbstractApplicationContext.java:621)
	at org.springframework.boot.web.servlet.context.ServletWebServerApplicationContext.refresh(ServletWebServerApplicationContext.java:146)
	at org.springframework.boot.SpringApplication.refresh(SpringApplication.java:752)
	at org.springframework.boot.SpringApplication.refreshContext(SpringApplication.java:439)
	at org.springframework.boot.SpringApplication.run(SpringApplication.java:318)
	at org.springframework.boot.SpringApplication.run(SpringApplication.java:1361)
	at org.springframework.boot.SpringApplication.run(SpringApplication.java:1350)
	at com.liochio.entityservice.EntityServiceApplication.main(EntityServiceApplication.java:30)
Caused by: com.mysql.cj.jdbc.exceptions.MysqlDataTruncation: Data truncation: Incorrect datetime value: '0000-00-00 00:00:00' for column 'created_at' at row 1
	at com.mysql.cj.jdbc.exceptions.SQLExceptionsMapping.translateException(SQLExceptionsMapping.java:104)
	at com.mysql.cj.jdbc.StatementImpl.executeInternal(StatementImpl.java:770)
	at com.mysql.cj.jdbc.StatementImpl.execute(StatementImpl.java:653)
	at com.zaxxer.hikari.pool.ProxyStatement.execute(ProxyStatement.java:94)
	at com.zaxxer.hikari.pool.HikariProxyStatement.execute(HikariProxyStatement.java)
	at org.hibernate.tool.schema.internal.exec.GenerationTargetToDatabase.accept(GenerationTargetToDatabase.java:80)
	... 108 common frames omitted

2026-09-26 14:27:16.006  WARN [entity-service] [traceId=NO_TRACE] [tenantId=default] [           main] o.h.t.s.i.ExceptionHandlerLoggedImpl     : GenerationTarget encountered exception accepting command : Error executing DDL "alter table outbox_events modify column status enum ('FAILED','PENDING','PROCESSING','PUBLISHED') not null" via JDBC [Data truncated for column 'status' at row 1]

org.hibernate.tool.schema.spi.CommandAcceptanceException: Error executing DDL "alter table outbox_events modify column status enum ('FAILED','PENDING','PROCESSING','PUBLISHED') not null" via JDBC [Data truncated for column 'status' at row 1]
	at org.hibernate.tool.schema.internal.exec.GenerationTargetToDatabase.accept(GenerationTargetToDatabase.java:94)
	at org.hibernate.tool.schema.internal.AbstractSchemaMigrator.applySqlString(AbstractSchemaMigrator.java:576)
	at org.hibernate.tool.schema.internal.AbstractSchemaMigrator.applySqlStrings(AbstractSchemaMigrator.java:516)
	at org.hibernate.tool.schema.internal.AbstractSchemaMigrator.migrateTable(AbstractSchemaMigrator.java:334)
	at org.hibernate.tool.schema.internal.GroupedSchemaMigratorImpl.performTablesMigration(GroupedSchemaMigratorImpl.java:84)
	at org.hibernate.tool.schema.internal.AbstractSchemaMigrator.performMigration(AbstractSchemaMigrator.java:233)
	at org.hibernate.tool.schema.internal.AbstractSchemaMigrator.doMigration(AbstractSchemaMigrator.java:112)
	at org.hibernate.tool.schema.spi.SchemaManagementToolCoordinator.performDatabaseAction(SchemaManagementToolCoordinator.java:280)
	at org.hibernate.tool.schema.spi.SchemaManagementToolCoordinator.lambda$process$5(SchemaManagementToolCoordinator.java:144)
	at java.base/java.util.HashMap.forEach(HashMap.java:1421)
	at org.hibernate.tool.schema.spi.SchemaManagementToolCoordinator.process(SchemaManagementToolCoordinator.java:141)
	at org.hibernate.boot.internal.SessionFactoryObserverForSchemaExport.sessionFactoryCreated(SessionFactoryObserverForSchemaExport.java:37)
	at org.hibernate.internal.SessionFactoryObserverChain.sessionFactoryCreated(SessionFactoryObserverChain.java:35)
	at org.hibernate.internal.SessionFactoryImpl.<init>(SessionFactoryImpl.java:324)
	at org.hibernate.boot.internal.SessionFactoryBuilderImpl.build(SessionFactoryBuilderImpl.java:463)
	at org.hibernate.jpa.boot.internal.EntityManagerFactoryBuilderImpl.build(EntityManagerFactoryBuilderImpl.java:1517)
	at org.springframework.orm.jpa.vendor.SpringHibernateJpaPersistenceProvider.createContainerEntityManagerFactory(SpringHibernateJpaPersistenceProvider.java:66)
	at org.springframework.orm.jpa.LocalContainerEntityManagerFactoryBean.createNativeEntityManagerFactory(LocalContainerEntityManagerFactoryBean.java:390)
	at org.springframework.orm.jpa.AbstractEntityManagerFactoryBean.buildNativeEntityManagerFactory(AbstractEntityManagerFactoryBean.java:419)
	at org.springframework.orm.jpa.AbstractEntityManagerFactoryBean.afterPropertiesSet(AbstractEntityManagerFactoryBean.java:400)
	at org.springframework.orm.jpa.LocalContainerEntityManagerFactoryBean.afterPropertiesSet(LocalContainerEntityManagerFactoryBean.java:366)
	at org.springframework.beans.factory.support.AbstractAutowireCapableBeanFactory.invokeInitMethods(AbstractAutowireCapableBeanFactory.java:1859)
	at org.springframework.beans.factory.support.AbstractAutowireCapableBeanFactory.initializeBean(AbstractAutowireCapableBeanFactory.java:1808)
	at org.springframework.beans.factory.support.AbstractAutowireCapableBeanFactory.doCreateBean(AbstractAutowireCapableBeanFactory.java:601)
	at org.springframework.beans.factory.support.AbstractAutowireCapableBeanFactory.createBean(AbstractAutowireCapableBeanFactory.java:523)
	at org.springframework.beans.factory.support.AbstractBeanFactory.lambda$doGetBean$0(AbstractBeanFactory.java:339)
	at org.springframework.beans.factory.support.DefaultSingletonBeanRegistry.getSingleton(DefaultSingletonBeanRegistry.java:346)
	at org.springframework.beans.factory.support.AbstractBeanFactory.doGetBean(AbstractBeanFactory.java:337)
	at org.springframework.beans.factory.support.AbstractBeanFactory.getBean(AbstractBeanFactory.java:202)
	at org.springframework.beans.factory.support.BeanDefinitionValueResolver.resolveReference(BeanDefinitionValueResolver.java:365)
	at org.springframework.beans.factory.support.BeanDefinitionValueResolver.resolveValueIfNecessary(BeanDefinitionValueResolver.java:135)
	at org.springframework.beans.factory.support.ConstructorResolver.resolveConstructorArguments(ConstructorResolver.java:691)
	at org.springframework.beans.factory.support.ConstructorResolver.instantiateUsingFactoryMethod(ConstructorResolver.java:513)
	at org.springframework.beans.factory.support.AbstractAutowireCapableBeanFactory.instantiateUsingFactoryMethod(AbstractAutowireCapableBeanFactory.java:1361)
	at org.springframework.beans.factory.support.AbstractAutowireCapableBeanFactory.createBeanInstance(AbstractAutowireCapableBeanFactory.java:1191)
	at org.springframework.beans.factory.support.AbstractAutowireCapableBeanFactory.doCreateBean(AbstractAutowireCapableBeanFactory.java:563)
	at org.springframework.beans.factory.support.AbstractAutowireCapableBeanFactory.createBean(AbstractAutowireCapableBeanFactory.java:523)
	at org.springframework.beans.factory.support.AbstractBeanFactory.lambda$doGetBean$0(AbstractBeanFactory.java:339)
	at org.springframework.beans.factory.support.DefaultSingletonBeanRegistry.getSingleton(DefaultSingletonBeanRegistry.java:346)
	at org.springframework.beans.factory.support.AbstractBeanFactory.doGetBean(AbstractBeanFactory.java:337)
	at org.springframework.beans.factory.support.AbstractBeanFactory.getBean(AbstractBeanFactory.java:202)
	at org.springframework.beans.factory.support.BeanDefinitionValueResolver.resolveReference(BeanDefinitionValueResolver.java:365)
	at org.springframework.beans.factory.support.BeanDefinitionValueResolver.resolveValueIfNecessary(BeanDefinitionValueResolver.java:135)
	at org.springframework.beans.factory.support.AbstractAutowireCapableBeanFactory.applyPropertyValues(AbstractAutowireCapableBeanFactory.java:1711)
	at org.springframework.beans.factory.support.AbstractAutowireCapableBeanFactory.populateBean(AbstractAutowireCapableBeanFactory.java:1460)
	at org.springframework.beans.factory.support.AbstractAutowireCapableBeanFactory.doCreateBean(AbstractAutowireCapableBeanFactory.java:600)
	at org.springframework.beans.factory.support.AbstractAutowireCapableBeanFactory.createBean(AbstractAutowireCapableBeanFactory.java:523)
	at org.springframework.beans.factory.support.AbstractBeanFactory.lambda$doGetBean$0(AbstractBeanFactory.java:339)
	at org.springframework.beans.factory.support.DefaultSingletonBeanRegistry.getSingleton(DefaultSingletonBeanRegistry.java:346)
	at org.springframework.beans.factory.support.AbstractBeanFactory.doGetBean(AbstractBeanFactory.java:337)
	at org.springframework.beans.factory.support.AbstractBeanFactory.getBean(AbstractBeanFactory.java:202)
	at org.springframework.beans.factory.support.DefaultListableBeanFactory.doResolveDependency(DefaultListableBeanFactory.java:1606)
	at org.springframework.beans.factory.support.DefaultListableBeanFactory.resolveDependency(DefaultListableBeanFactory.java:1552)
	at org.springframework.beans.factory.annotation.AutowiredAnnotationBeanPostProcessor$AutowiredFieldElement.resolveFieldValue(AutowiredAnnotationBeanPostProcessor.java:785)
	at org.springframework.beans.factory.annotation.AutowiredAnnotationBeanPostProcessor$AutowiredFieldElement.inject(AutowiredAnnotationBeanPostProcessor.java:768)
	at org.springframework.beans.factory.annotation.InjectionMetadata.inject(InjectionMetadata.java:146)
	at org.springframework.beans.factory.annotation.AutowiredAnnotationBeanPostProcessor.postProcessProperties(AutowiredAnnotationBeanPostProcessor.java:509)
	at org.springframework.beans.factory.support.AbstractAutowireCapableBeanFactory.populateBean(AbstractAutowireCapableBeanFactory.java:1445)
	at org.springframework.beans.factory.support.AbstractAutowireCapableBeanFactory.doCreateBean(AbstractAutowireCapableBeanFactory.java:600)
	at org.springframework.beans.factory.support.AbstractAutowireCapableBeanFactory.createBean(AbstractAutowireCapableBeanFactory.java:523)
	at org.springframework.beans.factory.support.AbstractBeanFactory.lambda$doGetBean$0(AbstractBeanFactory.java:339)
	at org.springframework.beans.factory.support.DefaultSingletonBeanRegistry.getSingleton(DefaultSingletonBeanRegistry.java:346)
	at org.springframework.beans.factory.support.AbstractBeanFactory.doGetBean(AbstractBeanFactory.java:337)
	at org.springframework.beans.factory.support.AbstractBeanFactory.getBean(AbstractBeanFactory.java:207)
	at org.springframework.boot.web.servlet.ServletContextInitializerBeans.getOrderedBeansOfType(ServletContextInitializerBeans.java:211)
	at org.springframework.boot.web.servlet.ServletContextInitializerBeans.addAsRegistrationBean(ServletContextInitializerBeans.java:174)
	at org.springframework.boot.web.servlet.ServletContextInitializerBeans.addAsRegistrationBean(ServletContextInitializerBeans.java:169)
	at org.springframework.boot.web.servlet.ServletContextInitializerBeans.addAdaptableBeans(ServletContextInitializerBeans.java:154)
	at org.springframework.boot.web.servlet.ServletContextInitializerBeans.<init>(ServletContextInitializerBeans.java:87)
	at org.springframework.boot.web.servlet.context.ServletWebServerApplicationContext.getServletContextInitializerBeans(ServletWebServerApplicationContext.java:271)
	at org.springframework.boot.web.servlet.context.ServletWebServerApplicationContext.selfInitialize(ServletWebServerApplicationContext.java:245)
	at org.springframework.boot.web.embedded.tomcat.TomcatStarter.onStartup(TomcatStarter.java:52)
	at org.apache.catalina.core.StandardContext.startInternal(StandardContext.java:4467)
	at org.apache.catalina.util.LifecycleBase.start(LifecycleBase.java:164)
	at org.apache.catalina.core.ContainerBase$StartChild.call(ContainerBase.java:1203)
	at org.apache.catalina.core.ContainerBase$StartChild.call(ContainerBase.java:1193)
	at java.base/java.util.concurrent.FutureTask.run(FutureTask.java:264)
	at org.apache.tomcat.util.threads.InlineExecutorService.execute(InlineExecutorService.java:75)
	at java.base/java.util.concurrent.AbstractExecutorService.submit(AbstractExecutorService.java:145)
	at org.apache.catalina.core.ContainerBase.startInternal(ContainerBase.java:749)
	at org.apache.catalina.core.StandardHost.startInternal(StandardHost.java:772)
	at org.apache.catalina.util.LifecycleBase.start(LifecycleBase.java:164)
	at org.apache.catalina.core.ContainerBase$StartChild.call(ContainerBase.java:1203)
	at org.apache.catalina.core.ContainerBase$StartChild.call(ContainerBase.java:1193)
	at java.base/java.util.concurrent.FutureTask.run(FutureTask.java:264)
	at org.apache.tomcat.util.threads.InlineExecutorService.execute(InlineExecutorService.java:75)
	at java.base/java.util.concurrent.AbstractExecutorService.submit(AbstractExecutorService.java:145)
	at org.apache.catalina.core.ContainerBase.startInternal(ContainerBase.java:749)
	at org.apache.catalina.core.StandardEngine.startInternal(StandardEngine.java:203)
	at org.apache.catalina.util.LifecycleBase.start(LifecycleBase.java:164)
	at org.apache.catalina.core.StandardService.startInternal(StandardService.java:415)
	at org.apache.catalina.util.LifecycleBase.start(LifecycleBase.java:164)
	at org.apache.catalina.core.StandardServer.startInternal(StandardServer.java:870)
	at org.apache.catalina.util.LifecycleBase.start(LifecycleBase.java:164)
	at org.apache.catalina.startup.Tomcat.start(Tomcat.java:437)
	at org.springframework.boot.web.embedded.tomcat.TomcatWebServer.initialize(TomcatWebServer.java:128)
	at org.springframework.boot.web.embedded.tomcat.TomcatWebServer.<init>(TomcatWebServer.java:107)
	at org.springframework.boot.web.embedded.tomcat.TomcatServletWebServerFactory.getTomcatWebServer(TomcatServletWebServerFactory.java:520)
	at org.springframework.boot.web.embedded.tomcat.TomcatServletWebServerFactory.getWebServer(TomcatServletWebServerFactory.java:222)
	at org.springframework.boot.web.servlet.context.ServletWebServerApplicationContext.createWebServer(ServletWebServerApplicationContext.java:193)
	at org.springframework.boot.web.servlet.context.ServletWebServerApplicationContext.onRefresh(ServletWebServerApplicationContext.java:167)
	at org.springframework.context.support.AbstractApplicationContext.refresh(AbstractApplicationContext.java:621)
	at org.springframework.boot.web.servlet.context.ServletWebServerApplicationContext.refresh(ServletWebServerApplicationContext.java:146)
	at org.springframework.boot.SpringApplication.refresh(SpringApplication.java:752)
	at org.springframework.boot.SpringApplication.refreshContext(SpringApplication.java:439)
	at org.springframework.boot.SpringApplication.run(SpringApplication.java:318)
	at org.springframework.boot.SpringApplication.run(SpringApplication.java:1361)
	at org.springframework.boot.SpringApplication.run(SpringApplication.java:1350)
	at com.liochio.entityservice.EntityServiceApplication.main(EntityServiceApplication.java:30)
Caused by: java.sql.SQLException: Data truncated for column 'status' at row 1
	at com.mysql.cj.jdbc.exceptions.SQLError.createSQLException(SQLError.java:130)
	at com.mysql.cj.jdbc.exceptions.SQLExceptionsMapping.translateException(SQLExceptionsMapping.java:122)
	at com.mysql.cj.jdbc.StatementImpl.executeInternal(StatementImpl.java:770)
	at com.mysql.cj.jdbc.StatementImpl.execute(StatementImpl.java:653)
	at com.zaxxer.hikari.pool.ProxyStatement.execute(ProxyStatement.java:94)
	at com.zaxxer.hikari.pool.HikariProxyStatement.execute(HikariProxyStatement.java)
	at org.hibernate.tool.schema.internal.exec.GenerationTargetToDatabase.accept(GenerationTargetToDatabase.java:80)
	... 108 common frames omitted

2026-09-26 14:27:16.052  INFO [entity-service] [traceId=NO_TRACE] [tenantId=default] [           main] j.LocalContainerEntityManagerFactoryBean : Initialized JPA EntityManagerFactory for persistence unit 'default'
2026-09-26 14:27:20.829  INFO [entity-service] [traceId=NO_TRACE] [tenantId=default] [           main] com.liochio.common.security.JwtUtils     : [JwtUtils] Loaded RSA Private Key successfully from classpath:certs/rsa-private.pem
2026-09-26 14:27:20.831  INFO [entity-service] [traceId=NO_TRACE] [tenantId=default] [           main] com.liochio.common.security.JwtUtils     : [JwtUtils] Loaded RSA Public Key successfully from classpath:certs/rsa-public.pem
2026-09-26 14:27:24.160 DEBUG [entity-service] [traceId=NO_TRACE] [tenantId=default] [           main] c.l.c.security.JwtAuthenticationFilter   : Filter 'jwtAuthenticationFilter' configured for use
2026-09-26 14:27:24.164 DEBUG [entity-service] [traceId=NO_TRACE] [tenantId=default] [           main] c.liochio.common.filter.MdcTraceFilter   : Filter 'mdcTraceFilter' configured for use
2026-09-26 14:27:24.178 DEBUG [entity-service] [traceId=NO_TRACE] [tenantId=default] [           main] com.liochio.common.filter.TenantFilter   : Filter 'tenantFilter' configured for use
2026-09-26 14:27:24.180 DEBUG [entity-service] [traceId=NO_TRACE] [tenantId=default] [           main] c.l.c.security.RestCacheControlFilter    : Filter 'restCacheControlFilter' configured for use
2026-09-26 14:27:24.181 DEBUG [entity-service] [traceId=NO_TRACE] [tenantId=default] [           main] c.l.common.filter.AuditLoggingFilter     : Filter 'auditLoggingFilter' configured for use
2026-09-26 14:27:27.886  INFO [entity-service] [traceId=NO_TRACE] [tenantId=default] [           main] o.s.d.j.r.query.QueryEnhancerFactory     : Hibernate is in classpath; If applicable, HQL parser will be used.
2026-09-26 14:27:32.850  WARN [entity-service] [traceId=NO_TRACE] [tenantId=default] [           main] .s.s.UserDetailsServiceAutoConfiguration : 

Using generated security password: 57efa9ba-32cc-4308-9ed8-8e87e641792b

This generated password is for development use only. Your security configuration must be updated before running your application in production.

2026-09-26 14:27:32.885  INFO [entity-service] [traceId=NO_TRACE] [tenantId=default] [           main] r$InitializeUserDetailsManagerConfigurer : Global AuthenticationManager configured with UserDetailsService bean with name inMemoryUserDetailsManager
2026-09-26 14:27:43.998  INFO [entity-service] [traceId=NO_TRACE] [tenantId=default] [           main] o.s.cloud.commons.util.InetUtils         : Cannot determine local hostname
2026-09-26 14:27:45.273  INFO [entity-service] [traceId=NO_TRACE] [tenantId=default] [           main] o.s.cloud.commons.util.InetUtils         : Cannot determine local hostname
2026-09-26 14:27:45.488  INFO [entity-service] [traceId=NO_TRACE] [tenantId=default] [           main] DiscoveryClientOptionalArgsConfiguration : Eureka HTTP Client uses RestTemplate.
2026-09-26 14:27:46.222  INFO [entity-service] [traceId=NO_TRACE] [tenantId=default] [           main] o.s.c.n.eureka.InstanceInfoFactory       : Setting initial instance status as: STARTING
2026-09-26 14:27:47.137  INFO [entity-service] [traceId=NO_TRACE] [tenantId=default] [           main] o.s.c.n.e.s.EurekaServiceRegistry        : Registering application ENTITY-SERVICE with eureka with status UP
2026-09-26 14:27:47.205  INFO [entity-service] [traceId=NO_TRACE] [tenantId=default] [           main] o.s.b.w.embedded.tomcat.TomcatWebServer  : Tomcat started on port 8082 (http) with context path '/'
2026-09-26 14:27:47.207  INFO [entity-service] [traceId=NO_TRACE] [tenantId=default] [           main] .s.c.n.e.s.EurekaAutoServiceRegistration : Updating port to 8082
2026-09-26 14:27:48.298  INFO [entity-service] [traceId=NO_TRACE] [tenantId=default] [           main] o.s.cloud.commons.util.InetUtils         : Cannot determine local hostname
2026-09-26 14:27:48.325  INFO [entity-service] [traceId=NO_TRACE] [tenantId=default] [           main] c.l.e.EntityServiceApplication           : Started EntityServiceApplication in 56.088 seconds (process running for 58.151)
2026-09-26 14:28:01.399  INFO [worker-service] [traceId=NO_TRACE] [tenantId=default] [           main] c.l.worker.WorkerServiceApplication      : Starting WorkerServiceApplication using Java 17.0.17 with PID 28964 (E:\Github\Back-end\Microservice\SpringBoot\worker-service\target\classes started by Liochio in E:\Github\Back-end\Microservice)
2026-09-26 14:28:01.411 DEBUG [worker-service] [traceId=NO_TRACE] [tenantId=default] [           main] c.l.worker.WorkerServiceApplication      : Running with Spring Boot v3.4.3, Spring v6.2.3
2026-09-26 14:28:01.419  INFO [worker-service] [traceId=NO_TRACE] [tenantId=default] [           main] c.l.worker.WorkerServiceApplication      : No active profile set, falling back to 1 default profile: "default"
2026-09-26 14:28:04.849  INFO [worker-service] [traceId=NO_TRACE] [tenantId=default] [           main] .s.d.r.c.RepositoryConfigurationDelegate : Multiple Spring Data modules found, entering strict repository configuration mode
2026-09-26 14:28:04.849  INFO [worker-service] [traceId=NO_TRACE] [tenantId=default] [           main] .s.d.r.c.RepositoryConfigurationDelegate : Bootstrapping Spring Data JPA repositories in DEFAULT mode.
2026-09-26 14:28:05.317  INFO [worker-service] [traceId=NO_TRACE] [tenantId=default] [           main] .s.d.r.c.RepositoryConfigurationDelegate : Finished Spring Data repository scanning in 449 ms. Found 9 JPA repository interfaces.
2026-09-26 14:28:06.279  INFO [worker-service] [traceId=NO_TRACE] [tenantId=default] [           main] .s.d.r.c.RepositoryConfigurationDelegate : Multiple Spring Data modules found, entering strict repository configuration mode
2026-09-26 14:28:06.282  INFO [worker-service] [traceId=NO_TRACE] [tenantId=default] [           main] .s.d.r.c.RepositoryConfigurationDelegate : Bootstrapping Spring Data Redis repositories in DEFAULT mode.
2026-09-26 14:28:06.328  INFO [worker-service] [traceId=NO_TRACE] [tenantId=default] [           main] .RepositoryConfigurationExtensionSupport : Spring Data Redis - Could not safely identify store assignment for repository candidate interface com.liochio.worker.repository.DlqMessageRepository; If you want this repository to be a Redis repository, consider annotating your entities with one of these annotations: org.springframework.data.redis.core.RedisHash (preferred), or consider extending one of the following types with your repository: org.springframework.data.keyvalue.repository.KeyValueRepository
2026-09-26 14:28:06.329  INFO [worker-service] [traceId=NO_TRACE] [tenantId=default] [           main] .RepositoryConfigurationExtensionSupport : Spring Data Redis - Could not safely identify store assignment for repository candidate interface com.liochio.worker.repository.MailLogRepository; If you want this repository to be a Redis repository, consider annotating your entities with one of these annotations: org.springframework.data.redis.core.RedisHash (preferred), or consider extending one of the following types with your repository: org.springframework.data.keyvalue.repository.KeyValueRepository
2026-09-26 14:28:06.329  INFO [worker-service] [traceId=NO_TRACE] [tenantId=default] [           main] .RepositoryConfigurationExtensionSupport : Spring Data Redis - Could not safely identify store assignment for repository candidate interface com.liochio.worker.repository.MessageTemplateRepository; If you want this repository to be a Redis repository, consider annotating your entities with one of these annotations: org.springframework.data.redis.core.RedisHash (preferred), or consider extending one of the following types with your repository: org.springframework.data.keyvalue.repository.KeyValueRepository
2026-09-26 14:28:06.330  INFO [worker-service] [traceId=NO_TRACE] [tenantId=default] [           main] .RepositoryConfigurationExtensionSupport : Spring Data Redis - Could not safely identify store assignment for repository candidate interface com.liochio.worker.repository.NotificationRuleRepository; If you want this repository to be a Redis repository, consider annotating your entities with one of these annotations: org.springframework.data.redis.core.RedisHash (preferred), or consider extending one of the following types with your repository: org.springframework.data.keyvalue.repository.KeyValueRepository
2026-09-26 14:28:06.331  INFO [worker-service] [traceId=NO_TRACE] [tenantId=default] [           main] .s.d.r.c.RepositoryConfigurationDelegate : Finished Spring Data repository scanning in 29 ms. Found 0 Redis repository interfaces.
2026-09-26 14:28:07.318  INFO [worker-service] [traceId=NO_TRACE] [tenantId=default] [           main] o.s.cloud.context.scope.GenericScope     : BeanFactory id=bf9b9730-4aa0-3041-a181-ac99e86d9f5a
2026-09-26 14:28:10.143  INFO [worker-service] [traceId=NO_TRACE] [tenantId=default] [           main] o.s.b.w.embedded.tomcat.TomcatWebServer  : Tomcat initialized with port 8095 (http)
2026-09-26 14:28:10.167  INFO [worker-service] [traceId=NO_TRACE] [tenantId=default] [           main] o.apache.catalina.core.StandardService   : Starting service [Tomcat]
2026-09-26 14:28:10.167  INFO [worker-service] [traceId=NO_TRACE] [tenantId=default] [           main] o.apache.catalina.core.StandardEngine    : Starting Servlet engine: [Apache Tomcat/10.1.36]
2026-09-26 14:28:10.388  INFO [worker-service] [traceId=NO_TRACE] [tenantId=default] [           main] o.a.c.c.C.[Tomcat].[localhost].[/]       : Initializing Spring embedded WebApplicationContext
2026-09-26 14:28:10.389  INFO [worker-service] [traceId=NO_TRACE] [tenantId=default] [           main] w.s.c.ServletWebServerApplicationContext : Root WebApplicationContext: initialization completed in 8788 ms
2026-09-26 14:28:11.148  INFO [worker-service] [traceId=NO_TRACE] [tenantId=default] [           main] o.hibernate.jpa.internal.util.LogHelper  : HHH000204: Processing PersistenceUnitInfo [name: default]
2026-09-26 14:28:11.300  INFO [worker-service] [traceId=NO_TRACE] [tenantId=default] [           main] org.hibernate.Version                    : HHH000412: Hibernate ORM core version 6.6.8.Final
2026-09-26 14:28:11.406  INFO [worker-service] [traceId=NO_TRACE] [tenantId=default] [           main] o.h.c.internal.RegionFactoryInitiator    : HHH000026: Second-level cache disabled
2026-09-26 14:28:12.478  INFO [worker-service] [traceId=NO_TRACE] [tenantId=default] [           main] o.s.o.j.p.SpringPersistenceUnitInfo      : No LoadTimeWeaver setup: ignoring JPA class transformer
2026-09-26 14:28:12.564  INFO [worker-service] [traceId=NO_TRACE] [tenantId=default] [           main] com.zaxxer.hikari.HikariDataSource       : HikariPool-1 - Starting...
2026-09-26 14:28:12.911  INFO [worker-service] [traceId=NO_TRACE] [tenantId=default] [           main] com.zaxxer.hikari.pool.HikariPool        : HikariPool-1 - Added connection com.mysql.cj.jdbc.ConnectionImpl@47f416d0
2026-09-26 14:28:12.915  INFO [worker-service] [traceId=NO_TRACE] [tenantId=default] [           main] com.zaxxer.hikari.HikariDataSource       : HikariPool-1 - Start completed.
2026-09-26 14:28:13.020  WARN [worker-service] [traceId=NO_TRACE] [tenantId=default] [           main] org.hibernate.orm.deprecation            : HHH90000025: MySQLDialect does not need to be specified explicitly using 'hibernate.dialect' (remove the property setting and it will be selected by default)
2026-09-26 14:28:13.105  INFO [worker-service] [traceId=NO_TRACE] [tenantId=default] [           main] org.hibernate.orm.connections.pooling    : HHH10001005: Database info:
	Database JDBC URL [Connecting through datasource 'HikariDataSource (HikariPool-1)']
	Database driver: undefined/unknown
	Database version: 8.0.33
	Autocommit mode: undefined/unknown
	Isolation level: undefined/unknown
	Minimum pool size: undefined/unknown
	Maximum pool size: undefined/unknown
2026-09-26 14:28:16.465  INFO [worker-service] [traceId=NO_TRACE] [tenantId=default] [           main] o.h.e.t.j.p.i.JtaPlatformInitiator       : HHH000489: No JTA platform available (set 'hibernate.transaction.jta.platform' to enable JTA platform integration)
2026-09-26 14:28:18.672  INFO [worker-service] [traceId=NO_TRACE] [tenantId=default] [           main] j.LocalContainerEntityManagerFactoryBean : Initialized JPA EntityManagerFactory for persistence unit 'default'
2026-09-26 14:28:19.813  INFO [worker-service] [traceId=NO_TRACE] [tenantId=default] [           main] com.liochio.common.security.JwtUtils     : [JwtUtils] Loaded RSA Private Key successfully from classpath:certs/rsa-private.pem
2026-09-26 14:28:19.818  INFO [worker-service] [traceId=NO_TRACE] [tenantId=default] [           main] com.liochio.common.security.JwtUtils     : [JwtUtils] Loaded RSA Public Key successfully from classpath:certs/rsa-public.pem
2026-09-26 14:28:21.079 DEBUG [worker-service] [traceId=NO_TRACE] [tenantId=default] [           main] c.l.c.security.JwtAuthenticationFilter   : Filter 'jwtAuthenticationFilter' configured for use
2026-09-26 14:28:21.079 DEBUG [worker-service] [traceId=NO_TRACE] [tenantId=default] [           main] c.liochio.common.filter.MdcTraceFilter   : Filter 'mdcTraceFilter' configured for use
2026-09-26 14:28:21.081 DEBUG [worker-service] [traceId=NO_TRACE] [tenantId=default] [           main] com.liochio.common.filter.TenantFilter   : Filter 'tenantFilter' configured for use
2026-09-26 14:28:21.081 DEBUG [worker-service] [traceId=NO_TRACE] [tenantId=default] [           main] c.l.c.security.RestCacheControlFilter    : Filter 'restCacheControlFilter' configured for use
2026-09-26 14:28:21.082 DEBUG [worker-service] [traceId=NO_TRACE] [tenantId=default] [           main] c.l.common.filter.AuditLoggingFilter     : Filter 'auditLoggingFilter' configured for use
2026-09-26 14:28:22.371  INFO [worker-service] [traceId=NO_TRACE] [tenantId=default] [           main] o.s.d.j.r.query.QueryEnhancerFactory     : Hibernate is in classpath; If applicable, HQL parser will be used.
2026-09-26 14:28:24.182  WARN [worker-service] [traceId=NO_TRACE] [tenantId=default] [           main] JpaBaseConfiguration$JpaWebConfiguration : spring.jpa.open-in-view is enabled by default. Therefore, database queries may be performed during view rendering. Explicitly configure spring.jpa.open-in-view to disable this warning
2026-09-26 14:28:24.659  WARN [worker-service] [traceId=NO_TRACE] [tenantId=default] [           main] .s.s.UserDetailsServiceAutoConfiguration : 

Using generated security password: e1a39664-57dd-4119-b873-8dfd4faa8fcc

This generated password is for development use only. Your security configuration must be updated before running your application in production.

2026-09-26 14:28:24.729  INFO [worker-service] [traceId=NO_TRACE] [tenantId=default] [           main] r$InitializeUserDetailsManagerConfigurer : Global AuthenticationManager configured with UserDetailsService bean with name inMemoryUserDetailsManager
2026-09-26 14:28:32.989  INFO [worker-service] [traceId=NO_TRACE] [tenantId=default] [           main] o.s.cloud.commons.util.InetUtils         : Cannot determine local hostname
2026-09-26 14:28:33.059  INFO [worker-service] [traceId=NO_TRACE] [tenantId=default] [           main] DiscoveryClientOptionalArgsConfiguration : Eureka HTTP Client uses RestTemplate.
2026-09-26 14:28:33.536  INFO [worker-service] [traceId=NO_TRACE] [tenantId=default] [           main] o.s.b.w.embedded.tomcat.TomcatWebServer  : Tomcat started on port 8095 (http) with context path '/'
2026-09-26 14:28:34.607  INFO [worker-service] [traceId=NO_TRACE] [tenantId=default] [           main] o.s.cloud.commons.util.InetUtils         : Cannot determine local hostname
2026-09-26 14:28:34.628  INFO [worker-service] [traceId=NO_TRACE] [tenantId=default] [           main] c.l.worker.WorkerServiceApplication      : Started WorkerServiceApplication in 36.374 seconds (process running for 38.337)
2026-09-26 14:28:34.897 DEBUG [worker-service] [traceId=NO_TRACE] [tenantId=default] [   scheduling-1] c.liochio.common.advice.LoggingAspect    : [EXECUTION] com.liochio.worker.service.MailProcessingService.processPendingBatch() hoàn tất trong 200 ms
2026-09-26 14:28:34.915 DEBUG [worker-service] [traceId=NO_TRACE] [tenantId=default] [   scheduling-1] c.liochio.common.advice.LoggingAspect    : [EXECUTION] com.liochio.worker.service.OutboxProcessingService.processPendingOutboxEvents() hoàn tất trong 4 ms
2026-09-26 14:28:39.914 DEBUG [worker-service] [traceId=NO_TRACE] [tenantId=default] [   scheduling-1] c.liochio.common.advice.LoggingAspect    : [EXECUTION] com.liochio.worker.service.MailProcessingService.processPendingBatch() hoàn tất trong 2 ms
2026-09-26 14:28:39.927 DEBUG [worker-service] [traceId=NO_TRACE] [tenantId=default] [   scheduling-1] c.liochio.common.advice.LoggingAspect    : [EXECUTION] com.liochio.worker.service.OutboxProcessingService.processPendingOutboxEvents() hoàn tất trong 1 ms
2026-09-26 14:28:44.939 DEBUG [worker-service] [traceId=NO_TRACE] [tenantId=default] [   scheduling-1] c.liochio.common.advice.LoggingAspect    : [EXECUTION] com.liochio.worker.service.MailProcessingService.processPendingBatch() hoàn tất trong 2 ms
2026-09-26 14:28:44.948 DEBUG [worker-service] [traceId=NO_TRACE] [tenantId=default] [   scheduling-1] c.liochio.common.advice.LoggingAspect    : [EXECUTION] com.liochio.worker.service.OutboxProcessingService.processPendingOutboxEvents() hoàn tất trong 1 ms
2026-09-26 14:28:49.964 DEBUG [worker-service] [traceId=NO_TRACE] [tenantId=default] [   scheduling-1] c.liochio.common.advice.LoggingAspect    : [EXECUTION] com.liochio.worker.service.MailProcessingService.processPendingBatch() hoàn tất trong 1 ms
2026-09-26 14:28:49.971 DEBUG [worker-service] [traceId=NO_TRACE] [tenantId=default] [   scheduling-1] c.liochio.common.advice.LoggingAspect    : [EXECUTION] com.liochio.worker.service.OutboxProcessingService.processPendingOutboxEvents() hoàn tất trong 0 ms
2026-09-26 14:28:54.982 DEBUG [worker-service] [traceId=NO_TRACE] [tenantId=default] [   scheduling-1] c.liochio.common.advice.LoggingAspect    : [EXECUTION] com.liochio.worker.service.MailProcessingService.processPendingBatch() hoàn tất trong 2 ms
2026-09-26 14:28:54.991 DEBUG [worker-service] [traceId=NO_TRACE] [tenantId=default] [   scheduling-1] c.liochio.common.advice.LoggingAspect    : [EXECUTION] com.liochio.worker.service.OutboxProcessingService.processPendingOutboxEvents() hoàn tất trong 1 ms
2026-09-26 14:29:00.002 DEBUG [worker-service] [traceId=NO_TRACE] [tenantId=default] [   scheduling-1] c.liochio.common.advice.LoggingAspect    : [EXECUTION] com.liochio.worker.service.MailProcessingService.processPendingBatch() hoàn tất trong 2 ms
2026-09-26 14:29:00.011 DEBUG [worker-service] [traceId=NO_TRACE] [tenantId=default] [   scheduling-1] c.liochio.common.advice.LoggingAspect    : [EXECUTION] com.liochio.worker.service.OutboxProcessingService.processPendingOutboxEvents() hoàn tất trong 2 ms
2026-09-26 14:29:03.760  INFO [payment-service] [traceId=NO_TRACE] [tenantId=default] [ionShutdownHook] o.s.c.n.e.s.EurekaServiceRegistry        : Unregistering application PAYMENT-SERVICE with eureka with status DOWN
2026-09-26 14:29:03.772  INFO [payment-service] [traceId=NO_TRACE] [tenantId=default] [ionShutdownHook] o.s.b.w.e.tomcat.GracefulShutdown        : Commencing graceful shutdown. Waiting for active requests to complete
2026-09-26 14:29:03.839  INFO [worker-service] [traceId=NO_TRACE] [tenantId=default] [ionShutdownHook] o.s.b.w.e.tomcat.GracefulShutdown        : Commencing graceful shutdown. Waiting for active requests to complete
2026-09-26 14:29:03.823  INFO [entity-service] [traceId=NO_TRACE] [tenantId=default] [ionShutdownHook] o.s.c.n.e.s.EurekaServiceRegistry        : Unregistering application ENTITY-SERVICE with eureka with status DOWN
2026-09-26 14:29:03.903  INFO [entity-service] [traceId=NO_TRACE] [tenantId=default] [ionShutdownHook] o.s.b.w.e.tomcat.GracefulShutdown        : Commencing graceful shutdown. Waiting for active requests to complete
2026-09-26 14:29:04.056  INFO [api-gateway] [traceId=NO_TRACE] [tenantId=default] [ionShutdownHook] o.s.c.n.e.s.EurekaServiceRegistry        : Unregistering application API-GATEWAY with eureka with status DOWN
2026-09-26 14:29:04.125  INFO [api-gateway] [traceId=NO_TRACE] [tenantId=default] [ionShutdownHook] o.s.b.w.embedded.netty.GracefulShutdown  : Commencing graceful shutdown. Waiting for active requests to complete
2026-09-26 14:29:04.163  INFO [api-gateway] [traceId=NO_TRACE] [tenantId=default] [ netty-shutdown] o.s.b.w.embedded.netty.GracefulShutdown  : Graceful shutdown complete
2026-09-26 14:29:04.202  INFO [payment-service] [traceId=NO_TRACE] [tenantId=default] [tomcat-shutdown] o.s.b.w.e.tomcat.GracefulShutdown        : Graceful shutdown complete
2026-09-26 14:29:04.353  INFO [payment-service] [traceId=NO_TRACE] [tenantId=default] [ionShutdownHook] j.LocalContainerEntityManagerFactoryBean : Closing JPA EntityManagerFactory for persistence unit 'default'
2026-09-26 14:29:04.357  INFO [payment-service] [traceId=NO_TRACE] [tenantId=default] [ionShutdownHook] com.zaxxer.hikari.HikariDataSource       : HikariPool-1 - Shutdown initiated...
2026-09-26 14:29:04.378  INFO [entity-service] [traceId=NO_TRACE] [tenantId=default] [tomcat-shutdown] o.s.b.w.e.tomcat.GracefulShutdown        : Graceful shutdown complete
2026-09-26 14:29:04.394  INFO [payment-service] [traceId=NO_TRACE] [tenantId=default] [ionShutdownHook] com.zaxxer.hikari.HikariDataSource       : HikariPool-1 - Shutdown completed.
2026-09-26 14:29:04.435  INFO [worker-service] [traceId=NO_TRACE] [tenantId=default] [tomcat-shutdown] o.s.b.w.e.tomcat.GracefulShutdown        : Graceful shutdown complete
2026-09-26 14:29:04.460  INFO [entity-service] [traceId=NO_TRACE] [tenantId=default] [ionShutdownHook] j.LocalContainerEntityManagerFactoryBean : Closing JPA EntityManagerFactory for persistence unit 'default'
2026-09-26 14:29:04.463  INFO [entity-service] [traceId=NO_TRACE] [tenantId=default] [ionShutdownHook] com.zaxxer.hikari.HikariDataSource       : HikariPool-1 - Shutdown initiated...
2026-09-26 14:29:04.514  INFO [worker-service] [traceId=NO_TRACE] [tenantId=default] [ionShutdownHook] j.LocalContainerEntityManagerFactoryBean : Closing JPA EntityManagerFactory for persistence unit 'default'
2026-09-26 14:29:04.520  INFO [worker-service] [traceId=NO_TRACE] [tenantId=default] [ionShutdownHook] com.zaxxer.hikari.HikariDataSource       : HikariPool-1 - Shutdown initiated...
2026-09-26 14:29:04.540  INFO [worker-service] [traceId=NO_TRACE] [tenantId=default] [ionShutdownHook] com.zaxxer.hikari.HikariDataSource       : HikariPool-1 - Shutdown completed.
2026-09-26 14:29:04.547  INFO [entity-service] [traceId=NO_TRACE] [tenantId=default] [ionShutdownHook] com.zaxxer.hikari.HikariDataSource       : HikariPool-1 - Shutdown completed.
2026-09-26 14:29:07.433  WARN [payment-service] [traceId=NO_TRACE] [tenantId=default] [ionShutdownHook] c.n.d.s.t.d.RetryableEurekaHttpClient    : Request execution failed with message: I/O error on DELETE request for "http://localhost:8761/eureka/apps/PAYMENT-SERVICE/localhost:payment-service:8083": Connect to http://localhost:8761 [localhost/127.0.0.1, localhost/0:0:0:0:0:0:0:1] failed: Connection refused: no further information
2026-09-26 14:29:07.441  WARN [payment-service] [traceId=NO_TRACE] [tenantId=default] [ionShutdownHook] c.n.d.s.t.d.RetryableEurekaHttpClient    : Request execution failed with message: I/O error on DELETE request for "http://localhost:8761/eureka/apps/PAYMENT-SERVICE/localhost:payment-service:8083": Connect to http://localhost:8761 [localhost/127.0.0.1, localhost/0:0:0:0:0:0:0:1] failed: Connection refused: no further information
2026-09-26 14:29:07.441 ERROR [payment-service] [traceId=NO_TRACE] [tenantId=default] [ionShutdownHook] com.netflix.discovery.DiscoveryClient    : DiscoveryClient_PAYMENT-SERVICE/localhost:payment-service:8083 - de-registration failedCannot execute request on any known server

com.netflix.discovery.shared.transport.TransportException: Cannot execute request on any known server
	at com.netflix.discovery.shared.transport.decorator.RetryableEurekaHttpClient.execute(RetryableEurekaHttpClient.java:112)
	at com.netflix.discovery.shared.transport.decorator.EurekaHttpClientDecorator.cancel(EurekaHttpClientDecorator.java:71)
	at com.netflix.discovery.shared.transport.decorator.EurekaHttpClientDecorator$2.execute(EurekaHttpClientDecorator.java:74)
	at com.netflix.discovery.shared.transport.decorator.SessionedEurekaHttpClient.execute(SessionedEurekaHttpClient.java:76)
	at com.netflix.discovery.shared.transport.decorator.EurekaHttpClientDecorator.cancel(EurekaHttpClientDecorator.java:71)
	at com.netflix.discovery.DiscoveryClient.unregister(DiscoveryClient.java:919)
	at com.netflix.discovery.DiscoveryClient.shutdown(DiscoveryClient.java:900)
	at java.base/jdk.internal.reflect.NativeMethodAccessorImpl.invoke0(Native Method)
	at java.base/jdk.internal.reflect.NativeMethodAccessorImpl.invoke(NativeMethodAccessorImpl.java:77)
	at java.base/jdk.internal.reflect.DelegatingMethodAccessorImpl.invoke(DelegatingMethodAccessorImpl.java:43)
	at java.base/java.lang.reflect.Method.invoke(Method.java:568)
	at org.springframework.beans.factory.annotation.InitDestroyAnnotationBeanPostProcessor$LifecycleMethod.invoke(InitDestroyAnnotationBeanPostProcessor.java:457)
	at org.springframework.beans.factory.annotation.InitDestroyAnnotationBeanPostProcessor$LifecycleMetadata.invokeDestroyMethods(InitDestroyAnnotationBeanPostProcessor.java:415)
	at org.springframework.beans.factory.annotation.InitDestroyAnnotationBeanPostProcessor.postProcessBeforeDestruction(InitDestroyAnnotationBeanPostProcessor.java:239)
	at org.springframework.beans.factory.support.DisposableBeanAdapter.destroy(DisposableBeanAdapter.java:202)
	at org.springframework.beans.factory.support.DisposableBeanAdapter.run(DisposableBeanAdapter.java:195)
	at org.springframework.cloud.context.scope.GenericScope$BeanLifecycleWrapper.destroy(GenericScope.java:389)
	at org.springframework.cloud.context.scope.GenericScope.destroy(GenericScope.java:136)
	at org.springframework.beans.factory.support.DisposableBeanAdapter.destroy(DisposableBeanAdapter.java:211)
	at org.springframework.beans.factory.support.DefaultSingletonBeanRegistry.destroyBean(DefaultSingletonBeanRegistry.java:735)
	at org.springframework.beans.factory.support.DefaultSingletonBeanRegistry.destroySingleton(DefaultSingletonBeanRegistry.java:692)
	at org.springframework.beans.factory.support.DefaultListableBeanFactory.destroySingleton(DefaultListableBeanFactory.java:1401)
	at org.springframework.beans.factory.support.DefaultSingletonBeanRegistry.destroySingletons(DefaultSingletonBeanRegistry.java:651)
	at org.springframework.beans.factory.support.DefaultListableBeanFactory.destroySingletons(DefaultListableBeanFactory.java:1394)
	at org.springframework.context.support.AbstractApplicationContext.destroyBeans(AbstractApplicationContext.java:1219)
	at org.springframework.context.support.AbstractApplicationContext.doClose(AbstractApplicationContext.java:1180)
	at org.springframework.boot.web.servlet.context.ServletWebServerApplicationContext.doClose(ServletWebServerApplicationContext.java:179)
	at org.springframework.context.support.AbstractApplicationContext.close(AbstractApplicationContext.java:1126)
	at org.springframework.boot.SpringApplicationShutdownHook.closeAndWait(SpringApplicationShutdownHook.java:147)
	at java.base/java.lang.Iterable.forEach(Iterable.java:75)
	at org.springframework.boot.SpringApplicationShutdownHook.run(SpringApplicationShutdownHook.java:116)
	at java.base/java.lang.Thread.run(Thread.java:842)

2026-09-26 14:29:07.566  WARN [entity-service] [traceId=NO_TRACE] [tenantId=default] [ionShutdownHook] c.n.d.s.t.d.RetryableEurekaHttpClient    : Request execution failed with message: I/O error on DELETE request for "http://localhost:8761/eureka/apps/ENTITY-SERVICE/localhost:entity-service:8082": Connect to http://localhost:8761 [localhost/127.0.0.1, localhost/0:0:0:0:0:0:0:1] failed: Connection refused: no further information
2026-09-26 14:29:07.572  WARN [entity-service] [traceId=NO_TRACE] [tenantId=default] [ionShutdownHook] c.n.d.s.t.d.RetryableEurekaHttpClient    : Request execution failed with message: I/O error on DELETE request for "http://localhost:8761/eureka/apps/ENTITY-SERVICE/localhost:entity-service:8082": Connect to http://localhost:8761 [localhost/127.0.0.1, localhost/0:0:0:0:0:0:0:1] failed: Connection refused: no further information
2026-09-26 14:29:07.572 ERROR [entity-service] [traceId=NO_TRACE] [tenantId=default] [ionShutdownHook] com.netflix.discovery.DiscoveryClient    : DiscoveryClient_ENTITY-SERVICE/localhost:entity-service:8082 - de-registration failedCannot execute request on any known server

com.netflix.discovery.shared.transport.TransportException: Cannot execute request on any known server
	at com.netflix.discovery.shared.transport.decorator.RetryableEurekaHttpClient.execute(RetryableEurekaHttpClient.java:112)
	at com.netflix.discovery.shared.transport.decorator.EurekaHttpClientDecorator.cancel(EurekaHttpClientDecorator.java:71)
	at com.netflix.discovery.shared.transport.decorator.EurekaHttpClientDecorator$2.execute(EurekaHttpClientDecorator.java:74)
	at com.netflix.discovery.shared.transport.decorator.SessionedEurekaHttpClient.execute(SessionedEurekaHttpClient.java:76)
	at com.netflix.discovery.shared.transport.decorator.EurekaHttpClientDecorator.cancel(EurekaHttpClientDecorator.java:71)
	at com.netflix.discovery.DiscoveryClient.unregister(DiscoveryClient.java:919)
	at com.netflix.discovery.DiscoveryClient.shutdown(DiscoveryClient.java:900)
	at java.base/jdk.internal.reflect.NativeMethodAccessorImpl.invoke0(Native Method)
	at java.base/jdk.internal.reflect.NativeMethodAccessorImpl.invoke(NativeMethodAccessorImpl.java:77)
	at java.base/jdk.internal.reflect.DelegatingMethodAccessorImpl.invoke(DelegatingMethodAccessorImpl.java:43)
	at java.base/java.lang.reflect.Method.invoke(Method.java:568)
	at org.springframework.beans.factory.annotation.InitDestroyAnnotationBeanPostProcessor$LifecycleMethod.invoke(InitDestroyAnnotationBeanPostProcessor.java:457)
	at org.springframework.beans.factory.annotation.InitDestroyAnnotationBeanPostProcessor$LifecycleMetadata.invokeDestroyMethods(InitDestroyAnnotationBeanPostProcessor.java:415)
	at org.springframework.beans.factory.annotation.InitDestroyAnnotationBeanPostProcessor.postProcessBeforeDestruction(InitDestroyAnnotationBeanPostProcessor.java:239)
	at org.springframework.beans.factory.support.DisposableBeanAdapter.destroy(DisposableBeanAdapter.java:202)
	at org.springframework.beans.factory.support.DisposableBeanAdapter.run(DisposableBeanAdapter.java:195)
	at org.springframework.cloud.context.scope.GenericScope$BeanLifecycleWrapper.destroy(GenericScope.java:389)
	at org.springframework.cloud.context.scope.GenericScope.destroy(GenericScope.java:136)
	at org.springframework.beans.factory.support.DisposableBeanAdapter.destroy(DisposableBeanAdapter.java:211)
	at org.springframework.beans.factory.support.DefaultSingletonBeanRegistry.destroyBean(DefaultSingletonBeanRegistry.java:735)
	at org.springframework.beans.factory.support.DefaultSingletonBeanRegistry.destroySingleton(DefaultSingletonBeanRegistry.java:692)
	at org.springframework.beans.factory.support.DefaultListableBeanFactory.destroySingleton(DefaultListableBeanFactory.java:1401)
	at org.springframework.beans.factory.support.DefaultSingletonBeanRegistry.destroySingletons(DefaultSingletonBeanRegistry.java:651)
	at org.springframework.beans.factory.support.DefaultListableBeanFactory.destroySingletons(DefaultListableBeanFactory.java:1394)
	at org.springframework.context.support.AbstractApplicationContext.destroyBeans(AbstractApplicationContext.java:1219)
	at org.springframework.context.support.AbstractApplicationContext.doClose(AbstractApplicationContext.java:1180)
	at org.springframework.boot.web.servlet.context.ServletWebServerApplicationContext.doClose(ServletWebServerApplicationContext.java:179)
	at org.springframework.context.support.AbstractApplicationContext.close(AbstractApplicationContext.java:1126)
	at org.springframework.boot.SpringApplicationShutdownHook.closeAndWait(SpringApplicationShutdownHook.java:147)
	at java.base/java.lang.Iterable.forEach(Iterable.java:75)
	at org.springframework.boot.SpringApplicationShutdownHook.run(SpringApplicationShutdownHook.java:116)
	at java.base/java.lang.Thread.run(Thread.java:842)

2026-09-26 14:29:09.372  WARN [api-gateway] [traceId=NO_TRACE] [tenantId=default] [ionShutdownHook] c.n.d.s.t.d.RetryableEurekaHttpClient    : Request execution failed with message: I/O error on DELETE request for "http://localhost:8761/eureka/apps/API-GATEWAY/localhost:api-gateway:8080": Connect to http://localhost:8761 [localhost/127.0.0.1, localhost/0:0:0:0:0:0:0:1] failed: Connection refused: no further information
2026-09-26 14:29:09.381  WARN [api-gateway] [traceId=NO_TRACE] [tenantId=default] [ionShutdownHook] c.n.d.s.t.d.RetryableEurekaHttpClient    : Request execution failed with message: I/O error on DELETE request for "http://localhost:8761/eureka/apps/API-GATEWAY/localhost:api-gateway:8080": Connect to http://localhost:8761 [localhost/127.0.0.1, localhost/0:0:0:0:0:0:0:1] failed: Connection refused: no further information
2026-09-26 14:29:09.382 ERROR [api-gateway] [traceId=NO_TRACE] [tenantId=default] [ionShutdownHook] com.netflix.discovery.DiscoveryClient    : DiscoveryClient_API-GATEWAY/localhost:api-gateway:8080 - de-registration failedCannot execute request on any known server

com.netflix.discovery.shared.transport.TransportException: Cannot execute request on any known server
	at com.netflix.discovery.shared.transport.decorator.RetryableEurekaHttpClient.execute(RetryableEurekaHttpClient.java:112)
	at com.netflix.discovery.shared.transport.decorator.EurekaHttpClientDecorator.cancel(EurekaHttpClientDecorator.java:71)
	at com.netflix.discovery.shared.transport.decorator.EurekaHttpClientDecorator$2.execute(EurekaHttpClientDecorator.java:74)
	at com.netflix.discovery.shared.transport.decorator.SessionedEurekaHttpClient.execute(SessionedEurekaHttpClient.java:76)
	at com.netflix.discovery.shared.transport.decorator.EurekaHttpClientDecorator.cancel(EurekaHttpClientDecorator.java:71)
	at com.netflix.discovery.DiscoveryClient.unregister(DiscoveryClient.java:919)
	at com.netflix.discovery.DiscoveryClient.shutdown(DiscoveryClient.java:900)
	at java.base/jdk.internal.reflect.NativeMethodAccessorImpl.invoke0(Native Method)
	at java.base/jdk.internal.reflect.NativeMethodAccessorImpl.invoke(NativeMethodAccessorImpl.java:77)
	at java.base/jdk.internal.reflect.DelegatingMethodAccessorImpl.invoke(DelegatingMethodAccessorImpl.java:43)
	at java.base/java.lang.reflect.Method.invoke(Method.java:568)
	at org.springframework.beans.factory.annotation.InitDestroyAnnotationBeanPostProcessor$LifecycleMethod.invoke(InitDestroyAnnotationBeanPostProcessor.java:457)
	at org.springframework.beans.factory.annotation.InitDestroyAnnotationBeanPostProcessor$LifecycleMetadata.invokeDestroyMethods(InitDestroyAnnotationBeanPostProcessor.java:415)
	at org.springframework.beans.factory.annotation.InitDestroyAnnotationBeanPostProcessor.postProcessBeforeDestruction(InitDestroyAnnotationBeanPostProcessor.java:239)
	at org.springframework.beans.factory.support.DisposableBeanAdapter.destroy(DisposableBeanAdapter.java:202)
	at org.springframework.beans.factory.support.DisposableBeanAdapter.run(DisposableBeanAdapter.java:195)
	at org.springframework.cloud.context.scope.GenericScope$BeanLifecycleWrapper.destroy(GenericScope.java:389)
	at org.springframework.cloud.context.scope.GenericScope.destroy(GenericScope.java:136)
	at org.springframework.beans.factory.support.DisposableBeanAdapter.destroy(DisposableBeanAdapter.java:211)
	at org.springframework.beans.factory.support.DefaultSingletonBeanRegistry.destroyBean(DefaultSingletonBeanRegistry.java:735)
	at org.springframework.beans.factory.support.DefaultSingletonBeanRegistry.destroySingleton(DefaultSingletonBeanRegistry.java:692)
	at org.springframework.beans.factory.support.DefaultListableBeanFactory.destroySingleton(DefaultListableBeanFactory.java:1401)
	at org.springframework.beans.factory.support.DefaultSingletonBeanRegistry.destroySingletons(DefaultSingletonBeanRegistry.java:651)
	at org.springframework.beans.factory.support.DefaultListableBeanFactory.destroySingletons(DefaultListableBeanFactory.java:1394)
	at org.springframework.context.support.AbstractApplicationContext.destroyBeans(AbstractApplicationContext.java:1219)
	at org.springframework.context.support.AbstractApplicationContext.doClose(AbstractApplicationContext.java:1180)
	at org.springframework.boot.web.reactive.context.ReactiveWebServerApplicationContext.doClose(ReactiveWebServerApplicationContext.java:155)
	at org.springframework.context.support.AbstractApplicationContext.close(AbstractApplicationContext.java:1126)
	at org.springframework.boot.SpringApplicationShutdownHook.closeAndWait(SpringApplicationShutdownHook.java:147)
	at java.base/java.lang.Iterable.forEach(Iterable.java:75)
	at org.springframework.boot.SpringApplicationShutdownHook.run(SpringApplicationShutdownHook.java:116)
	at java.base/java.lang.Thread.run(Thread.java:842)

