2026-09-26 14:25:23.538  INFO [notification-service] [traceId=NO_TRACE] [tenantId=default] [           main] c.l.n.NotificationServiceApplication     : Starting NotificationServiceApplication using Java 17.0.17 with PID 11892 (E:\Github\Back-end\Microservice\SpringBoot\notification-service\target\classes started by Liochio in E:\Github\Back-end\Microservice)
2026-09-26 14:25:23.542 DEBUG [notification-service] [traceId=NO_TRACE] [tenantId=default] [           main] c.l.n.NotificationServiceApplication     : Running with Spring Boot v3.4.3, Spring v6.2.3
2026-09-26 14:25:23.556  INFO [notification-service] [traceId=NO_TRACE] [tenantId=default] [           main] c.l.n.NotificationServiceApplication     : No active profile set, falling back to 1 default profile: "default"
2026-09-26 14:25:23.697  INFO [notification-service] [traceId=NO_TRACE] [tenantId=default] [           main] o.s.c.c.c.ConfigServerConfigDataLoader   : Fetching config from server at : http://localhost:8888/
2026-09-26 14:25:23.697  WARN [notification-service] [traceId=NO_TRACE] [tenantId=default] [           main] o.s.c.c.c.ConfigServerConfigDataLoader   : Could not locate PropertySource ([ConfigServerConfigDataResource@1e53135d uris = array<String>['http://localhost:8888/'], optional = true, profiles = 'default']): 401  on GET request for "http://localhost:8888/notification-service/default": [no body]
2026-09-26 14:25:23.697  INFO [notification-service] [traceId=NO_TRACE] [tenantId=default] [           main] o.s.c.c.c.ConfigServerConfigDataLoader   : Fetching config from server at : http://localhost:8888/
2026-09-26 14:25:23.698  WARN [notification-service] [traceId=NO_TRACE] [tenantId=default] [           main] o.s.c.c.c.ConfigServerConfigDataLoader   : Could not locate PropertySource ([ConfigServerConfigDataResource@7692cd34 uris = array<String>['http://localhost:8888/'], optional = true, profiles = 'default']): 401  on GET request for "http://localhost:8888/notification-service/default": [no body]
2026-09-26 14:25:23.698  INFO [notification-service] [traceId=NO_TRACE] [tenantId=default] [           main] o.s.c.c.c.ConfigServerConfigDataLoader   : Fetching config from server at : http://localhost:8888/
2026-09-26 14:25:23.698  WARN [notification-service] [traceId=NO_TRACE] [tenantId=default] [           main] o.s.c.c.c.ConfigServerConfigDataLoader   : Could not locate PropertySource ([ConfigServerConfigDataResource@33aa93c uris = array<String>['http://localhost:8888/'], optional = true, profiles = 'default']): 401  on GET request for "http://localhost:8888/notification-service/default": [no body]
2026-09-26 14:25:27.258  INFO [notification-service] [traceId=NO_TRACE] [tenantId=default] [           main] .s.d.r.c.RepositoryConfigurationDelegate : Multiple Spring Data modules found, entering strict repository configuration mode
2026-09-26 14:25:27.259  INFO [notification-service] [traceId=NO_TRACE] [tenantId=default] [           main] .s.d.r.c.RepositoryConfigurationDelegate : Bootstrapping Spring Data JPA repositories in DEFAULT mode.
2026-09-26 14:25:27.639  INFO [notification-service] [traceId=NO_TRACE] [tenantId=default] [           main] .s.d.r.c.RepositoryConfigurationDelegate : Finished Spring Data repository scanning in 366 ms. Found 9 JPA repository interfaces.
2026-09-26 14:25:28.643  INFO [notification-service] [traceId=NO_TRACE] [tenantId=default] [           main] .s.d.r.c.RepositoryConfigurationDelegate : Multiple Spring Data modules found, entering strict repository configuration mode
2026-09-26 14:25:28.645  INFO [notification-service] [traceId=NO_TRACE] [tenantId=default] [           main] .s.d.r.c.RepositoryConfigurationDelegate : Bootstrapping Spring Data Redis repositories in DEFAULT mode.
2026-09-26 14:25:28.785  INFO [notification-service] [traceId=NO_TRACE] [tenantId=default] [           main] .RepositoryConfigurationExtensionSupport : Spring Data Redis - Could not safely identify store assignment for repository candidate interface com.liochio.notification.repository.NotificationLogRepository; If you want this repository to be a Redis repository, consider annotating your entities with one of these annotations: org.springframework.data.redis.core.RedisHash (preferred), or consider extending one of the following types with your repository: org.springframework.data.keyvalue.repository.KeyValueRepository
2026-09-26 14:25:28.786  INFO [notification-service] [traceId=NO_TRACE] [tenantId=default] [           main] .RepositoryConfigurationExtensionSupport : Spring Data Redis - Could not safely identify store assignment for repository candidate interface com.liochio.notification.repository.NotificationTemplateRepository; If you want this repository to be a Redis repository, consider annotating your entities with one of these annotations: org.springframework.data.redis.core.RedisHash (preferred), or consider extending one of the following types with your repository: org.springframework.data.keyvalue.repository.KeyValueRepository
2026-09-26 14:25:28.788  INFO [notification-service] [traceId=NO_TRACE] [tenantId=default] [           main] .RepositoryConfigurationExtensionSupport : Spring Data Redis - Could not safely identify store assignment for repository candidate interface com.liochio.notification.repository.TenantNotificationConfigRepository; If you want this repository to be a Redis repository, consider annotating your entities with one of these annotations: org.springframework.data.redis.core.RedisHash (preferred), or consider extending one of the following types with your repository: org.springframework.data.keyvalue.repository.KeyValueRepository
2026-09-26 14:25:28.796  INFO [notification-service] [traceId=NO_TRACE] [tenantId=default] [           main] .s.d.r.c.RepositoryConfigurationDelegate : Finished Spring Data repository scanning in 132 ms. Found 0 Redis repository interfaces.
2026-09-26 14:25:29.951  INFO [notification-service] [traceId=NO_TRACE] [tenantId=default] [           main] o.s.cloud.context.scope.GenericScope     : BeanFactory id=7360ba0c-5713-3fc4-a92f-c2cd48309838
2026-09-26 14:25:34.139  INFO [notification-service] [traceId=NO_TRACE] [tenantId=default] [           main] o.s.b.w.embedded.tomcat.TomcatWebServer  : Tomcat initialized with port 8084 (http)
2026-09-26 14:25:34.166  INFO [notification-service] [traceId=NO_TRACE] [tenantId=default] [           main] o.apache.catalina.core.StandardService   : Starting service [Tomcat]
2026-09-26 14:25:34.168  INFO [notification-service] [traceId=NO_TRACE] [tenantId=default] [           main] o.apache.catalina.core.StandardEngine    : Starting Servlet engine: [Apache Tomcat/10.1.36]
2026-09-26 14:25:34.427  INFO [notification-service] [traceId=NO_TRACE] [tenantId=default] [           main] o.a.c.c.C.[Tomcat].[localhost].[/]       : Initializing Spring embedded WebApplicationContext
2026-09-26 14:25:34.428  INFO [notification-service] [traceId=NO_TRACE] [tenantId=default] [           main] w.s.c.ServletWebServerApplicationContext : Root WebApplicationContext: initialization completed in 10725 ms
2026-09-26 14:25:35.260  INFO [notification-service] [traceId=NO_TRACE] [tenantId=default] [           main] o.hibernate.jpa.internal.util.LogHelper  : HHH000204: Processing PersistenceUnitInfo [name: default]
2026-09-26 14:25:35.606  INFO [notification-service] [traceId=NO_TRACE] [tenantId=default] [           main] org.hibernate.Version                    : HHH000412: Hibernate ORM core version 6.6.8.Final
2026-09-26 14:25:35.746  INFO [notification-service] [traceId=NO_TRACE] [tenantId=default] [           main] o.h.c.internal.RegionFactoryInitiator    : HHH000026: Second-level cache disabled
2026-09-26 14:25:37.044  INFO [notification-service] [traceId=NO_TRACE] [tenantId=default] [           main] o.s.o.j.p.SpringPersistenceUnitInfo      : No LoadTimeWeaver setup: ignoring JPA class transformer
2026-09-26 14:25:37.211  INFO [notification-service] [traceId=NO_TRACE] [tenantId=default] [           main] com.zaxxer.hikari.HikariDataSource       : HikariPool-1 - Starting...
2026-09-26 14:25:37.706  INFO [notification-service] [traceId=NO_TRACE] [tenantId=default] [           main] com.zaxxer.hikari.pool.HikariPool        : HikariPool-1 - Added connection com.mysql.cj.jdbc.ConnectionImpl@21e15093
2026-09-26 14:25:37.710  INFO [notification-service] [traceId=NO_TRACE] [tenantId=default] [           main] com.zaxxer.hikari.HikariDataSource       : HikariPool-1 - Start completed.
2026-09-26 14:25:37.846  WARN [notification-service] [traceId=NO_TRACE] [tenantId=default] [           main] org.hibernate.orm.deprecation            : HHH90000025: MySQLDialect does not need to be specified explicitly using 'hibernate.dialect' (remove the property setting and it will be selected by default)
2026-09-26 14:25:37.890  INFO [notification-service] [traceId=NO_TRACE] [tenantId=default] [           main] org.hibernate.orm.connections.pooling    : HHH10001005: Database info:
	Database JDBC URL [Connecting through datasource 'HikariDataSource (HikariPool-1)']
	Database driver: undefined/unknown
	Database version: 8.0.33
	Autocommit mode: undefined/unknown
	Isolation level: undefined/unknown
	Minimum pool size: undefined/unknown
	Maximum pool size: undefined/unknown
2026-09-26 14:25:43.790  INFO [notification-service] [traceId=NO_TRACE] [tenantId=default] [           main] o.h.e.t.j.p.i.JtaPlatformInitiator       : HHH000489: No JTA platform available (set 'hibernate.transaction.jta.platform' to enable JTA platform integration)
2026-09-26 14:25:44.082  INFO [notification-service] [traceId=NO_TRACE] [tenantId=default] [           main] j.LocalContainerEntityManagerFactoryBean : Initialized JPA EntityManagerFactory for persistence unit 'default'
2026-09-26 14:25:46.020  INFO [notification-service] [traceId=NO_TRACE] [tenantId=default] [           main] com.liochio.common.security.JwtUtils     : [JwtUtils] Loaded RSA Private Key successfully from classpath:certs/rsa-private.pem
2026-09-26 14:25:46.059  INFO [notification-service] [traceId=NO_TRACE] [tenantId=default] [           main] com.liochio.common.security.JwtUtils     : [JwtUtils] Loaded RSA Public Key successfully from classpath:certs/rsa-public.pem
2026-09-26 14:25:49.670 DEBUG [notification-service] [traceId=NO_TRACE] [tenantId=default] [           main] c.l.c.security.JwtAuthenticationFilter   : Filter 'jwtAuthenticationFilter' configured for use
2026-09-26 14:25:49.674 DEBUG [notification-service] [traceId=NO_TRACE] [tenantId=default] [           main] c.liochio.common.filter.MdcTraceFilter   : Filter 'mdcTraceFilter' configured for use
2026-09-26 14:25:49.678 DEBUG [notification-service] [traceId=NO_TRACE] [tenantId=default] [           main] com.liochio.common.filter.TenantFilter   : Filter 'tenantFilter' configured for use
2026-09-26 14:25:49.679 DEBUG [notification-service] [traceId=NO_TRACE] [tenantId=default] [           main] c.l.c.security.RestCacheControlFilter    : Filter 'restCacheControlFilter' configured for use
2026-09-26 14:25:49.680 DEBUG [notification-service] [traceId=NO_TRACE] [tenantId=default] [           main] c.l.common.filter.AuditLoggingFilter     : Filter 'auditLoggingFilter' configured for use
2026-09-26 14:25:52.646  INFO [notification-service] [traceId=NO_TRACE] [tenantId=default] [           main] o.s.d.j.r.query.QueryEnhancerFactory     : Hibernate is in classpath; If applicable, HQL parser will be used.
2026-09-26 14:25:58.572  WARN [notification-service] [traceId=NO_TRACE] [tenantId=default] [           main] .s.s.UserDetailsServiceAutoConfiguration : 

Using generated security password: 47ca7072-b179-4340-bb51-0a56478f3f34

This generated password is for development use only. Your security configuration must be updated before running your application in production.

2026-09-26 14:25:58.625  INFO [notification-service] [traceId=NO_TRACE] [tenantId=default] [           main] r$InitializeUserDetailsManagerConfigurer : Global AuthenticationManager configured with UserDetailsService bean with name inMemoryUserDetailsManager
2026-09-26 14:26:11.683  INFO [notification-service] [traceId=NO_TRACE] [tenantId=default] [           main] o.s.cloud.commons.util.InetUtils         : Cannot determine local hostname
2026-09-26 14:26:12.982  INFO [notification-service] [traceId=NO_TRACE] [tenantId=default] [           main] o.s.cloud.commons.util.InetUtils         : Cannot determine local hostname
2026-09-26 14:26:13.265  INFO [notification-service] [traceId=NO_TRACE] [tenantId=default] [           main] DiscoveryClientOptionalArgsConfiguration : Eureka HTTP Client uses RestTemplate.
2026-09-26 14:26:13.920  INFO [notification-service] [traceId=NO_TRACE] [tenantId=default] [           main] o.s.m.s.b.SimpleBrokerMessageHandler     : Starting...
2026-09-26 14:26:13.922  INFO [notification-service] [traceId=NO_TRACE] [tenantId=default] [           main] o.s.m.s.b.SimpleBrokerMessageHandler     : BrokerAvailabilityEvent[available=true, SimpleBrokerMessageHandler [org.springframework.messaging.simp.broker.DefaultSubscriptionRegistry@6f21aa2b]]
2026-09-26 14:26:13.937  INFO [notification-service] [traceId=NO_TRACE] [tenantId=default] [           main] o.s.m.s.b.SimpleBrokerMessageHandler     : Started.
2026-09-26 14:26:13.977  INFO [notification-service] [traceId=NO_TRACE] [tenantId=default] [           main] o.s.c.n.eureka.InstanceInfoFactory       : Setting initial instance status as: STARTING
2026-09-26 14:26:15.355  INFO [notification-service] [traceId=NO_TRACE] [tenantId=default] [           main] o.s.c.n.e.s.EurekaServiceRegistry        : Registering application NOTIFICATION-SERVICE with eureka with status UP
2026-09-26 14:26:15.470  INFO [notification-service] [traceId=NO_TRACE] [tenantId=default] [           main] o.s.b.w.embedded.tomcat.TomcatWebServer  : Tomcat started on port 8084 (http) with context path '/'
2026-09-26 14:26:15.476  INFO [notification-service] [traceId=NO_TRACE] [tenantId=default] [           main] .s.c.n.e.s.EurekaAutoServiceRegistration : Updating port to 8084
2026-09-26 14:26:16.988  INFO [notification-service] [traceId=NO_TRACE] [tenantId=default] [           main] o.s.cloud.commons.util.InetUtils         : Cannot determine local hostname
2026-09-26 14:26:17.106  INFO [notification-service] [traceId=NO_TRACE] [tenantId=default] [           main] c.l.n.NotificationServiceApplication     : Started NotificationServiceApplication in 59.221 seconds (process running for 61.854)
2026-09-26 14:27:13.848  INFO [notification-service] [traceId=NO_TRACE] [tenantId=default] [MessageBroker-1] o.s.w.s.c.WebSocketMessageBrokerStats    : WebSocketSession[0 current WS(0)-HttpStream(0)-HttpPoll(0), 0 total, 0 closed abnormally (0 connect failure, 0 send limit, 0 transport error)], stompSubProtocol[processed CONNECT(0)-CONNECTED(0)-DISCONNECT(0)], stompBrokerRelay[null], inboundChannel[pool size = 0, active threads = 0, queued tasks = 0, completed tasks = 0], outboundChannel[pool size = 0, active threads = 0, queued tasks = 0, completed tasks = 0], sockJsScheduler[pool size = 1, active threads = 1, queued tasks = 0, completed tasks = 0]
2026-09-26 14:27:38.524  INFO [auth-service] [traceId=NO_TRACE] [tenantId=default] [           main] c.liochio.auth.AuthServiceApplication    : Starting AuthServiceApplication using Java 17.0.17 with PID 29252 (E:\Github\Back-end\Microservice\SpringBoot\auth-service\target\classes started by Liochio in E:\Github\Back-end\Microservice)
2026-09-26 14:27:38.530 DEBUG [auth-service] [traceId=NO_TRACE] [tenantId=default] [           main] c.liochio.auth.AuthServiceApplication    : Running with Spring Boot v3.4.3, Spring v6.2.3
2026-09-26 14:27:38.533  INFO [auth-service] [traceId=NO_TRACE] [tenantId=default] [           main] c.liochio.auth.AuthServiceApplication    : No active profile set, falling back to 1 default profile: "default"
2026-09-26 14:27:38.807  INFO [auth-service] [traceId=NO_TRACE] [tenantId=default] [           main] o.s.c.c.c.ConfigServerConfigDataLoader   : Fetching config from server at : http://localhost:8888/
2026-09-26 14:27:38.809  WARN [auth-service] [traceId=NO_TRACE] [tenantId=default] [           main] o.s.c.c.c.ConfigServerConfigDataLoader   : Could not locate PropertySource ([ConfigServerConfigDataResource@226f885f uris = array<String>['http://localhost:8888/'], optional = true, profiles = 'default']): 401  on GET request for "http://localhost:8888/auth-service/default": [no body]
2026-09-26 14:27:38.809  INFO [auth-service] [traceId=NO_TRACE] [tenantId=default] [           main] o.s.c.c.c.ConfigServerConfigDataLoader   : Fetching config from server at : http://localhost:8888/
2026-09-26 14:27:38.809  WARN [auth-service] [traceId=NO_TRACE] [tenantId=default] [           main] o.s.c.c.c.ConfigServerConfigDataLoader   : Could not locate PropertySource ([ConfigServerConfigDataResource@4c4d362a uris = array<String>['http://localhost:8888/'], optional = true, profiles = 'default']): 401  on GET request for "http://localhost:8888/auth-service/default": [no body]
2026-09-26 14:27:38.809  INFO [auth-service] [traceId=NO_TRACE] [tenantId=default] [           main] o.s.c.c.c.ConfigServerConfigDataLoader   : Fetching config from server at : http://localhost:8888/
2026-09-26 14:27:38.809  WARN [auth-service] [traceId=NO_TRACE] [tenantId=default] [           main] o.s.c.c.c.ConfigServerConfigDataLoader   : Could not locate PropertySource ([ConfigServerConfigDataResource@5400db36 uris = array<String>['http://localhost:8888/'], optional = true, profiles = 'default']): 401  on GET request for "http://localhost:8888/auth-service/default": [no body]
2026-09-26 14:27:41.898  INFO [auth-service] [traceId=NO_TRACE] [tenantId=default] [           main] .s.d.r.c.RepositoryConfigurationDelegate : Multiple Spring Data modules found, entering strict repository configuration mode
2026-09-26 14:27:41.898  INFO [auth-service] [traceId=NO_TRACE] [tenantId=default] [           main] .s.d.r.c.RepositoryConfigurationDelegate : Bootstrapping Spring Data JPA repositories in DEFAULT mode.
2026-09-26 14:27:42.770  INFO [auth-service] [traceId=NO_TRACE] [tenantId=default] [           main] .s.d.r.c.RepositoryConfigurationDelegate : Finished Spring Data repository scanning in 842 ms. Found 22 JPA repository interfaces.
2026-09-26 14:27:43.927  INFO [auth-service] [traceId=NO_TRACE] [tenantId=default] [           main] .s.d.r.c.RepositoryConfigurationDelegate : Multiple Spring Data modules found, entering strict repository configuration mode
2026-09-26 14:27:43.931  INFO [auth-service] [traceId=NO_TRACE] [tenantId=default] [           main] .s.d.r.c.RepositoryConfigurationDelegate : Bootstrapping Spring Data Redis repositories in DEFAULT mode.
2026-09-26 14:27:43.989  INFO [auth-service] [traceId=NO_TRACE] [tenantId=default] [           main] .RepositoryConfigurationExtensionSupport : Spring Data Redis - Could not safely identify store assignment for repository candidate interface com.liochio.auth.repository.ApprovalHistoryRepository; If you want this repository to be a Redis repository, consider annotating your entities with one of these annotations: org.springframework.data.redis.core.RedisHash (preferred), or consider extending one of the following types with your repository: org.springframework.data.keyvalue.repository.KeyValueRepository
2026-09-26 14:27:43.989  INFO [auth-service] [traceId=NO_TRACE] [tenantId=default] [           main] .RepositoryConfigurationExtensionSupport : Spring Data Redis - Could not safely identify store assignment for repository candidate interface com.liochio.auth.repository.ApprovalRequestRepository; If you want this repository to be a Redis repository, consider annotating your entities with one of these annotations: org.springframework.data.redis.core.RedisHash (preferred), or consider extending one of the following types with your repository: org.springframework.data.keyvalue.repository.KeyValueRepository
2026-09-26 14:27:43.989  INFO [auth-service] [traceId=NO_TRACE] [tenantId=default] [           main] .RepositoryConfigurationExtensionSupport : Spring Data Redis - Could not safely identify store assignment for repository candidate interface com.liochio.auth.repository.CustomerOnboardingGateRepository; If you want this repository to be a Redis repository, consider annotating your entities with one of these annotations: org.springframework.data.redis.core.RedisHash (preferred), or consider extending one of the following types with your repository: org.springframework.data.keyvalue.repository.KeyValueRepository
2026-09-26 14:27:43.989  INFO [auth-service] [traceId=NO_TRACE] [tenantId=default] [           main] .RepositoryConfigurationExtensionSupport : Spring Data Redis - Could not safely identify store assignment for repository candidate interface com.liochio.auth.repository.MasterPermissionRepository; If you want this repository to be a Redis repository, consider annotating your entities with one of these annotations: org.springframework.data.redis.core.RedisHash (preferred), or consider extending one of the following types with your repository: org.springframework.data.keyvalue.repository.KeyValueRepository
2026-09-26 14:27:43.999  INFO [auth-service] [traceId=NO_TRACE] [tenantId=default] [           main] .RepositoryConfigurationExtensionSupport : Spring Data Redis - Could not safely identify store assignment for repository candidate interface com.liochio.auth.repository.PermissionRepository; If you want this repository to be a Redis repository, consider annotating your entities with one of these annotations: org.springframework.data.redis.core.RedisHash (preferred), or consider extending one of the following types with your repository: org.springframework.data.keyvalue.repository.KeyValueRepository
2026-09-26 14:27:44.000  INFO [auth-service] [traceId=NO_TRACE] [tenantId=default] [           main] .RepositoryConfigurationExtensionSupport : Spring Data Redis - Could not safely identify store assignment for repository candidate interface com.liochio.auth.repository.QrLoginSessionRepository; If you want this repository to be a Redis repository, consider annotating your entities with one of these annotations: org.springframework.data.redis.core.RedisHash (preferred), or consider extending one of the following types with your repository: org.springframework.data.keyvalue.repository.KeyValueRepository
2026-09-26 14:27:44.001  INFO [auth-service] [traceId=NO_TRACE] [tenantId=default] [           main] .RepositoryConfigurationExtensionSupport : Spring Data Redis - Could not safely identify store assignment for repository candidate interface com.liochio.auth.repository.RoleRepository; If you want this repository to be a Redis repository, consider annotating your entities with one of these annotations: org.springframework.data.redis.core.RedisHash (preferred), or consider extending one of the following types with your repository: org.springframework.data.keyvalue.repository.KeyValueRepository
2026-09-26 14:27:44.001  INFO [auth-service] [traceId=NO_TRACE] [tenantId=default] [           main] .RepositoryConfigurationExtensionSupport : Spring Data Redis - Could not safely identify store assignment for repository candidate interface com.liochio.auth.repository.SecurityLoginHistoryRepository; If you want this repository to be a Redis repository, consider annotating your entities with one of these annotations: org.springframework.data.redis.core.RedisHash (preferred), or consider extending one of the following types with your repository: org.springframework.data.keyvalue.repository.KeyValueRepository
2026-09-26 14:27:44.002  INFO [auth-service] [traceId=NO_TRACE] [tenantId=default] [           main] .RepositoryConfigurationExtensionSupport : Spring Data Redis - Could not safely identify store assignment for repository candidate interface com.liochio.auth.repository.SystemFeatureRepository; If you want this repository to be a Redis repository, consider annotating your entities with one of these annotations: org.springframework.data.redis.core.RedisHash (preferred), or consider extending one of the following types with your repository: org.springframework.data.keyvalue.repository.KeyValueRepository
2026-09-26 14:27:44.002  INFO [auth-service] [traceId=NO_TRACE] [tenantId=default] [           main] .RepositoryConfigurationExtensionSupport : Spring Data Redis - Could not safely identify store assignment for repository candidate interface com.liochio.auth.repository.TenantFeatureRepository; If you want this repository to be a Redis repository, consider annotating your entities with one of these annotations: org.springframework.data.redis.core.RedisHash (preferred), or consider extending one of the following types with your repository: org.springframework.data.keyvalue.repository.KeyValueRepository
2026-09-26 14:27:44.002  INFO [auth-service] [traceId=NO_TRACE] [tenantId=default] [           main] .RepositoryConfigurationExtensionSupport : Spring Data Redis - Could not safely identify store assignment for repository candidate interface com.liochio.auth.repository.TenantRepository; If you want this repository to be a Redis repository, consider annotating your entities with one of these annotations: org.springframework.data.redis.core.RedisHash (preferred), or consider extending one of the following types with your repository: org.springframework.data.keyvalue.repository.KeyValueRepository
2026-09-26 14:27:44.003  INFO [auth-service] [traceId=NO_TRACE] [tenantId=default] [           main] .RepositoryConfigurationExtensionSupport : Spring Data Redis - Could not safely identify store assignment for repository candidate interface com.liochio.auth.repository.TenantRoleRepository; If you want this repository to be a Redis repository, consider annotating your entities with one of these annotations: org.springframework.data.redis.core.RedisHash (preferred), or consider extending one of the following types with your repository: org.springframework.data.keyvalue.repository.KeyValueRepository
2026-09-26 14:27:44.004  INFO [auth-service] [traceId=NO_TRACE] [tenantId=default] [           main] .RepositoryConfigurationExtensionSupport : Spring Data Redis - Could not safely identify store assignment for repository candidate interface com.liochio.auth.repository.TenantUserRoleRepository; If you want this repository to be a Redis repository, consider annotating your entities with one of these annotations: org.springframework.data.redis.core.RedisHash (preferred), or consider extending one of the following types with your repository: org.springframework.data.keyvalue.repository.KeyValueRepository
2026-09-26 14:27:44.004  INFO [auth-service] [traceId=NO_TRACE] [tenantId=default] [           main] .RepositoryConfigurationExtensionSupport : Spring Data Redis - Could not safely identify store assignment for repository candidate interface com.liochio.auth.repository.UserDeviceRepository; If you want this repository to be a Redis repository, consider annotating your entities with one of these annotations: org.springframework.data.redis.core.RedisHash (preferred), or consider extending one of the following types with your repository: org.springframework.data.keyvalue.repository.KeyValueRepository
2026-09-26 14:27:44.005  INFO [auth-service] [traceId=NO_TRACE] [tenantId=default] [           main] .RepositoryConfigurationExtensionSupport : Spring Data Redis - Could not safely identify store assignment for repository candidate interface com.liochio.auth.repository.UserRepository; If you want this repository to be a Redis repository, consider annotating your entities with one of these annotations: org.springframework.data.redis.core.RedisHash (preferred), or consider extending one of the following types with your repository: org.springframework.data.keyvalue.repository.KeyValueRepository
2026-09-26 14:27:44.006  INFO [auth-service] [traceId=NO_TRACE] [tenantId=default] [           main] .RepositoryConfigurationExtensionSupport : Spring Data Redis - Could not safely identify store assignment for repository candidate interface com.liochio.auth.repository.UserSessionRepository; If you want this repository to be a Redis repository, consider annotating your entities with one of these annotations: org.springframework.data.redis.core.RedisHash (preferred), or consider extending one of the following types with your repository: org.springframework.data.keyvalue.repository.KeyValueRepository
2026-09-26 14:27:44.006  INFO [auth-service] [traceId=NO_TRACE] [tenantId=default] [           main] .s.d.r.c.RepositoryConfigurationDelegate : Finished Spring Data repository scanning in 56 ms. Found 0 Redis repository interfaces.
2026-09-26 14:27:45.199  INFO [auth-service] [traceId=NO_TRACE] [tenantId=default] [           main] o.s.cloud.context.scope.GenericScope     : BeanFactory id=3350c86f-138f-3c41-854c-8576b987e8d6
2026-09-26 14:27:47.864  INFO [auth-service] [traceId=NO_TRACE] [tenantId=default] [           main] o.s.b.w.embedded.tomcat.TomcatWebServer  : Tomcat initialized with port 8081 (http)
2026-09-26 14:27:47.889  INFO [auth-service] [traceId=NO_TRACE] [tenantId=default] [           main] o.apache.catalina.core.StandardService   : Starting service [Tomcat]
2026-09-26 14:27:47.890  INFO [auth-service] [traceId=NO_TRACE] [tenantId=default] [           main] o.apache.catalina.core.StandardEngine    : Starting Servlet engine: [Apache Tomcat/10.1.36]
2026-09-26 14:27:48.023  INFO [auth-service] [traceId=NO_TRACE] [tenantId=default] [           main] o.a.c.c.C.[Tomcat].[localhost].[/]       : Initializing Spring embedded WebApplicationContext
2026-09-26 14:27:48.025  INFO [auth-service] [traceId=NO_TRACE] [tenantId=default] [           main] w.s.c.ServletWebServerApplicationContext : Root WebApplicationContext: initialization completed in 9211 ms
2026-09-26 14:27:48.937  INFO [auth-service] [traceId=NO_TRACE] [tenantId=default] [           main] o.hibernate.jpa.internal.util.LogHelper  : HHH000204: Processing PersistenceUnitInfo [name: default]
2026-09-26 14:27:49.160  INFO [auth-service] [traceId=NO_TRACE] [tenantId=default] [           main] org.hibernate.Version                    : HHH000412: Hibernate ORM core version 6.6.8.Final
2026-09-26 14:27:49.259  INFO [auth-service] [traceId=NO_TRACE] [tenantId=default] [           main] o.h.c.internal.RegionFactoryInitiator    : HHH000026: Second-level cache disabled
2026-09-26 14:27:50.293  INFO [auth-service] [traceId=NO_TRACE] [tenantId=default] [           main] o.s.o.j.p.SpringPersistenceUnitInfo      : No LoadTimeWeaver setup: ignoring JPA class transformer
2026-09-26 14:27:50.414  INFO [auth-service] [traceId=NO_TRACE] [tenantId=default] [           main] com.zaxxer.hikari.HikariDataSource       : HikariPool-1 - Starting...
2026-09-26 14:27:50.809  INFO [auth-service] [traceId=NO_TRACE] [tenantId=default] [           main] com.zaxxer.hikari.pool.HikariPool        : HikariPool-1 - Added connection com.mysql.cj.jdbc.ConnectionImpl@15d68a50
2026-09-26 14:27:50.812  INFO [auth-service] [traceId=NO_TRACE] [tenantId=default] [           main] com.zaxxer.hikari.HikariDataSource       : HikariPool-1 - Start completed.
2026-09-26 14:27:50.925  WARN [auth-service] [traceId=NO_TRACE] [tenantId=default] [           main] org.hibernate.orm.deprecation            : HHH90000025: MySQLDialect does not need to be specified explicitly using 'hibernate.dialect' (remove the property setting and it will be selected by default)
2026-09-26 14:27:51.036  INFO [auth-service] [traceId=NO_TRACE] [tenantId=default] [           main] org.hibernate.orm.connections.pooling    : HHH10001005: Database info:
	Database JDBC URL [Connecting through datasource 'HikariDataSource (HikariPool-1)']
	Database driver: undefined/unknown
	Database version: 8.0.33
	Autocommit mode: undefined/unknown
	Isolation level: undefined/unknown
	Minimum pool size: undefined/unknown
	Maximum pool size: undefined/unknown
2026-09-26 14:27:55.214  INFO [auth-service] [traceId=NO_TRACE] [tenantId=default] [           main] o.h.e.t.j.p.i.JtaPlatformInitiator       : HHH000489: No JTA platform available (set 'hibernate.transaction.jta.platform' to enable JTA platform integration)
2026-09-26 14:27:55.490  WARN [auth-service] [traceId=NO_TRACE] [tenantId=default] [           main] o.h.t.s.i.ExceptionHandlerLoggedImpl     : GenerationTarget encountered exception accepting command : Error executing DDL "alter table outbox_events modify column status enum ('FAILED','PENDING','PROCESSING','PUBLISHED') not null" via JDBC [Data truncated for column 'status' at row 1]

org.hibernate.tool.schema.spi.CommandAcceptanceException: Error executing DDL "alter table outbox_events modify column status enum ('FAILED','PENDING','PROCESSING','PUBLISHED') not null" via JDBC [Data truncated for column 'status' at row 1]
	at org.hibernate.tool.schema.internal.exec.GenerationTargetToDatabase.accept(GenerationTargetToDatabase.java:94)
	at org.hibernate.tool.schema.internal.AbstractSchemaMigrator.applySqlString(AbstractSchemaMigrator.java:576)
	at org.hibernate.tool.schema.internal.AbstractSchemaMigrator.applySqlStrings(AbstractSchemaMigrator.java:516)
	at org.hibernate.tool.schema.internal.AbstractSchemaMigrator.migrateTable(AbstractSchemaMigrator.java:334)
	at org.hibernate.tool.schema.internal.GroupedSchemaMigratorImpl.performTablesMigration(GroupedSchemaMigratorImpl.java:84)
	at org.hibernate.tool.schema.internal.AbstractSchemaMigrator.performMigration(AbstractSchemaMigrator.java:233)
	at org.hibernate.tool.schema.internal.AbstractSchemaMigrator.doMigration(AbstractSchemaMigrator.java:112)
	at org.hibernate.tool.schema.spi.SchemaManagementToolCoordinator.performDatabaseAction(SchemaManagementToolCoordinator.java:280)
	at org.hibernate.tool.schema.spi.SchemaManagementToolCoordinator.lambda$process$5(SchemaManagementToolCoordinator.java:144)
	at java.base/java.util.HashMap.forEach(HashMap.java:1421)
	at org.hibernate.tool.schema.spi.SchemaManagementToolCoordinator.process(SchemaManagementToolCoordinator.java:141)
	at org.hibernate.boot.internal.SessionFactoryObserverForSchemaExport.sessionFactoryCreated(SessionFactoryObserverForSchemaExport.java:37)
	at org.hibernate.internal.SessionFactoryObserverChain.sessionFactoryCreated(SessionFactoryObserverChain.java:35)
	at org.hibernate.internal.SessionFactoryImpl.<init>(SessionFactoryImpl.java:324)
	at org.hibernate.boot.internal.SessionFactoryBuilderImpl.build(SessionFactoryBuilderImpl.java:463)
	at org.hibernate.jpa.boot.internal.EntityManagerFactoryBuilderImpl.build(EntityManagerFactoryBuilderImpl.java:1517)
	at org.springframework.orm.jpa.vendor.SpringHibernateJpaPersistenceProvider.createContainerEntityManagerFactory(SpringHibernateJpaPersistenceProvider.java:66)
	at org.springframework.orm.jpa.LocalContainerEntityManagerFactoryBean.createNativeEntityManagerFactory(LocalContainerEntityManagerFactoryBean.java:390)
	at org.springframework.orm.jpa.AbstractEntityManagerFactoryBean.buildNativeEntityManagerFactory(AbstractEntityManagerFactoryBean.java:419)
	at org.springframework.orm.jpa.AbstractEntityManagerFactoryBean.afterPropertiesSet(AbstractEntityManagerFactoryBean.java:400)
	at org.springframework.orm.jpa.LocalContainerEntityManagerFactoryBean.afterPropertiesSet(LocalContainerEntityManagerFactoryBean.java:366)
	at org.springframework.beans.factory.support.AbstractAutowireCapableBeanFactory.invokeInitMethods(AbstractAutowireCapableBeanFactory.java:1859)
	at org.springframework.beans.factory.support.AbstractAutowireCapableBeanFactory.initializeBean(AbstractAutowireCapableBeanFactory.java:1808)
	at org.springframework.beans.factory.support.AbstractAutowireCapableBeanFactory.doCreateBean(AbstractAutowireCapableBeanFactory.java:601)
	at org.springframework.beans.factory.support.AbstractAutowireCapableBeanFactory.createBean(AbstractAutowireCapableBeanFactory.java:523)
	at org.springframework.beans.factory.support.AbstractBeanFactory.lambda$doGetBean$0(AbstractBeanFactory.java:339)
	at org.springframework.beans.factory.support.DefaultSingletonBeanRegistry.getSingleton(DefaultSingletonBeanRegistry.java:346)
	at org.springframework.beans.factory.support.AbstractBeanFactory.doGetBean(AbstractBeanFactory.java:337)
	at org.springframework.beans.factory.support.AbstractBeanFactory.getBean(AbstractBeanFactory.java:202)
	at org.springframework.beans.factory.support.BeanDefinitionValueResolver.resolveReference(BeanDefinitionValueResolver.java:365)
	at org.springframework.beans.factory.support.BeanDefinitionValueResolver.resolveValueIfNecessary(BeanDefinitionValueResolver.java:135)
	at org.springframework.beans.factory.support.ConstructorResolver.resolveConstructorArguments(ConstructorResolver.java:691)
	at org.springframework.beans.factory.support.ConstructorResolver.instantiateUsingFactoryMethod(ConstructorResolver.java:513)
	at org.springframework.beans.factory.support.AbstractAutowireCapableBeanFactory.instantiateUsingFactoryMethod(AbstractAutowireCapableBeanFactory.java:1361)
	at org.springframework.beans.factory.support.AbstractAutowireCapableBeanFactory.createBeanInstance(AbstractAutowireCapableBeanFactory.java:1191)
	at org.springframework.beans.factory.support.AbstractAutowireCapableBeanFactory.doCreateBean(AbstractAutowireCapableBeanFactory.java:563)
	at org.springframework.beans.factory.support.AbstractAutowireCapableBeanFactory.createBean(AbstractAutowireCapableBeanFactory.java:523)
	at org.springframework.beans.factory.support.AbstractBeanFactory.lambda$doGetBean$0(AbstractBeanFactory.java:339)
	at org.springframework.beans.factory.support.DefaultSingletonBeanRegistry.getSingleton(DefaultSingletonBeanRegistry.java:346)
	at org.springframework.beans.factory.support.AbstractBeanFactory.doGetBean(AbstractBeanFactory.java:337)
	at org.springframework.beans.factory.support.AbstractBeanFactory.getBean(AbstractBeanFactory.java:202)
	at org.springframework.beans.factory.support.BeanDefinitionValueResolver.resolveReference(BeanDefinitionValueResolver.java:365)
	at org.springframework.beans.factory.support.BeanDefinitionValueResolver.resolveValueIfNecessary(BeanDefinitionValueResolver.java:135)
	at org.springframework.beans.factory.support.AbstractAutowireCapableBeanFactory.applyPropertyValues(AbstractAutowireCapableBeanFactory.java:1711)
	at org.springframework.beans.factory.support.AbstractAutowireCapableBeanFactory.populateBean(AbstractAutowireCapableBeanFactory.java:1460)
	at org.springframework.beans.factory.support.AbstractAutowireCapableBeanFactory.doCreateBean(AbstractAutowireCapableBeanFactory.java:600)
	at org.springframework.beans.factory.support.AbstractAutowireCapableBeanFactory.createBean(AbstractAutowireCapableBeanFactory.java:523)
	at org.springframework.beans.factory.support.AbstractBeanFactory.lambda$doGetBean$0(AbstractBeanFactory.java:339)
	at org.springframework.beans.factory.support.DefaultSingletonBeanRegistry.getSingleton(DefaultSingletonBeanRegistry.java:346)
	at org.springframework.beans.factory.support.AbstractBeanFactory.doGetBean(AbstractBeanFactory.java:337)
	at org.springframework.beans.factory.support.AbstractBeanFactory.getBean(AbstractBeanFactory.java:202)
	at org.springframework.beans.factory.support.DefaultListableBeanFactory.doResolveDependency(DefaultListableBeanFactory.java:1606)
	at org.springframework.beans.factory.support.DefaultListableBeanFactory.resolveDependency(DefaultListableBeanFactory.java:1552)
	at org.springframework.beans.factory.annotation.AutowiredAnnotationBeanPostProcessor$AutowiredFieldElement.resolveFieldValue(AutowiredAnnotationBeanPostProcessor.java:785)
	at org.springframework.beans.factory.annotation.AutowiredAnnotationBeanPostProcessor$AutowiredFieldElement.inject(AutowiredAnnotationBeanPostProcessor.java:768)
	at org.springframework.beans.factory.annotation.InjectionMetadata.inject(InjectionMetadata.java:146)
	at org.springframework.beans.factory.annotation.AutowiredAnnotationBeanPostProcessor.postProcessProperties(AutowiredAnnotationBeanPostProcessor.java:509)
	at org.springframework.beans.factory.support.AbstractAutowireCapableBeanFactory.populateBean(AbstractAutowireCapableBeanFactory.java:1445)
	at org.springframework.beans.factory.support.AbstractAutowireCapableBeanFactory.doCreateBean(AbstractAutowireCapableBeanFactory.java:600)
	at org.springframework.beans.factory.support.AbstractAutowireCapableBeanFactory.createBean(AbstractAutowireCapableBeanFactory.java:523)
	at org.springframework.beans.factory.support.AbstractBeanFactory.lambda$doGetBean$0(AbstractBeanFactory.java:339)
	at org.springframework.beans.factory.support.DefaultSingletonBeanRegistry.getSingleton(DefaultSingletonBeanRegistry.java:346)
	at org.springframework.beans.factory.support.AbstractBeanFactory.doGetBean(AbstractBeanFactory.java:337)
	at org.springframework.beans.factory.support.AbstractBeanFactory.getBean(AbstractBeanFactory.java:207)
	at org.springframework.boot.web.servlet.ServletContextInitializerBeans.getOrderedBeansOfType(ServletContextInitializerBeans.java:211)
	at org.springframework.boot.web.servlet.ServletContextInitializerBeans.addAsRegistrationBean(ServletContextInitializerBeans.java:174)
	at org.springframework.boot.web.servlet.ServletContextInitializerBeans.addAsRegistrationBean(ServletContextInitializerBeans.java:169)
	at org.springframework.boot.web.servlet.ServletContextInitializerBeans.addAdaptableBeans(ServletContextInitializerBeans.java:154)
	at org.springframework.boot.web.servlet.ServletContextInitializerBeans.<init>(ServletContextInitializerBeans.java:87)
	at org.springframework.boot.web.servlet.context.ServletWebServerApplicationContext.getServletContextInitializerBeans(ServletWebServerApplicationContext.java:271)
	at org.springframework.boot.web.servlet.context.ServletWebServerApplicationContext.selfInitialize(ServletWebServerApplicationContext.java:245)
	at org.springframework.boot.web.embedded.tomcat.TomcatStarter.onStartup(TomcatStarter.java:52)
	at org.apache.catalina.core.StandardContext.startInternal(StandardContext.java:4467)
	at org.apache.catalina.util.LifecycleBase.start(LifecycleBase.java:164)
	at org.apache.catalina.core.ContainerBase$StartChild.call(ContainerBase.java:1203)
	at org.apache.catalina.core.ContainerBase$StartChild.call(ContainerBase.java:1193)
	at java.base/java.util.concurrent.FutureTask.run(FutureTask.java:264)
	at org.apache.tomcat.util.threads.InlineExecutorService.execute(InlineExecutorService.java:75)
	at java.base/java.util.concurrent.AbstractExecutorService.submit(AbstractExecutorService.java:145)
	at org.apache.catalina.core.ContainerBase.startInternal(ContainerBase.java:749)
	at org.apache.catalina.core.StandardHost.startInternal(StandardHost.java:772)
	at org.apache.catalina.util.LifecycleBase.start(LifecycleBase.java:164)
	at org.apache.catalina.core.ContainerBase$StartChild.call(ContainerBase.java:1203)
	at org.apache.catalina.core.ContainerBase$StartChild.call(ContainerBase.java:1193)
	at java.base/java.util.concurrent.FutureTask.run(FutureTask.java:264)
	at org.apache.tomcat.util.threads.InlineExecutorService.execute(InlineExecutorService.java:75)
	at java.base/java.util.concurrent.AbstractExecutorService.submit(AbstractExecutorService.java:145)
	at org.apache.catalina.core.ContainerBase.startInternal(ContainerBase.java:749)
	at org.apache.catalina.core.StandardEngine.startInternal(StandardEngine.java:203)
	at org.apache.catalina.util.LifecycleBase.start(LifecycleBase.java:164)
	at org.apache.catalina.core.StandardService.startInternal(StandardService.java:415)
	at org.apache.catalina.util.LifecycleBase.start(LifecycleBase.java:164)
	at org.apache.catalina.core.StandardServer.startInternal(StandardServer.java:870)
	at org.apache.catalina.util.LifecycleBase.start(LifecycleBase.java:164)
	at org.apache.catalina.startup.Tomcat.start(Tomcat.java:437)
	at org.springframework.boot.web.embedded.tomcat.TomcatWebServer.initialize(TomcatWebServer.java:128)
	at org.springframework.boot.web.embedded.tomcat.TomcatWebServer.<init>(TomcatWebServer.java:107)
	at org.springframework.boot.web.embedded.tomcat.TomcatServletWebServerFactory.getTomcatWebServer(TomcatServletWebServerFactory.java:520)
	at org.springframework.boot.web.embedded.tomcat.TomcatServletWebServerFactory.getWebServer(TomcatServletWebServerFactory.java:222)
	at org.springframework.boot.web.servlet.context.ServletWebServerApplicationContext.createWebServer(ServletWebServerApplicationContext.java:193)
	at org.springframework.boot.web.servlet.context.ServletWebServerApplicationContext.onRefresh(ServletWebServerApplicationContext.java:167)
	at org.springframework.context.support.AbstractApplicationContext.refresh(AbstractApplicationContext.java:621)
	at org.springframework.boot.web.servlet.context.ServletWebServerApplicationContext.refresh(ServletWebServerApplicationContext.java:146)
	at org.springframework.boot.SpringApplication.refresh(SpringApplication.java:752)
	at org.springframework.boot.SpringApplication.refreshContext(SpringApplication.java:439)
	at org.springframework.boot.SpringApplication.run(SpringApplication.java:318)
	at org.springframework.boot.SpringApplication.run(SpringApplication.java:1361)
	at org.springframework.boot.SpringApplication.run(SpringApplication.java:1350)
	at com.liochio.auth.AuthServiceApplication.main(AuthServiceApplication.java:29)
Caused by: java.sql.SQLException: Data truncated for column 'status' at row 1
	at com.mysql.cj.jdbc.exceptions.SQLError.createSQLException(SQLError.java:130)
	at com.mysql.cj.jdbc.exceptions.SQLExceptionsMapping.translateException(SQLExceptionsMapping.java:122)
	at com.mysql.cj.jdbc.StatementImpl.executeInternal(StatementImpl.java:770)
	at com.mysql.cj.jdbc.StatementImpl.execute(StatementImpl.java:653)
	at com.zaxxer.hikari.pool.ProxyStatement.execute(ProxyStatement.java:94)
	at com.zaxxer.hikari.pool.HikariProxyStatement.execute(HikariProxyStatement.java)
	at org.hibernate.tool.schema.internal.exec.GenerationTargetToDatabase.accept(GenerationTargetToDatabase.java:80)
	... 108 common frames omitted

2026-09-26 14:27:55.572  INFO [auth-service] [traceId=NO_TRACE] [tenantId=default] [           main] j.LocalContainerEntityManagerFactoryBean : Initialized JPA EntityManagerFactory for persistence unit 'default'
2026-09-26 14:27:57.938  INFO [auth-service] [traceId=NO_TRACE] [tenantId=default] [           main] com.liochio.common.security.JwtUtils     : [JwtUtils] Loaded RSA Private Key successfully from classpath:certs/rsa-private.pem
2026-09-26 14:27:57.941  INFO [auth-service] [traceId=NO_TRACE] [tenantId=default] [           main] com.liochio.common.security.JwtUtils     : [JwtUtils] Loaded RSA Public Key successfully from classpath:certs/rsa-public.pem
2026-09-26 14:27:59.711 DEBUG [auth-service] [traceId=NO_TRACE] [tenantId=default] [           main] c.l.c.security.JwtAuthenticationFilter   : Filter 'jwtAuthenticationFilter' configured for use
2026-09-26 14:27:59.712 DEBUG [auth-service] [traceId=NO_TRACE] [tenantId=default] [           main] c.liochio.common.filter.MdcTraceFilter   : Filter 'mdcTraceFilter' configured for use
2026-09-26 14:27:59.713 DEBUG [auth-service] [traceId=NO_TRACE] [tenantId=default] [           main] com.liochio.common.filter.TenantFilter   : Filter 'tenantFilter' configured for use
2026-09-26 14:27:59.713 DEBUG [auth-service] [traceId=NO_TRACE] [tenantId=default] [           main] c.l.c.security.RestCacheControlFilter    : Filter 'restCacheControlFilter' configured for use
2026-09-26 14:27:59.715 DEBUG [auth-service] [traceId=NO_TRACE] [tenantId=default] [           main] c.l.common.filter.AuditLoggingFilter     : Filter 'auditLoggingFilter' configured for use
2026-09-26 14:28:00.260  INFO [auth-service] [traceId=NO_TRACE] [tenantId=default] [           main] o.s.d.j.r.query.QueryEnhancerFactory     : Hibernate is in classpath; If applicable, HQL parser will be used.
2026-09-26 14:28:07.504  WARN [auth-service] [traceId=NO_TRACE] [tenantId=default] [           main] .s.s.UserDetailsServiceAutoConfiguration : 

Using generated security password: db90e783-2e70-42a6-912d-5c51418a01b9

This generated password is for development use only. Your security configuration must be updated before running your application in production.

2026-09-26 14:28:07.613  INFO [auth-service] [traceId=NO_TRACE] [tenantId=default] [           main] r$InitializeUserDetailsManagerConfigurer : Global AuthenticationManager configured with UserDetailsService bean with name inMemoryUserDetailsManager
2026-09-26 14:28:15.978  INFO [auth-service] [traceId=NO_TRACE] [tenantId=default] [           main] o.s.cloud.commons.util.InetUtils         : Cannot determine local hostname
2026-09-26 14:28:16.131  INFO [auth-service] [traceId=NO_TRACE] [tenantId=default] [           main] DiscoveryClientOptionalArgsConfiguration : Eureka HTTP Client uses RestTemplate.
2026-09-26 14:28:18.481  INFO [auth-service] [traceId=NO_TRACE] [tenantId=default] [           main] o.s.b.w.embedded.tomcat.TomcatWebServer  : Tomcat started on port 8081 (http) with context path '/'
2026-09-26 14:28:19.653  INFO [auth-service] [traceId=NO_TRACE] [tenantId=default] [           main] o.s.cloud.commons.util.InetUtils         : Cannot determine local hostname
2026-09-26 14:28:19.680  INFO [auth-service] [traceId=NO_TRACE] [tenantId=default] [           main] c.liochio.auth.AuthServiceApplication    : Started AuthServiceApplication in 47.001 seconds (process running for 49.325)
2026-09-26 14:29:03.668  INFO [notification-service] [traceId=NO_TRACE] [tenantId=default] [ionShutdownHook] o.s.c.n.e.s.EurekaServiceRegistry        : Unregistering application NOTIFICATION-SERVICE with eureka with status DOWN
2026-09-26 14:29:03.677  INFO [notification-service] [traceId=NO_TRACE] [tenantId=default] [ionShutdownHook] o.s.b.w.e.tomcat.GracefulShutdown        : Commencing graceful shutdown. Waiting for active requests to complete
2026-09-26 14:29:03.795  INFO [auth-service] [traceId=NO_TRACE] [tenantId=default] [ionShutdownHook] o.s.b.w.e.tomcat.GracefulShutdown        : Commencing graceful shutdown. Waiting for active requests to complete
2026-09-26 14:29:04.060  INFO [notification-service] [traceId=NO_TRACE] [tenantId=default] [tomcat-shutdown] o.s.b.w.e.tomcat.GracefulShutdown        : Graceful shutdown complete
2026-09-26 14:29:04.063  INFO [notification-service] [traceId=NO_TRACE] [tenantId=default] [ionShutdownHook] o.s.m.s.b.SimpleBrokerMessageHandler     : Stopping...
2026-09-26 14:29:04.064  INFO [notification-service] [traceId=NO_TRACE] [tenantId=default] [ionShutdownHook] o.s.m.s.b.SimpleBrokerMessageHandler     : BrokerAvailabilityEvent[available=false, SimpleBrokerMessageHandler [org.springframework.messaging.simp.broker.DefaultSubscriptionRegistry@6f21aa2b]]
2026-09-26 14:29:04.064  INFO [notification-service] [traceId=NO_TRACE] [tenantId=default] [ionShutdownHook] o.s.m.s.b.SimpleBrokerMessageHandler     : Stopped.
2026-09-26 14:29:04.172  INFO [notification-service] [traceId=NO_TRACE] [tenantId=default] [ionShutdownHook] j.LocalContainerEntityManagerFactoryBean : Closing JPA EntityManagerFactory for persistence unit 'default'
2026-09-26 14:29:04.175  INFO [notification-service] [traceId=NO_TRACE] [tenantId=default] [ionShutdownHook] com.zaxxer.hikari.HikariDataSource       : HikariPool-1 - Shutdown initiated...
2026-09-26 14:29:04.318  INFO [notification-service] [traceId=NO_TRACE] [tenantId=default] [ionShutdownHook] com.zaxxer.hikari.HikariDataSource       : HikariPool-1 - Shutdown completed.
2026-09-26 14:29:04.411  INFO [auth-service] [traceId=NO_TRACE] [tenantId=default] [tomcat-shutdown] o.s.b.w.e.tomcat.GracefulShutdown        : Graceful shutdown complete
2026-09-26 14:29:04.487  INFO [auth-service] [traceId=NO_TRACE] [tenantId=default] [ionShutdownHook] j.LocalContainerEntityManagerFactoryBean : Closing JPA EntityManagerFactory for persistence unit 'default'
2026-09-26 14:29:04.491  INFO [auth-service] [traceId=NO_TRACE] [tenantId=default] [ionShutdownHook] com.zaxxer.hikari.HikariDataSource       : HikariPool-1 - Shutdown initiated...
2026-09-26 14:29:04.521  INFO [auth-service] [traceId=NO_TRACE] [tenantId=default] [ionShutdownHook] com.zaxxer.hikari.HikariDataSource       : HikariPool-1 - Shutdown completed.
2026-09-26 14:29:07.334  WARN [notification-service] [traceId=NO_TRACE] [tenantId=default] [ionShutdownHook] c.n.d.s.t.d.RetryableEurekaHttpClient    : Request execution failed with message: I/O error on DELETE request for "http://localhost:8761/eureka/apps/NOTIFICATION-SERVICE/localhost:notification-service:8084": Connect to http://localhost:8761 [localhost/127.0.0.1, localhost/0:0:0:0:0:0:0:1] failed: Connection refused: no further information
2026-09-26 14:29:07.375  WARN [notification-service] [traceId=NO_TRACE] [tenantId=default] [ionShutdownHook] c.n.d.s.t.d.RetryableEurekaHttpClient    : Request execution failed with message: I/O error on DELETE request for "http://localhost:8761/eureka/apps/NOTIFICATION-SERVICE/localhost:notification-service:8084": Connect to http://localhost:8761 [localhost/127.0.0.1, localhost/0:0:0:0:0:0:0:1] failed: Connection refused: no further information
2026-09-26 14:29:07.375 ERROR [notification-service] [traceId=NO_TRACE] [tenantId=default] [ionShutdownHook] com.netflix.discovery.DiscoveryClient    : DiscoveryClient_NOTIFICATION-SERVICE/localhost:notification-service:8084 - de-registration failedCannot execute request on any known server

com.netflix.discovery.shared.transport.TransportException: Cannot execute request on any known server
	at com.netflix.discovery.shared.transport.decorator.RetryableEurekaHttpClient.execute(RetryableEurekaHttpClient.java:112)
	at com.netflix.discovery.shared.transport.decorator.EurekaHttpClientDecorator.cancel(EurekaHttpClientDecorator.java:71)
	at com.netflix.discovery.shared.transport.decorator.EurekaHttpClientDecorator$2.execute(EurekaHttpClientDecorator.java:74)
	at com.netflix.discovery.shared.transport.decorator.SessionedEurekaHttpClient.execute(SessionedEurekaHttpClient.java:76)
	at com.netflix.discovery.shared.transport.decorator.EurekaHttpClientDecorator.cancel(EurekaHttpClientDecorator.java:71)
	at com.netflix.discovery.DiscoveryClient.unregister(DiscoveryClient.java:919)
	at com.netflix.discovery.DiscoveryClient.shutdown(DiscoveryClient.java:900)
	at java.base/jdk.internal.reflect.NativeMethodAccessorImpl.invoke0(Native Method)
	at java.base/jdk.internal.reflect.NativeMethodAccessorImpl.invoke(NativeMethodAccessorImpl.java:77)
	at java.base/jdk.internal.reflect.DelegatingMethodAccessorImpl.invoke(DelegatingMethodAccessorImpl.java:43)
	at java.base/java.lang.reflect.Method.invoke(Method.java:568)
	at org.springframework.beans.factory.annotation.InitDestroyAnnotationBeanPostProcessor$LifecycleMethod.invoke(InitDestroyAnnotationBeanPostProcessor.java:457)
	at org.springframework.beans.factory.annotation.InitDestroyAnnotationBeanPostProcessor$LifecycleMetadata.invokeDestroyMethods(InitDestroyAnnotationBeanPostProcessor.java:415)
	at org.springframework.beans.factory.annotation.InitDestroyAnnotationBeanPostProcessor.postProcessBeforeDestruction(InitDestroyAnnotationBeanPostProcessor.java:239)
	at org.springframework.beans.factory.support.DisposableBeanAdapter.destroy(DisposableBeanAdapter.java:202)
	at org.springframework.beans.factory.support.DisposableBeanAdapter.run(DisposableBeanAdapter.java:195)
	at org.springframework.cloud.context.scope.GenericScope$BeanLifecycleWrapper.destroy(GenericScope.java:389)
	at org.springframework.cloud.context.scope.GenericScope.destroy(GenericScope.java:136)
	at org.springframework.beans.factory.support.DisposableBeanAdapter.destroy(DisposableBeanAdapter.java:211)
	at org.springframework.beans.factory.support.DefaultSingletonBeanRegistry.destroyBean(DefaultSingletonBeanRegistry.java:735)
	at org.springframework.beans.factory.support.DefaultSingletonBeanRegistry.destroySingleton(DefaultSingletonBeanRegistry.java:692)
	at org.springframework.beans.factory.support.DefaultListableBeanFactory.destroySingleton(DefaultListableBeanFactory.java:1401)
	at org.springframework.beans.factory.support.DefaultSingletonBeanRegistry.destroySingletons(DefaultSingletonBeanRegistry.java:651)
	at org.springframework.beans.factory.support.DefaultListableBeanFactory.destroySingletons(DefaultListableBeanFactory.java:1394)
	at org.springframework.context.support.AbstractApplicationContext.destroyBeans(AbstractApplicationContext.java:1219)
	at org.springframework.context.support.AbstractApplicationContext.doClose(AbstractApplicationContext.java:1180)
	at org.springframework.boot.web.servlet.context.ServletWebServerApplicationContext.doClose(ServletWebServerApplicationContext.java:179)
	at org.springframework.context.support.AbstractApplicationContext.close(AbstractApplicationContext.java:1126)
	at org.springframework.boot.SpringApplicationShutdownHook.closeAndWait(SpringApplicationShutdownHook.java:147)
	at java.base/java.lang.Iterable.forEach(Iterable.java:75)
	at org.springframework.boot.SpringApplicationShutdownHook.run(SpringApplicationShutdownHook.java:116)
	at java.base/java.lang.Thread.run(Thread.java:842)

2026-10-01 17:02:16.273  INFO [notification-service] [traceId=NO_TRACE] [tenantId=default] [           main] c.l.n.NotificationServiceApplication     : Starting NotificationServiceApplication using Java 17.0.17 with PID 68896 (E:\Github\Back-end\Microservice\SpringBoot\notification-service\target\classes started by Liochio in E:\Github\Back-end\Microservice)
2026-10-01 17:02:16.300 DEBUG [notification-service] [traceId=NO_TRACE] [tenantId=default] [           main] c.l.n.NotificationServiceApplication     : Running with Spring Boot v3.4.3, Spring v6.2.3
2026-10-01 17:02:16.302  INFO [notification-service] [traceId=NO_TRACE] [tenantId=default] [           main] c.l.n.NotificationServiceApplication     : No active profile set, falling back to 1 default profile: "default"
2026-10-01 17:02:16.402  INFO [notification-service] [traceId=NO_TRACE] [tenantId=default] [           main] o.s.c.c.c.ConfigServerConfigDataLoader   : Fetching config from server at : http://localhost:8888/
2026-10-01 17:02:16.402  INFO [notification-service] [traceId=NO_TRACE] [tenantId=default] [           main] o.s.c.c.c.ConfigServerConfigDataLoader   : Exception on Url - http://localhost:8888/:org.springframework.web.client.ResourceAccessException: I/O error on GET request for "http://localhost:8888/notification-service/default": Connection refused: no further information. Will be trying the next url if available
2026-10-01 17:02:16.402  WARN [notification-service] [traceId=NO_TRACE] [tenantId=default] [           main] o.s.c.c.c.ConfigServerConfigDataLoader   : Could not locate PropertySource ([ConfigServerConfigDataResource@48bfb884 uris = array<String>['http://localhost:8888/'], optional = true, profiles = 'default']): I/O error on GET request for "http://localhost:8888/notification-service/default": Connection refused: no further information
2026-10-01 17:02:16.402  INFO [notification-service] [traceId=NO_TRACE] [tenantId=default] [           main] o.s.c.c.c.ConfigServerConfigDataLoader   : Fetching config from server at : http://localhost:8888/
2026-10-01 17:02:16.402  INFO [notification-service] [traceId=NO_TRACE] [tenantId=default] [           main] o.s.c.c.c.ConfigServerConfigDataLoader   : Exception on Url - http://localhost:8888/:org.springframework.web.client.ResourceAccessException: I/O error on GET request for "http://localhost:8888/notification-service/default": Connection refused: no further information. Will be trying the next url if available
2026-10-01 17:02:16.404  WARN [notification-service] [traceId=NO_TRACE] [tenantId=default] [           main] o.s.c.c.c.ConfigServerConfigDataLoader   : Could not locate PropertySource ([ConfigServerConfigDataResource@a567e72 uris = array<String>['http://localhost:8888/'], optional = true, profiles = 'default']): I/O error on GET request for "http://localhost:8888/notification-service/default": Connection refused: no further information
2026-10-01 17:02:16.404  INFO [notification-service] [traceId=NO_TRACE] [tenantId=default] [           main] o.s.c.c.c.ConfigServerConfigDataLoader   : Fetching config from server at : http://localhost:8888/
2026-10-01 17:02:16.404  INFO [notification-service] [traceId=NO_TRACE] [tenantId=default] [           main] o.s.c.c.c.ConfigServerConfigDataLoader   : Exception on Url - http://localhost:8888/:org.springframework.web.client.ResourceAccessException: I/O error on GET request for "http://localhost:8888/notification-service/default": Connection refused: no further information. Will be trying the next url if available
2026-10-01 17:02:16.404  WARN [notification-service] [traceId=NO_TRACE] [tenantId=default] [           main] o.s.c.c.c.ConfigServerConfigDataLoader   : Could not locate PropertySource ([ConfigServerConfigDataResource@1a5b8489 uris = array<String>['http://localhost:8888/'], optional = true, profiles = 'default']): I/O error on GET request for "http://localhost:8888/notification-service/default": Connection refused: no further information
2026-10-01 17:02:19.960  INFO [notification-service] [traceId=NO_TRACE] [tenantId=default] [           main] .s.d.r.c.RepositoryConfigurationDelegate : Multiple Spring Data modules found, entering strict repository configuration mode
2026-10-01 17:02:19.960  INFO [notification-service] [traceId=NO_TRACE] [tenantId=default] [           main] .s.d.r.c.RepositoryConfigurationDelegate : Bootstrapping Spring Data JPA repositories in DEFAULT mode.
2026-10-01 17:02:20.610  INFO [notification-service] [traceId=NO_TRACE] [tenantId=default] [           main] .s.d.r.c.RepositoryConfigurationDelegate : Finished Spring Data repository scanning in 610 ms. Found 9 JPA repository interfaces.
2026-10-01 17:02:21.975  INFO [notification-service] [traceId=NO_TRACE] [tenantId=default] [           main] .s.d.r.c.RepositoryConfigurationDelegate : Multiple Spring Data modules found, entering strict repository configuration mode
2026-10-01 17:02:21.980  INFO [notification-service] [traceId=NO_TRACE] [tenantId=default] [           main] .s.d.r.c.RepositoryConfigurationDelegate : Bootstrapping Spring Data Redis repositories in DEFAULT mode.
2026-10-01 17:02:22.255  INFO [notification-service] [traceId=NO_TRACE] [tenantId=default] [           main] .RepositoryConfigurationExtensionSupport : Spring Data Redis - Could not safely identify store assignment for repository candidate interface com.liochio.notification.repository.NotificationLogRepository; If you want this repository to be a Redis repository, consider annotating your entities with one of these annotations: org.springframework.data.redis.core.RedisHash (preferred), or consider extending one of the following types with your repository: org.springframework.data.keyvalue.repository.KeyValueRepository
2026-10-01 17:02:22.258  INFO [notification-service] [traceId=NO_TRACE] [tenantId=default] [           main] .RepositoryConfigurationExtensionSupport : Spring Data Redis - Could not safely identify store assignment for repository candidate interface com.liochio.notification.repository.NotificationTemplateRepository; If you want this repository to be a Redis repository, consider annotating your entities with one of these annotations: org.springframework.data.redis.core.RedisHash (preferred), or consider extending one of the following types with your repository: org.springframework.data.keyvalue.repository.KeyValueRepository
2026-10-01 17:02:22.259  INFO [notification-service] [traceId=NO_TRACE] [tenantId=default] [           main] .RepositoryConfigurationExtensionSupport : Spring Data Redis - Could not safely identify store assignment for repository candidate interface com.liochio.notification.repository.TenantNotificationConfigRepository; If you want this repository to be a Redis repository, consider annotating your entities with one of these annotations: org.springframework.data.redis.core.RedisHash (preferred), or consider extending one of the following types with your repository: org.springframework.data.keyvalue.repository.KeyValueRepository
2026-10-01 17:02:22.261  INFO [notification-service] [traceId=NO_TRACE] [tenantId=default] [           main] .s.d.r.c.RepositoryConfigurationDelegate : Finished Spring Data repository scanning in 129 ms. Found 0 Redis repository interfaces.
2026-10-01 17:02:24.072  INFO [notification-service] [traceId=NO_TRACE] [tenantId=default] [           main] o.s.cloud.context.scope.GenericScope     : BeanFactory id=7360ba0c-5713-3fc4-a92f-c2cd48309838
2026-10-01 17:02:26.236  INFO [notification-service] [traceId=NO_TRACE] [tenantId=default] [           main] o.s.b.w.embedded.tomcat.TomcatWebServer  : Tomcat initialized with port 8084 (http)
2026-10-01 17:02:26.256  INFO [notification-service] [traceId=NO_TRACE] [tenantId=default] [           main] o.apache.catalina.core.StandardService   : Starting service [Tomcat]
2026-10-01 17:02:26.258  INFO [notification-service] [traceId=NO_TRACE] [tenantId=default] [           main] o.apache.catalina.core.StandardEngine    : Starting Servlet engine: [Apache Tomcat/10.1.36]
2026-10-01 17:02:26.373  INFO [notification-service] [traceId=NO_TRACE] [tenantId=default] [           main] o.a.c.c.C.[Tomcat].[localhost].[/]       : Initializing Spring embedded WebApplicationContext
2026-10-01 17:02:26.373  INFO [notification-service] [traceId=NO_TRACE] [tenantId=default] [           main] w.s.c.ServletWebServerApplicationContext : Root WebApplicationContext: initialization completed in 9965 ms
2026-10-01 17:02:27.043  INFO [notification-service] [traceId=NO_TRACE] [tenantId=default] [           main] o.hibernate.jpa.internal.util.LogHelper  : HHH000204: Processing PersistenceUnitInfo [name: default]
2026-10-01 17:02:27.208  INFO [notification-service] [traceId=NO_TRACE] [tenantId=default] [           main] org.hibernate.Version                    : HHH000412: Hibernate ORM core version 6.6.8.Final
2026-10-01 17:02:27.323  INFO [notification-service] [traceId=NO_TRACE] [tenantId=default] [           main] o.h.c.internal.RegionFactoryInitiator    : HHH000026: Second-level cache disabled
2026-10-01 17:02:28.052  INFO [notification-service] [traceId=NO_TRACE] [tenantId=default] [           main] o.s.o.j.p.SpringPersistenceUnitInfo      : No LoadTimeWeaver setup: ignoring JPA class transformer
2026-10-01 17:02:28.130  INFO [notification-service] [traceId=NO_TRACE] [tenantId=default] [           main] com.zaxxer.hikari.HikariDataSource       : HikariPool-1 - Starting...
2026-10-01 17:02:28.631  INFO [notification-service] [traceId=NO_TRACE] [tenantId=default] [           main] com.zaxxer.hikari.pool.HikariPool        : HikariPool-1 - Added connection com.mysql.cj.jdbc.ConnectionImpl@6a7b4ff5
2026-10-01 17:02:28.634  INFO [notification-service] [traceId=NO_TRACE] [tenantId=default] [           main] com.zaxxer.hikari.HikariDataSource       : HikariPool-1 - Start completed.
2026-10-01 17:02:28.725  WARN [notification-service] [traceId=NO_TRACE] [tenantId=default] [           main] org.hibernate.orm.deprecation            : HHH90000025: MySQLDialect does not need to be specified explicitly using 'hibernate.dialect' (remove the property setting and it will be selected by default)
2026-10-01 17:02:28.794  INFO [notification-service] [traceId=NO_TRACE] [tenantId=default] [           main] org.hibernate.orm.connections.pooling    : HHH10001005: Database info:
	Database JDBC URL [Connecting through datasource 'HikariDataSource (HikariPool-1)']
	Database driver: undefined/unknown
	Database version: 8.0.33
	Autocommit mode: undefined/unknown
	Isolation level: undefined/unknown
	Minimum pool size: undefined/unknown
	Maximum pool size: undefined/unknown
2026-10-01 17:02:31.332  INFO [notification-service] [traceId=NO_TRACE] [tenantId=default] [           main] o.h.e.t.j.p.i.JtaPlatformInitiator       : HHH000489: No JTA platform available (set 'hibernate.transaction.jta.platform' to enable JTA platform integration)
2026-10-01 17:02:31.511  INFO [notification-service] [traceId=NO_TRACE] [tenantId=default] [           main] j.LocalContainerEntityManagerFactoryBean : Initialized JPA EntityManagerFactory for persistence unit 'default'
2026-10-01 17:02:32.263  INFO [notification-service] [traceId=NO_TRACE] [tenantId=default] [           main] com.liochio.common.security.JwtUtils     : [JwtUtils] Loaded RSA Private Key successfully from classpath:certs/rsa-private.pem
2026-10-01 17:02:32.264  INFO [notification-service] [traceId=NO_TRACE] [tenantId=default] [           main] com.liochio.common.security.JwtUtils     : [JwtUtils] Loaded RSA Public Key successfully from classpath:certs/rsa-public.pem
2026-10-01 17:02:33.492 DEBUG [notification-service] [traceId=NO_TRACE] [tenantId=default] [           main] c.l.c.security.JwtAuthenticationFilter   : Filter 'jwtAuthenticationFilter' configured for use
2026-10-01 17:02:33.494 DEBUG [notification-service] [traceId=NO_TRACE] [tenantId=default] [           main] c.liochio.common.filter.MdcTraceFilter   : Filter 'mdcTraceFilter' configured for use
2026-10-01 17:02:33.494 DEBUG [notification-service] [traceId=NO_TRACE] [tenantId=default] [           main] com.liochio.common.filter.TenantFilter   : Filter 'tenantFilter' configured for use
2026-10-01 17:02:33.496 DEBUG [notification-service] [traceId=NO_TRACE] [tenantId=default] [           main] c.l.c.security.RestCacheControlFilter    : Filter 'restCacheControlFilter' configured for use
2026-10-01 17:02:33.497 DEBUG [notification-service] [traceId=NO_TRACE] [tenantId=default] [           main] c.l.common.filter.AuditLoggingFilter     : Filter 'auditLoggingFilter' configured for use
2026-10-01 17:02:33.993  INFO [notification-service] [traceId=NO_TRACE] [tenantId=default] [           main] o.s.d.j.r.query.QueryEnhancerFactory     : Hibernate is in classpath; If applicable, HQL parser will be used.
2026-10-01 17:02:35.942  INFO [auth-service] [traceId=NO_TRACE] [tenantId=default] [           main] c.liochio.auth.AuthServiceApplication    : Starting AuthServiceApplication using Java 17.0.17 with PID 63148 (E:\Github\Back-end\Microservice\SpringBoot\auth-service\target\classes started by Liochio in E:\Github\Back-end\Microservice)
2026-10-01 17:02:35.953 DEBUG [auth-service] [traceId=NO_TRACE] [tenantId=default] [           main] c.liochio.auth.AuthServiceApplication    : Running with Spring Boot v3.4.3, Spring v6.2.3
2026-10-01 17:02:35.953  INFO [auth-service] [traceId=NO_TRACE] [tenantId=default] [           main] c.liochio.auth.AuthServiceApplication    : No active profile set, falling back to 1 default profile: "default"
2026-10-01 17:02:36.029  INFO [auth-service] [traceId=NO_TRACE] [tenantId=default] [           main] o.s.c.c.c.ConfigServerConfigDataLoader   : Fetching config from server at : http://localhost:8888/
2026-10-01 17:02:36.030  INFO [auth-service] [traceId=NO_TRACE] [tenantId=default] [           main] o.s.c.c.c.ConfigServerConfigDataLoader   : Exception on Url - http://localhost:8888/:org.springframework.web.client.ResourceAccessException: I/O error on GET request for "http://localhost:8888/auth-service/default": Connection refused: no further information. Will be trying the next url if available
2026-10-01 17:02:36.030  WARN [auth-service] [traceId=NO_TRACE] [tenantId=default] [           main] o.s.c.c.c.ConfigServerConfigDataLoader   : Could not locate PropertySource ([ConfigServerConfigDataResource@62d363ab uris = array<String>['http://localhost:8888/'], optional = true, profiles = 'default']): I/O error on GET request for "http://localhost:8888/auth-service/default": Connection refused: no further information
2026-10-01 17:02:36.030  INFO [auth-service] [traceId=NO_TRACE] [tenantId=default] [           main] o.s.c.c.c.ConfigServerConfigDataLoader   : Fetching config from server at : http://localhost:8888/
2026-10-01 17:02:36.030  INFO [auth-service] [traceId=NO_TRACE] [tenantId=default] [           main] o.s.c.c.c.ConfigServerConfigDataLoader   : Exception on Url - http://localhost:8888/:org.springframework.web.client.ResourceAccessException: I/O error on GET request for "http://localhost:8888/auth-service/default": Connection refused: no further information. Will be trying the next url if available
2026-10-01 17:02:36.030  WARN [auth-service] [traceId=NO_TRACE] [tenantId=default] [           main] o.s.c.c.c.ConfigServerConfigDataLoader   : Could not locate PropertySource ([ConfigServerConfigDataResource@77cf3f8b uris = array<String>['http://localhost:8888/'], optional = true, profiles = 'default']): I/O error on GET request for "http://localhost:8888/auth-service/default": Connection refused: no further information
2026-10-01 17:02:36.030  INFO [auth-service] [traceId=NO_TRACE] [tenantId=default] [           main] o.s.c.c.c.ConfigServerConfigDataLoader   : Fetching config from server at : http://localhost:8888/
2026-10-01 17:02:36.032  INFO [auth-service] [traceId=NO_TRACE] [tenantId=default] [           main] o.s.c.c.c.ConfigServerConfigDataLoader   : Exception on Url - http://localhost:8888/:org.springframework.web.client.ResourceAccessException: I/O error on GET request for "http://localhost:8888/auth-service/default": Connection refused: no further information. Will be trying the next url if available
2026-10-01 17:02:36.032  WARN [auth-service] [traceId=NO_TRACE] [tenantId=default] [           main] o.s.c.c.c.ConfigServerConfigDataLoader   : Could not locate PropertySource ([ConfigServerConfigDataResource@1df98368 uris = array<String>['http://localhost:8888/'], optional = true, profiles = 'default']): I/O error on GET request for "http://localhost:8888/auth-service/default": Connection refused: no further information
2026-10-01 17:02:36.153  WARN [notification-service] [traceId=NO_TRACE] [tenantId=default] [           main] .s.s.UserDetailsServiceAutoConfiguration : 

Using generated security password: 87a0a2f5-1780-4710-9a08-adc51eba64f7

This generated password is for development use only. Your security configuration must be updated before running your application in production.

2026-10-01 17:02:36.195  INFO [notification-service] [traceId=NO_TRACE] [tenantId=default] [           main] r$InitializeUserDetailsManagerConfigurer : Global AuthenticationManager configured with UserDetailsService bean with name inMemoryUserDetailsManager
2026-10-01 17:02:37.474  INFO [auth-service] [traceId=NO_TRACE] [tenantId=default] [           main] .s.d.r.c.RepositoryConfigurationDelegate : Multiple Spring Data modules found, entering strict repository configuration mode
2026-10-01 17:02:37.474  INFO [auth-service] [traceId=NO_TRACE] [tenantId=default] [           main] .s.d.r.c.RepositoryConfigurationDelegate : Bootstrapping Spring Data JPA repositories in DEFAULT mode.
2026-10-01 17:02:37.862  INFO [auth-service] [traceId=NO_TRACE] [tenantId=default] [           main] .s.d.r.c.RepositoryConfigurationDelegate : Finished Spring Data repository scanning in 373 ms. Found 22 JPA repository interfaces.
2026-10-01 17:02:38.667  INFO [auth-service] [traceId=NO_TRACE] [tenantId=default] [           main] .s.d.r.c.RepositoryConfigurationDelegate : Multiple Spring Data modules found, entering strict repository configuration mode
2026-10-01 17:02:38.668  INFO [auth-service] [traceId=NO_TRACE] [tenantId=default] [           main] .s.d.r.c.RepositoryConfigurationDelegate : Bootstrapping Spring Data Redis repositories in DEFAULT mode.
2026-10-01 17:02:38.703  INFO [auth-service] [traceId=NO_TRACE] [tenantId=default] [           main] .RepositoryConfigurationExtensionSupport : Spring Data Redis - Could not safely identify store assignment for repository candidate interface com.liochio.auth.repository.ApprovalHistoryRepository; If you want this repository to be a Redis repository, consider annotating your entities with one of these annotations: org.springframework.data.redis.core.RedisHash (preferred), or consider extending one of the following types with your repository: org.springframework.data.keyvalue.repository.KeyValueRepository
2026-10-01 17:02:38.703  INFO [auth-service] [traceId=NO_TRACE] [tenantId=default] [           main] .RepositoryConfigurationExtensionSupport : Spring Data Redis - Could not safely identify store assignment for repository candidate interface com.liochio.auth.repository.ApprovalRequestRepository; If you want this repository to be a Redis repository, consider annotating your entities with one of these annotations: org.springframework.data.redis.core.RedisHash (preferred), or consider extending one of the following types with your repository: org.springframework.data.keyvalue.repository.KeyValueRepository
2026-10-01 17:02:38.705  INFO [auth-service] [traceId=NO_TRACE] [tenantId=default] [           main] .RepositoryConfigurationExtensionSupport : Spring Data Redis - Could not safely identify store assignment for repository candidate interface com.liochio.auth.repository.CustomerOnboardingGateRepository; If you want this repository to be a Redis repository, consider annotating your entities with one of these annotations: org.springframework.data.redis.core.RedisHash (preferred), or consider extending one of the following types with your repository: org.springframework.data.keyvalue.repository.KeyValueRepository
2026-10-01 17:02:38.705  INFO [auth-service] [traceId=NO_TRACE] [tenantId=default] [           main] .RepositoryConfigurationExtensionSupport : Spring Data Redis - Could not safely identify store assignment for repository candidate interface com.liochio.auth.repository.MasterPermissionRepository; If you want this repository to be a Redis repository, consider annotating your entities with one of these annotations: org.springframework.data.redis.core.RedisHash (preferred), or consider extending one of the following types with your repository: org.springframework.data.keyvalue.repository.KeyValueRepository
2026-10-01 17:02:38.709  INFO [auth-service] [traceId=NO_TRACE] [tenantId=default] [           main] .RepositoryConfigurationExtensionSupport : Spring Data Redis - Could not safely identify store assignment for repository candidate interface com.liochio.auth.repository.PermissionRepository; If you want this repository to be a Redis repository, consider annotating your entities with one of these annotations: org.springframework.data.redis.core.RedisHash (preferred), or consider extending one of the following types with your repository: org.springframework.data.keyvalue.repository.KeyValueRepository
2026-10-01 17:02:38.711  INFO [auth-service] [traceId=NO_TRACE] [tenantId=default] [           main] .RepositoryConfigurationExtensionSupport : Spring Data Redis - Could not safely identify store assignment for repository candidate interface com.liochio.auth.repository.QrLoginSessionRepository; If you want this repository to be a Redis repository, consider annotating your entities with one of these annotations: org.springframework.data.redis.core.RedisHash (preferred), or consider extending one of the following types with your repository: org.springframework.data.keyvalue.repository.KeyValueRepository
2026-10-01 17:02:38.711  INFO [auth-service] [traceId=NO_TRACE] [tenantId=default] [           main] .RepositoryConfigurationExtensionSupport : Spring Data Redis - Could not safely identify store assignment for repository candidate interface com.liochio.auth.repository.RoleRepository; If you want this repository to be a Redis repository, consider annotating your entities with one of these annotations: org.springframework.data.redis.core.RedisHash (preferred), or consider extending one of the following types with your repository: org.springframework.data.keyvalue.repository.KeyValueRepository
2026-10-01 17:02:38.712  INFO [auth-service] [traceId=NO_TRACE] [tenantId=default] [           main] .RepositoryConfigurationExtensionSupport : Spring Data Redis - Could not safely identify store assignment for repository candidate interface com.liochio.auth.repository.SecurityLoginHistoryRepository; If you want this repository to be a Redis repository, consider annotating your entities with one of these annotations: org.springframework.data.redis.core.RedisHash (preferred), or consider extending one of the following types with your repository: org.springframework.data.keyvalue.repository.KeyValueRepository
2026-10-01 17:02:38.712  INFO [auth-service] [traceId=NO_TRACE] [tenantId=default] [           main] .RepositoryConfigurationExtensionSupport : Spring Data Redis - Could not safely identify store assignment for repository candidate interface com.liochio.auth.repository.SystemFeatureRepository; If you want this repository to be a Redis repository, consider annotating your entities with one of these annotations: org.springframework.data.redis.core.RedisHash (preferred), or consider extending one of the following types with your repository: org.springframework.data.keyvalue.repository.KeyValueRepository
2026-10-01 17:02:38.712  INFO [auth-service] [traceId=NO_TRACE] [tenantId=default] [           main] .RepositoryConfigurationExtensionSupport : Spring Data Redis - Could not safely identify store assignment for repository candidate interface com.liochio.auth.repository.TenantFeatureRepository; If you want this repository to be a Redis repository, consider annotating your entities with one of these annotations: org.springframework.data.redis.core.RedisHash (preferred), or consider extending one of the following types with your repository: org.springframework.data.keyvalue.repository.KeyValueRepository
2026-10-01 17:02:38.712  INFO [auth-service] [traceId=NO_TRACE] [tenantId=default] [           main] .RepositoryConfigurationExtensionSupport : Spring Data Redis - Could not safely identify store assignment for repository candidate interface com.liochio.auth.repository.TenantRepository; If you want this repository to be a Redis repository, consider annotating your entities with one of these annotations: org.springframework.data.redis.core.RedisHash (preferred), or consider extending one of the following types with your repository: org.springframework.data.keyvalue.repository.KeyValueRepository
2026-10-01 17:02:38.714  INFO [auth-service] [traceId=NO_TRACE] [tenantId=default] [           main] .RepositoryConfigurationExtensionSupport : Spring Data Redis - Could not safely identify store assignment for repository candidate interface com.liochio.auth.repository.TenantRoleRepository; If you want this repository to be a Redis repository, consider annotating your entities with one of these annotations: org.springframework.data.redis.core.RedisHash (preferred), or consider extending one of the following types with your repository: org.springframework.data.keyvalue.repository.KeyValueRepository
2026-10-01 17:02:38.714  INFO [auth-service] [traceId=NO_TRACE] [tenantId=default] [           main] .RepositoryConfigurationExtensionSupport : Spring Data Redis - Could not safely identify store assignment for repository candidate interface com.liochio.auth.repository.TenantUserRoleRepository; If you want this repository to be a Redis repository, consider annotating your entities with one of these annotations: org.springframework.data.redis.core.RedisHash (preferred), or consider extending one of the following types with your repository: org.springframework.data.keyvalue.repository.KeyValueRepository
2026-10-01 17:02:38.715  INFO [auth-service] [traceId=NO_TRACE] [tenantId=default] [           main] .RepositoryConfigurationExtensionSupport : Spring Data Redis - Could not safely identify store assignment for repository candidate interface com.liochio.auth.repository.UserDeviceRepository; If you want this repository to be a Redis repository, consider annotating your entities with one of these annotations: org.springframework.data.redis.core.RedisHash (preferred), or consider extending one of the following types with your repository: org.springframework.data.keyvalue.repository.KeyValueRepository
2026-10-01 17:02:38.715  INFO [auth-service] [traceId=NO_TRACE] [tenantId=default] [           main] .RepositoryConfigurationExtensionSupport : Spring Data Redis - Could not safely identify store assignment for repository candidate interface com.liochio.auth.repository.UserRepository; If you want this repository to be a Redis repository, consider annotating your entities with one of these annotations: org.springframework.data.redis.core.RedisHash (preferred), or consider extending one of the following types with your repository: org.springframework.data.keyvalue.repository.KeyValueRepository
2026-10-01 17:02:38.715  INFO [auth-service] [traceId=NO_TRACE] [tenantId=default] [           main] .RepositoryConfigurationExtensionSupport : Spring Data Redis - Could not safely identify store assignment for repository candidate interface com.liochio.auth.repository.UserSessionRepository; If you want this repository to be a Redis repository, consider annotating your entities with one of these annotations: org.springframework.data.redis.core.RedisHash (preferred), or consider extending one of the following types with your repository: org.springframework.data.keyvalue.repository.KeyValueRepository
2026-10-01 17:02:38.717  INFO [auth-service] [traceId=NO_TRACE] [tenantId=default] [           main] .s.d.r.c.RepositoryConfigurationDelegate : Finished Spring Data repository scanning in 32 ms. Found 0 Redis repository interfaces.
2026-10-01 17:02:39.474  INFO [auth-service] [traceId=NO_TRACE] [tenantId=default] [           main] o.s.cloud.context.scope.GenericScope     : BeanFactory id=3350c86f-138f-3c41-854c-8576b987e8d6
2026-10-01 17:02:40.904  INFO [auth-service] [traceId=NO_TRACE] [tenantId=default] [           main] o.s.b.w.embedded.tomcat.TomcatWebServer  : Tomcat initialized with port 8081 (http)
2026-10-01 17:02:40.934  INFO [auth-service] [traceId=NO_TRACE] [tenantId=default] [           main] o.apache.catalina.core.StandardService   : Starting service [Tomcat]
2026-10-01 17:02:40.934  INFO [auth-service] [traceId=NO_TRACE] [tenantId=default] [           main] o.apache.catalina.core.StandardEngine    : Starting Servlet engine: [Apache Tomcat/10.1.36]
2026-10-01 17:02:41.045  INFO [auth-service] [traceId=NO_TRACE] [tenantId=default] [           main] o.a.c.c.C.[Tomcat].[localhost].[/]       : Initializing Spring embedded WebApplicationContext
2026-10-01 17:02:41.045  INFO [auth-service] [traceId=NO_TRACE] [tenantId=default] [           main] w.s.c.ServletWebServerApplicationContext : Root WebApplicationContext: initialization completed in 5007 ms
2026-10-01 17:02:41.576  INFO [auth-service] [traceId=NO_TRACE] [tenantId=default] [           main] o.hibernate.jpa.internal.util.LogHelper  : HHH000204: Processing PersistenceUnitInfo [name: default]
2026-10-01 17:02:41.703  INFO [auth-service] [traceId=NO_TRACE] [tenantId=default] [           main] org.hibernate.Version                    : HHH000412: Hibernate ORM core version 6.6.8.Final
2026-10-01 17:02:41.791  INFO [auth-service] [traceId=NO_TRACE] [tenantId=default] [           main] o.h.c.internal.RegionFactoryInitiator    : HHH000026: Second-level cache disabled
2026-10-01 17:02:42.376  INFO [auth-service] [traceId=NO_TRACE] [tenantId=default] [           main] o.s.o.j.p.SpringPersistenceUnitInfo      : No LoadTimeWeaver setup: ignoring JPA class transformer
2026-10-01 17:02:42.451  INFO [auth-service] [traceId=NO_TRACE] [tenantId=default] [           main] com.zaxxer.hikari.HikariDataSource       : HikariPool-1 - Starting...
2026-10-01 17:02:42.747  INFO [auth-service] [traceId=NO_TRACE] [tenantId=default] [           main] com.zaxxer.hikari.pool.HikariPool        : HikariPool-1 - Added connection com.mysql.cj.jdbc.ConnectionImpl@cef23a8
2026-10-01 17:02:42.750  INFO [auth-service] [traceId=NO_TRACE] [tenantId=default] [           main] com.zaxxer.hikari.HikariDataSource       : HikariPool-1 - Start completed.
2026-10-01 17:02:42.754  INFO [notification-service] [traceId=NO_TRACE] [tenantId=default] [           main] DiscoveryClientOptionalArgsConfiguration : Eureka HTTP Client uses RestTemplate.
2026-10-01 17:02:42.850  WARN [auth-service] [traceId=NO_TRACE] [tenantId=default] [           main] org.hibernate.orm.deprecation            : HHH90000025: MySQLDialect does not need to be specified explicitly using 'hibernate.dialect' (remove the property setting and it will be selected by default)
2026-10-01 17:02:42.893  INFO [auth-service] [traceId=NO_TRACE] [tenantId=default] [           main] org.hibernate.orm.connections.pooling    : HHH10001005: Database info:
	Database JDBC URL [Connecting through datasource 'HikariDataSource (HikariPool-1)']
	Database driver: undefined/unknown
	Database version: 8.0.33
	Autocommit mode: undefined/unknown
	Isolation level: undefined/unknown
	Minimum pool size: undefined/unknown
	Maximum pool size: undefined/unknown
2026-10-01 17:02:43.266  INFO [notification-service] [traceId=NO_TRACE] [tenantId=default] [           main] o.s.m.s.b.SimpleBrokerMessageHandler     : Starting...
2026-10-01 17:02:43.268  INFO [notification-service] [traceId=NO_TRACE] [tenantId=default] [           main] o.s.m.s.b.SimpleBrokerMessageHandler     : BrokerAvailabilityEvent[available=true, SimpleBrokerMessageHandler [org.springframework.messaging.simp.broker.DefaultSubscriptionRegistry@678657a7]]
2026-10-01 17:02:43.269  INFO [notification-service] [traceId=NO_TRACE] [tenantId=default] [           main] o.s.m.s.b.SimpleBrokerMessageHandler     : Started.
2026-10-01 17:02:43.305  INFO [notification-service] [traceId=NO_TRACE] [tenantId=default] [           main] o.s.c.n.eureka.InstanceInfoFactory       : Setting initial instance status as: STARTING
2026-10-01 17:02:43.911  WARN [notification-service] [traceId=NO_TRACE] [tenantId=default] [           main] c.n.d.s.t.d.RetryableEurekaHttpClient    : Request execution failed with message: I/O error on GET request for "http://localhost:8761/eureka/apps/": Connect to http://localhost:8761 [localhost/127.0.0.1, localhost/0:0:0:0:0:0:0:1] failed: Connection refused: no further information
2026-10-01 17:02:43.911  WARN [notification-service] [traceId=NO_TRACE] [tenantId=default] [           main] com.netflix.discovery.DiscoveryClient    : Using default backup registry implementation which does not do anything.
2026-10-01 17:02:43.956  INFO [notification-service] [traceId=NO_TRACE] [tenantId=default] [           main] o.s.c.n.e.s.EurekaServiceRegistry        : Registering application NOTIFICATION-SERVICE with eureka with status UP
2026-10-01 17:02:43.996  INFO [notification-service] [traceId=NO_TRACE] [tenantId=default] [           main] o.s.b.w.embedded.tomcat.TomcatWebServer  : Tomcat started on port 8084 (http) with context path '/'
2026-10-01 17:02:43.996  INFO [notification-service] [traceId=NO_TRACE] [tenantId=default] [           main] .s.c.n.e.s.EurekaAutoServiceRegistration : Updating port to 8084
2026-10-01 17:02:44.034  WARN [notification-service] [traceId=NO_TRACE] [tenantId=default] [foReplicator-%d] c.n.d.s.t.d.RetryableEurekaHttpClient    : Request execution failed with message: I/O error on POST request for "http://localhost:8761/eureka/apps/NOTIFICATION-SERVICE": Connect to http://localhost:8761 [localhost/127.0.0.1, localhost/0:0:0:0:0:0:0:1] failed: Connection refused: no further information
2026-10-01 17:02:44.035  WARN [notification-service] [traceId=NO_TRACE] [tenantId=default] [foReplicator-%d] com.netflix.discovery.DiscoveryClient    : DiscoveryClient_NOTIFICATION-SERVICE/192.168.1.2:notification-service:8084 - registration failed Cannot execute request on any known server

com.netflix.discovery.shared.transport.TransportException: Cannot execute request on any known server
	at com.netflix.discovery.shared.transport.decorator.RetryableEurekaHttpClient.execute(RetryableEurekaHttpClient.java:112)
	at com.netflix.discovery.shared.transport.decorator.EurekaHttpClientDecorator.register(EurekaHttpClientDecorator.java:56)
	at com.netflix.discovery.shared.transport.decorator.EurekaHttpClientDecorator$1.execute(EurekaHttpClientDecorator.java:59)
	at com.netflix.discovery.shared.transport.decorator.SessionedEurekaHttpClient.execute(SessionedEurekaHttpClient.java:76)
	at com.netflix.discovery.shared.transport.decorator.EurekaHttpClientDecorator.register(EurekaHttpClientDecorator.java:56)
	at com.netflix.discovery.DiscoveryClient.register(DiscoveryClient.java:828)
	at com.netflix.discovery.InstanceInfoReplicator.run(InstanceInfoReplicator.java:125)
	at com.netflix.discovery.InstanceInfoReplicator$2.run(InstanceInfoReplicator.java:105)
	at java.base/java.util.concurrent.Executors$RunnableAdapter.call(Executors.java:539)
	at java.base/java.util.concurrent.FutureTask.run(FutureTask.java:264)
	at java.base/java.util.concurrent.ScheduledThreadPoolExecutor$ScheduledFutureTask.run(ScheduledThreadPoolExecutor.java:304)
	at java.base/java.util.concurrent.ThreadPoolExecutor.runWorker(ThreadPoolExecutor.java:1136)
	at java.base/java.util.concurrent.ThreadPoolExecutor$Worker.run(ThreadPoolExecutor.java:635)
	at java.base/java.lang.Thread.run(Thread.java:842)

2026-10-01 17:02:44.038  WARN [notification-service] [traceId=NO_TRACE] [tenantId=default] [foReplicator-%d] c.n.discovery.InstanceInfoReplicator     : There was a problem with the instance info replicator

com.netflix.discovery.shared.transport.TransportException: Cannot execute request on any known server
	at com.netflix.discovery.shared.transport.decorator.RetryableEurekaHttpClient.execute(RetryableEurekaHttpClient.java:112)
	at com.netflix.discovery.shared.transport.decorator.EurekaHttpClientDecorator.register(EurekaHttpClientDecorator.java:56)
	at com.netflix.discovery.shared.transport.decorator.EurekaHttpClientDecorator$1.execute(EurekaHttpClientDecorator.java:59)
	at com.netflix.discovery.shared.transport.decorator.SessionedEurekaHttpClient.execute(SessionedEurekaHttpClient.java:76)
	at com.netflix.discovery.shared.transport.decorator.EurekaHttpClientDecorator.register(EurekaHttpClientDecorator.java:56)
	at com.netflix.discovery.DiscoveryClient.register(DiscoveryClient.java:828)
	at com.netflix.discovery.InstanceInfoReplicator.run(InstanceInfoReplicator.java:125)
	at com.netflix.discovery.InstanceInfoReplicator$2.run(InstanceInfoReplicator.java:105)
	at java.base/java.util.concurrent.Executors$RunnableAdapter.call(Executors.java:539)
	at java.base/java.util.concurrent.FutureTask.run(FutureTask.java:264)
	at java.base/java.util.concurrent.ScheduledThreadPoolExecutor$ScheduledFutureTask.run(ScheduledThreadPoolExecutor.java:304)
	at java.base/java.util.concurrent.ThreadPoolExecutor.runWorker(ThreadPoolExecutor.java:1136)
	at java.base/java.util.concurrent.ThreadPoolExecutor$Worker.run(ThreadPoolExecutor.java:635)
	at java.base/java.lang.Thread.run(Thread.java:842)

2026-10-01 17:02:44.221  INFO [notification-service] [traceId=NO_TRACE] [tenantId=default] [           main] c.l.n.NotificationServiceApplication     : Started NotificationServiceApplication in 32.939 seconds (process running for 34.356)
2026-10-01 17:02:45.599  INFO [auth-service] [traceId=NO_TRACE] [tenantId=default] [           main] o.h.e.t.j.p.i.JtaPlatformInitiator       : HHH000489: No JTA platform available (set 'hibernate.transaction.jta.platform' to enable JTA platform integration)
2026-10-01 17:02:45.761  WARN [auth-service] [traceId=NO_TRACE] [tenantId=default] [           main] o.h.t.s.i.ExceptionHandlerLoggedImpl     : GenerationTarget encountered exception accepting command : Error executing DDL "alter table outbox_events modify column status enum ('FAILED','PENDING','PROCESSING','PUBLISHED') not null" via JDBC [Data truncated for column 'status' at row 1]

org.hibernate.tool.schema.spi.CommandAcceptanceException: Error executing DDL "alter table outbox_events modify column status enum ('FAILED','PENDING','PROCESSING','PUBLISHED') not null" via JDBC [Data truncated for column 'status' at row 1]
	at org.hibernate.tool.schema.internal.exec.GenerationTargetToDatabase.accept(GenerationTargetToDatabase.java:94)
	at org.hibernate.tool.schema.internal.AbstractSchemaMigrator.applySqlString(AbstractSchemaMigrator.java:576)
	at org.hibernate.tool.schema.internal.AbstractSchemaMigrator.applySqlStrings(AbstractSchemaMigrator.java:516)
	at org.hibernate.tool.schema.internal.AbstractSchemaMigrator.migrateTable(AbstractSchemaMigrator.java:334)
	at org.hibernate.tool.schema.internal.GroupedSchemaMigratorImpl.performTablesMigration(GroupedSchemaMigratorImpl.java:84)
	at org.hibernate.tool.schema.internal.AbstractSchemaMigrator.performMigration(AbstractSchemaMigrator.java:233)
	at org.hibernate.tool.schema.internal.AbstractSchemaMigrator.doMigration(AbstractSchemaMigrator.java:112)
	at org.hibernate.tool.schema.spi.SchemaManagementToolCoordinator.performDatabaseAction(SchemaManagementToolCoordinator.java:280)
	at org.hibernate.tool.schema.spi.SchemaManagementToolCoordinator.lambda$process$5(SchemaManagementToolCoordinator.java:144)
	at java.base/java.util.HashMap.forEach(HashMap.java:1421)
	at org.hibernate.tool.schema.spi.SchemaManagementToolCoordinator.process(SchemaManagementToolCoordinator.java:141)
	at org.hibernate.boot.internal.SessionFactoryObserverForSchemaExport.sessionFactoryCreated(SessionFactoryObserverForSchemaExport.java:37)
	at org.hibernate.internal.SessionFactoryObserverChain.sessionFactoryCreated(SessionFactoryObserverChain.java:35)
	at org.hibernate.internal.SessionFactoryImpl.<init>(SessionFactoryImpl.java:324)
	at org.hibernate.boot.internal.SessionFactoryBuilderImpl.build(SessionFactoryBuilderImpl.java:463)
	at org.hibernate.jpa.boot.internal.EntityManagerFactoryBuilderImpl.build(EntityManagerFactoryBuilderImpl.java:1517)
	at org.springframework.orm.jpa.vendor.SpringHibernateJpaPersistenceProvider.createContainerEntityManagerFactory(SpringHibernateJpaPersistenceProvider.java:66)
	at org.springframework.orm.jpa.LocalContainerEntityManagerFactoryBean.createNativeEntityManagerFactory(LocalContainerEntityManagerFactoryBean.java:390)
	at org.springframework.orm.jpa.AbstractEntityManagerFactoryBean.buildNativeEntityManagerFactory(AbstractEntityManagerFactoryBean.java:419)
	at org.springframework.orm.jpa.AbstractEntityManagerFactoryBean.afterPropertiesSet(AbstractEntityManagerFactoryBean.java:400)
	at org.springframework.orm.jpa.LocalContainerEntityManagerFactoryBean.afterPropertiesSet(LocalContainerEntityManagerFactoryBean.java:366)
	at org.springframework.beans.factory.support.AbstractAutowireCapableBeanFactory.invokeInitMethods(AbstractAutowireCapableBeanFactory.java:1859)
	at org.springframework.beans.factory.support.AbstractAutowireCapableBeanFactory.initializeBean(AbstractAutowireCapableBeanFactory.java:1808)
	at org.springframework.beans.factory.support.AbstractAutowireCapableBeanFactory.doCreateBean(AbstractAutowireCapableBeanFactory.java:601)
	at org.springframework.beans.factory.support.AbstractAutowireCapableBeanFactory.createBean(AbstractAutowireCapableBeanFactory.java:523)
	at org.springframework.beans.factory.support.AbstractBeanFactory.lambda$doGetBean$0(AbstractBeanFactory.java:339)
	at org.springframework.beans.factory.support.DefaultSingletonBeanRegistry.getSingleton(DefaultSingletonBeanRegistry.java:346)
	at org.springframework.beans.factory.support.AbstractBeanFactory.doGetBean(AbstractBeanFactory.java:337)
	at org.springframework.beans.factory.support.AbstractBeanFactory.getBean(AbstractBeanFactory.java:202)
	at org.springframework.beans.factory.support.BeanDefinitionValueResolver.resolveReference(BeanDefinitionValueResolver.java:365)
	at org.springframework.beans.factory.support.BeanDefinitionValueResolver.resolveValueIfNecessary(BeanDefinitionValueResolver.java:135)
	at org.springframework.beans.factory.support.ConstructorResolver.resolveConstructorArguments(ConstructorResolver.java:691)
	at org.springframework.beans.factory.support.ConstructorResolver.instantiateUsingFactoryMethod(ConstructorResolver.java:513)
	at org.springframework.beans.factory.support.AbstractAutowireCapableBeanFactory.instantiateUsingFactoryMethod(AbstractAutowireCapableBeanFactory.java:1361)
	at org.springframework.beans.factory.support.AbstractAutowireCapableBeanFactory.createBeanInstance(AbstractAutowireCapableBeanFactory.java:1191)
	at org.springframework.beans.factory.support.AbstractAutowireCapableBeanFactory.doCreateBean(AbstractAutowireCapableBeanFactory.java:563)
	at org.springframework.beans.factory.support.AbstractAutowireCapableBeanFactory.createBean(AbstractAutowireCapableBeanFactory.java:523)
	at org.springframework.beans.factory.support.AbstractBeanFactory.lambda$doGetBean$0(AbstractBeanFactory.java:339)
	at org.springframework.beans.factory.support.DefaultSingletonBeanRegistry.getSingleton(DefaultSingletonBeanRegistry.java:346)
	at org.springframework.beans.factory.support.AbstractBeanFactory.doGetBean(AbstractBeanFactory.java:337)
	at org.springframework.beans.factory.support.AbstractBeanFactory.getBean(AbstractBeanFactory.java:202)
	at org.springframework.beans.factory.support.BeanDefinitionValueResolver.resolveReference(BeanDefinitionValueResolver.java:365)
	at org.springframework.beans.factory.support.BeanDefinitionValueResolver.resolveValueIfNecessary(BeanDefinitionValueResolver.java:135)
	at org.springframework.beans.factory.support.AbstractAutowireCapableBeanFactory.applyPropertyValues(AbstractAutowireCapableBeanFactory.java:1711)
	at org.springframework.beans.factory.support.AbstractAutowireCapableBeanFactory.populateBean(AbstractAutowireCapableBeanFactory.java:1460)
	at org.springframework.beans.factory.support.AbstractAutowireCapableBeanFactory.doCreateBean(AbstractAutowireCapableBeanFactory.java:600)
	at org.springframework.beans.factory.support.AbstractAutowireCapableBeanFactory.createBean(AbstractAutowireCapableBeanFactory.java:523)
	at org.springframework.beans.factory.support.AbstractBeanFactory.lambda$doGetBean$0(AbstractBeanFactory.java:339)
	at org.springframework.beans.factory.support.DefaultSingletonBeanRegistry.getSingleton(DefaultSingletonBeanRegistry.java:346)
	at org.springframework.beans.factory.support.AbstractBeanFactory.doGetBean(AbstractBeanFactory.java:337)
	at org.springframework.beans.factory.support.AbstractBeanFactory.getBean(AbstractBeanFactory.java:202)
	at org.springframework.beans.factory.support.DefaultListableBeanFactory.doResolveDependency(DefaultListableBeanFactory.java:1606)
	at org.springframework.beans.factory.support.DefaultListableBeanFactory.resolveDependency(DefaultListableBeanFactory.java:1552)
	at org.springframework.beans.factory.annotation.AutowiredAnnotationBeanPostProcessor$AutowiredFieldElement.resolveFieldValue(AutowiredAnnotationBeanPostProcessor.java:785)
	at org.springframework.beans.factory.annotation.AutowiredAnnotationBeanPostProcessor$AutowiredFieldElement.inject(AutowiredAnnotationBeanPostProcessor.java:768)
	at org.springframework.beans.factory.annotation.InjectionMetadata.inject(InjectionMetadata.java:146)
	at org.springframework.beans.factory.annotation.AutowiredAnnotationBeanPostProcessor.postProcessProperties(AutowiredAnnotationBeanPostProcessor.java:509)
	at org.springframework.beans.factory.support.AbstractAutowireCapableBeanFactory.populateBean(AbstractAutowireCapableBeanFactory.java:1445)
	at org.springframework.beans.factory.support.AbstractAutowireCapableBeanFactory.doCreateBean(AbstractAutowireCapableBeanFactory.java:600)
	at org.springframework.beans.factory.support.AbstractAutowireCapableBeanFactory.createBean(AbstractAutowireCapableBeanFactory.java:523)
	at org.springframework.beans.factory.support.AbstractBeanFactory.lambda$doGetBean$0(AbstractBeanFactory.java:339)
	at org.springframework.beans.factory.support.DefaultSingletonBeanRegistry.getSingleton(DefaultSingletonBeanRegistry.java:346)
	at org.springframework.beans.factory.support.AbstractBeanFactory.doGetBean(AbstractBeanFactory.java:337)
	at org.springframework.beans.factory.support.AbstractBeanFactory.getBean(AbstractBeanFactory.java:207)
	at org.springframework.boot.web.servlet.ServletContextInitializerBeans.getOrderedBeansOfType(ServletContextInitializerBeans.java:211)
	at org.springframework.boot.web.servlet.ServletContextInitializerBeans.addAsRegistrationBean(ServletContextInitializerBeans.java:174)
	at org.springframework.boot.web.servlet.ServletContextInitializerBeans.addAsRegistrationBean(ServletContextInitializerBeans.java:169)
	at org.springframework.boot.web.servlet.ServletContextInitializerBeans.addAdaptableBeans(ServletContextInitializerBeans.java:154)
	at org.springframework.boot.web.servlet.ServletContextInitializerBeans.<init>(ServletContextInitializerBeans.java:87)
	at org.springframework.boot.web.servlet.context.ServletWebServerApplicationContext.getServletContextInitializerBeans(ServletWebServerApplicationContext.java:271)
	at org.springframework.boot.web.servlet.context.ServletWebServerApplicationContext.selfInitialize(ServletWebServerApplicationContext.java:245)
	at org.springframework.boot.web.embedded.tomcat.TomcatStarter.onStartup(TomcatStarter.java:52)
	at org.apache.catalina.core.StandardContext.startInternal(StandardContext.java:4467)
	at org.apache.catalina.util.LifecycleBase.start(LifecycleBase.java:164)
	at org.apache.catalina.core.ContainerBase$StartChild.call(ContainerBase.java:1203)
	at org.apache.catalina.core.ContainerBase$StartChild.call(ContainerBase.java:1193)
	at java.base/java.util.concurrent.FutureTask.run(FutureTask.java:264)
	at org.apache.tomcat.util.threads.InlineExecutorService.execute(InlineExecutorService.java:75)
	at java.base/java.util.concurrent.AbstractExecutorService.submit(AbstractExecutorService.java:145)
	at org.apache.catalina.core.ContainerBase.startInternal(ContainerBase.java:749)
	at org.apache.catalina.core.StandardHost.startInternal(StandardHost.java:772)
	at org.apache.catalina.util.LifecycleBase.start(LifecycleBase.java:164)
	at org.apache.catalina.core.ContainerBase$StartChild.call(ContainerBase.java:1203)
	at org.apache.catalina.core.ContainerBase$StartChild.call(ContainerBase.java:1193)
	at java.base/java.util.concurrent.FutureTask.run(FutureTask.java:264)
	at org.apache.tomcat.util.threads.InlineExecutorService.execute(InlineExecutorService.java:75)
	at java.base/java.util.concurrent.AbstractExecutorService.submit(AbstractExecutorService.java:145)
	at org.apache.catalina.core.ContainerBase.startInternal(ContainerBase.java:749)
	at org.apache.catalina.core.StandardEngine.startInternal(StandardEngine.java:203)
	at org.apache.catalina.util.LifecycleBase.start(LifecycleBase.java:164)
	at org.apache.catalina.core.StandardService.startInternal(StandardService.java:415)
	at org.apache.catalina.util.LifecycleBase.start(LifecycleBase.java:164)
	at org.apache.catalina.core.StandardServer.startInternal(StandardServer.java:870)
	at org.apache.catalina.util.LifecycleBase.start(LifecycleBase.java:164)
	at org.apache.catalina.startup.Tomcat.start(Tomcat.java:437)
	at org.springframework.boot.web.embedded.tomcat.TomcatWebServer.initialize(TomcatWebServer.java:128)
	at org.springframework.boot.web.embedded.tomcat.TomcatWebServer.<init>(TomcatWebServer.java:107)
	at org.springframework.boot.web.embedded.tomcat.TomcatServletWebServerFactory.getTomcatWebServer(TomcatServletWebServerFactory.java:520)
	at org.springframework.boot.web.embedded.tomcat.TomcatServletWebServerFactory.getWebServer(TomcatServletWebServerFactory.java:222)
	at org.springframework.boot.web.servlet.context.ServletWebServerApplicationContext.createWebServer(ServletWebServerApplicationContext.java:193)
	at org.springframework.boot.web.servlet.context.ServletWebServerApplicationContext.onRefresh(ServletWebServerApplicationContext.java:167)
	at org.springframework.context.support.AbstractApplicationContext.refresh(AbstractApplicationContext.java:621)
	at org.springframework.boot.web.servlet.context.ServletWebServerApplicationContext.refresh(ServletWebServerApplicationContext.java:146)
	at org.springframework.boot.SpringApplication.refresh(SpringApplication.java:752)
	at org.springframework.boot.SpringApplication.refreshContext(SpringApplication.java:439)
	at org.springframework.boot.SpringApplication.run(SpringApplication.java:318)
	at org.springframework.boot.SpringApplication.run(SpringApplication.java:1361)
	at org.springframework.boot.SpringApplication.run(SpringApplication.java:1350)
	at com.liochio.auth.AuthServiceApplication.main(AuthServiceApplication.java:29)
Caused by: java.sql.SQLException: Data truncated for column 'status' at row 1
	at com.mysql.cj.jdbc.exceptions.SQLError.createSQLException(SQLError.java:130)
	at com.mysql.cj.jdbc.exceptions.SQLExceptionsMapping.translateException(SQLExceptionsMapping.java:122)
	at com.mysql.cj.jdbc.StatementImpl.executeInternal(StatementImpl.java:770)
	at com.mysql.cj.jdbc.StatementImpl.execute(StatementImpl.java:653)
	at com.zaxxer.hikari.pool.ProxyStatement.execute(ProxyStatement.java:94)
	at com.zaxxer.hikari.pool.HikariProxyStatement.execute(HikariProxyStatement.java)
	at org.hibernate.tool.schema.internal.exec.GenerationTargetToDatabase.accept(GenerationTargetToDatabase.java:80)
	... 108 common frames omitted

2026-10-01 17:02:45.853  INFO [auth-service] [traceId=NO_TRACE] [tenantId=default] [           main] j.LocalContainerEntityManagerFactoryBean : Initialized JPA EntityManagerFactory for persistence unit 'default'
2026-10-01 17:02:46.695  INFO [auth-service] [traceId=NO_TRACE] [tenantId=default] [           main] com.liochio.common.security.JwtUtils     : [JwtUtils] Loaded RSA Private Key successfully from classpath:certs/rsa-private.pem
2026-10-01 17:02:46.696  INFO [auth-service] [traceId=NO_TRACE] [tenantId=default] [           main] com.liochio.common.security.JwtUtils     : [JwtUtils] Loaded RSA Public Key successfully from classpath:certs/rsa-public.pem
2026-10-01 17:02:47.616 DEBUG [auth-service] [traceId=NO_TRACE] [tenantId=default] [           main] c.l.c.security.JwtAuthenticationFilter   : Filter 'jwtAuthenticationFilter' configured for use
2026-10-01 17:02:47.616 DEBUG [auth-service] [traceId=NO_TRACE] [tenantId=default] [           main] c.liochio.common.filter.MdcTraceFilter   : Filter 'mdcTraceFilter' configured for use
2026-10-01 17:02:47.616 DEBUG [auth-service] [traceId=NO_TRACE] [tenantId=default] [           main] com.liochio.common.filter.TenantFilter   : Filter 'tenantFilter' configured for use
2026-10-01 17:02:47.616 DEBUG [auth-service] [traceId=NO_TRACE] [tenantId=default] [           main] c.l.c.security.RestCacheControlFilter    : Filter 'restCacheControlFilter' configured for use
2026-10-01 17:02:47.617 DEBUG [auth-service] [traceId=NO_TRACE] [tenantId=default] [           main] c.l.common.filter.AuditLoggingFilter     : Filter 'auditLoggingFilter' configured for use
2026-10-01 17:02:47.825  INFO [auth-service] [traceId=NO_TRACE] [tenantId=default] [           main] o.s.d.j.r.query.QueryEnhancerFactory     : Hibernate is in classpath; If applicable, HQL parser will be used.
2026-10-01 17:02:52.399  WARN [auth-service] [traceId=NO_TRACE] [tenantId=default] [           main] .s.s.UserDetailsServiceAutoConfiguration : 

Using generated security password: 60c24eaf-a6db-4ac5-8a77-0f43df504b37

This generated password is for development use only. Your security configuration must be updated before running your application in production.

2026-10-01 17:02:52.464  INFO [auth-service] [traceId=NO_TRACE] [tenantId=default] [           main] r$InitializeUserDetailsManagerConfigurer : Global AuthenticationManager configured with UserDetailsService bean with name inMemoryUserDetailsManager
2026-10-01 17:02:57.900  INFO [auth-service] [traceId=NO_TRACE] [tenantId=default] [           main] DiscoveryClientOptionalArgsConfiguration : Eureka HTTP Client uses RestTemplate.
2026-10-01 17:02:58.277  INFO [auth-service] [traceId=NO_TRACE] [tenantId=default] [           main] o.s.b.w.embedded.tomcat.TomcatWebServer  : Tomcat started on port 8081 (http) with context path '/'
2026-10-01 17:02:58.494  INFO [auth-service] [traceId=NO_TRACE] [tenantId=default] [           main] c.liochio.auth.AuthServiceApplication    : Started AuthServiceApplication in 24.678 seconds (process running for 25.905)
2026-10-01 17:03:43.210  INFO [notification-service] [traceId=NO_TRACE] [tenantId=default] [MessageBroker-1] o.s.w.s.c.WebSocketMessageBrokerStats    : WebSocketSession[0 current WS(0)-HttpStream(0)-HttpPoll(0), 0 total, 0 closed abnormally (0 connect failure, 0 send limit, 0 transport error)], stompSubProtocol[processed CONNECT(0)-CONNECTED(0)-DISCONNECT(0)], stompBrokerRelay[null], inboundChannel[pool size = 0, active threads = 0, queued tasks = 0, completed tasks = 0], outboundChannel[pool size = 0, active threads = 0, queued tasks = 0, completed tasks = 0], sockJsScheduler[pool size = 1, active threads = 1, queued tasks = 0, completed tasks = 0]
2026-10-01 17:09:57.109  INFO [auth-service] [traceId=NO_TRACE] [tenantId=default] [nio-8081-exec-1] o.a.c.c.C.[Tomcat].[localhost].[/]       : Initializing Spring DispatcherServlet 'dispatcherServlet'
2026-10-01 17:09:57.110  INFO [auth-service] [traceId=NO_TRACE] [tenantId=default] [nio-8081-exec-1] o.s.web.servlet.DispatcherServlet        : Initializing Servlet 'dispatcherServlet'
2026-10-01 17:09:57.112  INFO [auth-service] [traceId=NO_TRACE] [tenantId=default] [nio-8081-exec-1] o.s.web.servlet.DispatcherServlet        : Completed initialization in 2 ms
2026-10-01 17:09:57.135 DEBUG [auth-service] [traceId=c63044a694974afd] [tenantId=default] [nio-8081-exec-1] com.liochio.common.filter.TenantFilter   : [TenantFilter] Đã nạp Tenant ID: 'default' cho URI: /api/v1/auth/login
2026-10-01 17:09:57.178 DEBUG [auth-service] [traceId=01a92cc2e71e499f] [tenantId=default] [nio-8081-exec-2] com.liochio.common.filter.TenantFilter   : [TenantFilter] Đã nạp Tenant ID: 'default' cho URI: /api/v1/auth/login
2026-10-01 17:09:58.134  INFO [auth-service] [traceId=01a92cc2e71e499f] [tenantId=default] [nio-8081-exec-2] c.liochio.auth.service.SessionService    : [SessionService] Tạo phiên mới: SessionID=sess_345e175b81484ee8acccab1de6017a45, UserID=17, DeviceID=fp_2d07218d70a99b81
2026-10-01 17:09:58.134 DEBUG [auth-service] [traceId=01a92cc2e71e499f] [tenantId=default] [nio-8081-exec-2] c.liochio.common.advice.LoggingAspect    : [EXECUTION] com.liochio.auth.service.SessionService.createSession() hoàn tất trong 26 ms
2026-10-01 17:09:58.206 DEBUG [auth-service] [traceId=01a92cc2e71e499f] [tenantId=default] [nio-8081-exec-2] c.liochio.common.advice.LoggingAspect    : [EXECUTION] com.liochio.auth.service.AuthService.login() hoàn tất trong 739 ms
2026-10-01 17:09:58.240 DEBUG [auth-service] [traceId=01a92cc2e71e499f] [tenantId=default] [nio-8081-exec-2] c.liochio.common.advice.LoggingAspect    : [EXECUTION] com.liochio.common.i18n.MessageService.getMessage() hoàn tất trong 21 ms
2026-10-01 17:09:58.264 DEBUG [auth-service] [traceId=01a92cc2e71e499f] [tenantId=default] [nio-8081-exec-2] c.liochio.common.advice.LoggingAspect    : [EXECUTION] com.liochio.auth.controller.AuthController.login() hoàn tất trong 821 ms
2026-10-01 17:09:58.675 DEBUG [auth-service] [traceId=f84147e26d2f449d] [tenantId=default] [nio-8081-exec-3] com.liochio.common.filter.TenantFilter   : [TenantFilter] Đã nạp Tenant ID: 'default' cho URI: /.well-known/jwks.json
2026-10-01 17:09:58.676 DEBUG [auth-service] [traceId=f84147e26d2f449d] [tenantId=default] [nio-8081-exec-3] c.liochio.common.advice.LoggingAspect    : [EXECUTION] com.liochio.auth.controller.JwksController.getJwks() hoàn tất trong 0 ms
2026-10-01 17:18:11.177  INFO [notification-service] [traceId=NO_TRACE] [tenantId=default] [ionShutdownHook] o.s.c.n.e.s.EurekaServiceRegistry        : Unregistering application NOTIFICATION-SERVICE with eureka with status DOWN
2026-10-01 17:18:11.773  WARN [notification-service] [traceId=NO_TRACE] [tenantId=default] [foReplicator-%d] c.n.d.s.t.d.RetryableEurekaHttpClient    : Request execution failed with message: I/O error on POST request for "http://localhost:8761/eureka/apps/NOTIFICATION-SERVICE": localhost:8761 failed to respond
2026-10-01 17:18:11.898  INFO [notification-service] [traceId=NO_TRACE] [tenantId=default] [ionShutdownHook] o.s.b.w.e.tomcat.GracefulShutdown        : Commencing graceful shutdown. Waiting for active requests to complete
2026-10-01 17:18:12.336  INFO [auth-service] [traceId=NO_TRACE] [tenantId=default] [ionShutdownHook] o.s.b.w.e.tomcat.GracefulShutdown        : Commencing graceful shutdown. Waiting for active requests to complete
2026-10-01 17:18:14.199  INFO [notification-service] [traceId=NO_TRACE] [tenantId=default] [tomcat-shutdown] o.s.b.w.e.tomcat.GracefulShutdown        : Graceful shutdown complete
2026-10-01 17:18:14.231  WARN [notification-service] [traceId=NO_TRACE] [tenantId=default] [foReplicator-%d] c.n.d.s.t.d.RetryableEurekaHttpClient    : Request execution failed with message: I/O error on POST request for "http://localhost:8761/eureka/apps/NOTIFICATION-SERVICE": Connection reset
2026-10-01 17:18:14.232  WARN [notification-service] [traceId=NO_TRACE] [tenantId=default] [foReplicator-%d] com.netflix.discovery.DiscoveryClient    : DiscoveryClient_NOTIFICATION-SERVICE/192.168.1.2:notification-service:8084 - registration failed Cannot execute request on any known server

com.netflix.discovery.shared.transport.TransportException: Cannot execute request on any known server
	at com.netflix.discovery.shared.transport.decorator.RetryableEurekaHttpClient.execute(RetryableEurekaHttpClient.java:112)
	at com.netflix.discovery.shared.transport.decorator.EurekaHttpClientDecorator.register(EurekaHttpClientDecorator.java:56)
	at com.netflix.discovery.shared.transport.decorator.EurekaHttpClientDecorator$1.execute(EurekaHttpClientDecorator.java:59)
	at com.netflix.discovery.shared.transport.decorator.SessionedEurekaHttpClient.execute(SessionedEurekaHttpClient.java:76)
	at com.netflix.discovery.shared.transport.decorator.EurekaHttpClientDecorator.register(EurekaHttpClientDecorator.java:56)
	at com.netflix.discovery.DiscoveryClient.register(DiscoveryClient.java:828)
	at com.netflix.discovery.InstanceInfoReplicator.run(InstanceInfoReplicator.java:125)
	at com.netflix.discovery.InstanceInfoReplicator$2.run(InstanceInfoReplicator.java:105)
	at java.base/java.util.concurrent.Executors$RunnableAdapter.call(Executors.java:539)
	at java.base/java.util.concurrent.FutureTask.run(FutureTask.java:264)
	at java.base/java.util.concurrent.ScheduledThreadPoolExecutor$ScheduledFutureTask.run(ScheduledThreadPoolExecutor.java:304)
	at java.base/java.util.concurrent.ThreadPoolExecutor.runWorker(ThreadPoolExecutor.java:1136)
	at java.base/java.util.concurrent.ThreadPoolExecutor$Worker.run(ThreadPoolExecutor.java:635)
	at java.base/java.lang.Thread.run(Thread.java:842)

2026-10-01 17:18:14.237  WARN [notification-service] [traceId=NO_TRACE] [tenantId=default] [foReplicator-%d] c.n.discovery.InstanceInfoReplicator     : There was a problem with the instance info replicator

com.netflix.discovery.shared.transport.TransportException: Cannot execute request on any known server
	at com.netflix.discovery.shared.transport.decorator.RetryableEurekaHttpClient.execute(RetryableEurekaHttpClient.java:112)
	at com.netflix.discovery.shared.transport.decorator.EurekaHttpClientDecorator.register(EurekaHttpClientDecorator.java:56)
	at com.netflix.discovery.shared.transport.decorator.EurekaHttpClientDecorator$1.execute(EurekaHttpClientDecorator.java:59)
	at com.netflix.discovery.shared.transport.decorator.SessionedEurekaHttpClient.execute(SessionedEurekaHttpClient.java:76)
	at com.netflix.discovery.shared.transport.decorator.EurekaHttpClientDecorator.register(EurekaHttpClientDecorator.java:56)
	at com.netflix.discovery.DiscoveryClient.register(DiscoveryClient.java:828)
	at com.netflix.discovery.InstanceInfoReplicator.run(InstanceInfoReplicator.java:125)
	at com.netflix.discovery.InstanceInfoReplicator$2.run(InstanceInfoReplicator.java:105)
	at java.base/java.util.concurrent.Executors$RunnableAdapter.call(Executors.java:539)
	at java.base/java.util.concurrent.FutureTask.run(FutureTask.java:264)
	at java.base/java.util.concurrent.ScheduledThreadPoolExecutor$ScheduledFutureTask.run(ScheduledThreadPoolExecutor.java:304)
	at java.base/java.util.concurrent.ThreadPoolExecutor.runWorker(ThreadPoolExecutor.java:1136)
	at java.base/java.util.concurrent.ThreadPoolExecutor$Worker.run(ThreadPoolExecutor.java:635)
	at java.base/java.lang.Thread.run(Thread.java:842)

2026-10-01 17:18:14.247  INFO [notification-service] [traceId=NO_TRACE] [tenantId=default] [ionShutdownHook] o.s.m.s.b.SimpleBrokerMessageHandler     : Stopping...
2026-10-01 17:18:14.252  INFO [notification-service] [traceId=NO_TRACE] [tenantId=default] [ionShutdownHook] o.s.m.s.b.SimpleBrokerMessageHandler     : BrokerAvailabilityEvent[available=false, SimpleBrokerMessageHandler [org.springframework.messaging.simp.broker.DefaultSubscriptionRegistry@678657a7]]
2026-10-01 17:18:14.253  INFO [notification-service] [traceId=NO_TRACE] [tenantId=default] [ionShutdownHook] o.s.m.s.b.SimpleBrokerMessageHandler     : Stopped.
2026-10-01 17:18:14.709  INFO [auth-service] [traceId=NO_TRACE] [tenantId=default] [tomcat-shutdown] o.s.b.w.e.tomcat.GracefulShutdown        : Graceful shutdown complete
2026-10-01 17:18:14.762  INFO [notification-service] [traceId=NO_TRACE] [tenantId=default] [ionShutdownHook] j.LocalContainerEntityManagerFactoryBean : Closing JPA EntityManagerFactory for persistence unit 'default'
2026-10-01 17:18:14.830  INFO [notification-service] [traceId=NO_TRACE] [tenantId=default] [ionShutdownHook] com.zaxxer.hikari.HikariDataSource       : HikariPool-1 - Shutdown initiated...
2026-10-01 17:18:14.915  INFO [notification-service] [traceId=NO_TRACE] [tenantId=default] [ionShutdownHook] com.zaxxer.hikari.HikariDataSource       : HikariPool-1 - Shutdown completed.
2026-10-01 17:18:15.246  INFO [auth-service] [traceId=NO_TRACE] [tenantId=default] [ionShutdownHook] j.LocalContainerEntityManagerFactoryBean : Closing JPA EntityManagerFactory for persistence unit 'default'
2026-10-01 17:18:15.275  INFO [auth-service] [traceId=NO_TRACE] [tenantId=default] [ionShutdownHook] com.zaxxer.hikari.HikariDataSource       : HikariPool-1 - Shutdown initiated...
2026-10-01 17:18:15.779  INFO [auth-service] [traceId=NO_TRACE] [tenantId=default] [ionShutdownHook] com.zaxxer.hikari.HikariDataSource       : HikariPool-1 - Shutdown completed.
2026-10-01 17:18:17.489  WARN [notification-service] [traceId=NO_TRACE] [tenantId=default] [beatExecutor-%d] c.n.d.s.t.d.RetryableEurekaHttpClient    : Request execution failed with message: I/O error on PUT request for "http://localhost:8761/eureka/apps/NOTIFICATION-SERVICE/192.168.1.2:notification-service:8084": Connect to http://localhost:8761 [localhost/127.0.0.1, localhost/0:0:0:0:0:0:0:1] failed: Connection refused: no further information
2026-10-01 17:18:17.489 ERROR [notification-service] [traceId=NO_TRACE] [tenantId=default] [beatExecutor-%d] com.netflix.discovery.DiscoveryClient    : DiscoveryClient_NOTIFICATION-SERVICE/192.168.1.2:notification-service:8084 - was unable to send heartbeat!

com.netflix.discovery.shared.transport.TransportException: Cannot execute request on any known server
	at com.netflix.discovery.shared.transport.decorator.RetryableEurekaHttpClient.execute(RetryableEurekaHttpClient.java:112)
	at com.netflix.discovery.shared.transport.decorator.EurekaHttpClientDecorator.sendHeartBeat(EurekaHttpClientDecorator.java:89)
	at com.netflix.discovery.shared.transport.decorator.EurekaHttpClientDecorator$3.execute(EurekaHttpClientDecorator.java:92)
	at com.netflix.discovery.shared.transport.decorator.SessionedEurekaHttpClient.execute(SessionedEurekaHttpClient.java:76)
	at com.netflix.discovery.shared.transport.decorator.EurekaHttpClientDecorator.sendHeartBeat(EurekaHttpClientDecorator.java:89)
	at com.netflix.discovery.DiscoveryClient.renew(DiscoveryClient.java:845)
	at com.netflix.discovery.DiscoveryClient$HeartbeatThread.run(DiscoveryClient.java:1402)
	at java.base/java.util.concurrent.Executors$RunnableAdapter.call(Executors.java:539)
	at java.base/java.util.concurrent.FutureTask.run(FutureTask.java:264)
	at java.base/java.util.concurrent.ThreadPoolExecutor.runWorker(ThreadPoolExecutor.java:1136)
	at java.base/java.util.concurrent.ThreadPoolExecutor$Worker.run(ThreadPoolExecutor.java:635)
	at java.base/java.lang.Thread.run(Thread.java:842)

2026-10-01 17:18:17.751  WARN [notification-service] [traceId=NO_TRACE] [tenantId=default] [reshExecutor-%d] c.n.d.s.t.d.RetryableEurekaHttpClient    : Request execution failed with message: I/O error on GET request for "http://localhost:8761/eureka/apps/delta": Connect to http://localhost:8761 [localhost/127.0.0.1, localhost/0:0:0:0:0:0:0:1] failed: Connection refused: no further information
2026-10-01 17:18:17.956  WARN [notification-service] [traceId=NO_TRACE] [tenantId=default] [reshExecutor-%d] c.n.d.s.t.d.RetryableEurekaHttpClient    : Request execution failed with message: I/O error on GET request for "http://localhost:8761/eureka/apps/delta": Connect to http://localhost:8761 [localhost/127.0.0.1, localhost/0:0:0:0:0:0:0:1] failed: Connection refused: no further information
2026-10-01 17:18:17.999  WARN [notification-service] [traceId=NO_TRACE] [tenantId=default] [ionShutdownHook] c.n.d.s.t.d.RetryableEurekaHttpClient    : Request execution failed with message: I/O error on DELETE request for "http://localhost:8761/eureka/apps/NOTIFICATION-SERVICE/192.168.1.2:notification-service:8084": Connect to http://localhost:8761 [localhost/127.0.0.1, localhost/0:0:0:0:0:0:0:1] failed: Connection refused: no further information
2026-10-01 17:18:17.999 ERROR [notification-service] [traceId=NO_TRACE] [tenantId=default] [ionShutdownHook] com.netflix.discovery.DiscoveryClient    : DiscoveryClient_NOTIFICATION-SERVICE/192.168.1.2:notification-service:8084 - de-registration failedCannot execute request on any known server

com.netflix.discovery.shared.transport.TransportException: Cannot execute request on any known server
	at com.netflix.discovery.shared.transport.decorator.RetryableEurekaHttpClient.execute(RetryableEurekaHttpClient.java:112)
	at com.netflix.discovery.shared.transport.decorator.EurekaHttpClientDecorator.cancel(EurekaHttpClientDecorator.java:71)
	at com.netflix.discovery.shared.transport.decorator.EurekaHttpClientDecorator$2.execute(EurekaHttpClientDecorator.java:74)
	at com.netflix.discovery.shared.transport.decorator.SessionedEurekaHttpClient.execute(SessionedEurekaHttpClient.java:76)
	at com.netflix.discovery.shared.transport.decorator.EurekaHttpClientDecorator.cancel(EurekaHttpClientDecorator.java:71)
	at com.netflix.discovery.DiscoveryClient.unregister(DiscoveryClient.java:919)
	at com.netflix.discovery.DiscoveryClient.shutdown(DiscoveryClient.java:900)
	at java.base/jdk.internal.reflect.NativeMethodAccessorImpl.invoke0(Native Method)
	at java.base/jdk.internal.reflect.NativeMethodAccessorImpl.invoke(NativeMethodAccessorImpl.java:77)
	at java.base/jdk.internal.reflect.DelegatingMethodAccessorImpl.invoke(DelegatingMethodAccessorImpl.java:43)
	at java.base/java.lang.reflect.Method.invoke(Method.java:568)
	at org.springframework.beans.factory.annotation.InitDestroyAnnotationBeanPostProcessor$LifecycleMethod.invoke(InitDestroyAnnotationBeanPostProcessor.java:457)
	at org.springframework.beans.factory.annotation.InitDestroyAnnotationBeanPostProcessor$LifecycleMetadata.invokeDestroyMethods(InitDestroyAnnotationBeanPostProcessor.java:415)
	at org.springframework.beans.factory.annotation.InitDestroyAnnotationBeanPostProcessor.postProcessBeforeDestruction(InitDestroyAnnotationBeanPostProcessor.java:239)
	at org.springframework.beans.factory.support.DisposableBeanAdapter.destroy(DisposableBeanAdapter.java:202)
	at org.springframework.beans.factory.support.DisposableBeanAdapter.run(DisposableBeanAdapter.java:195)
	at org.springframework.cloud.context.scope.GenericScope$BeanLifecycleWrapper.destroy(GenericScope.java:389)
	at org.springframework.cloud.context.scope.GenericScope.destroy(GenericScope.java:136)
	at org.springframework.beans.factory.support.DisposableBeanAdapter.destroy(DisposableBeanAdapter.java:211)
	at org.springframework.beans.factory.support.DefaultSingletonBeanRegistry.destroyBean(DefaultSingletonBeanRegistry.java:735)
	at org.springframework.beans.factory.support.DefaultSingletonBeanRegistry.destroySingleton(DefaultSingletonBeanRegistry.java:692)
	at org.springframework.beans.factory.support.DefaultListableBeanFactory.destroySingleton(DefaultListableBeanFactory.java:1401)
	at org.springframework.beans.factory.support.DefaultSingletonBeanRegistry.destroySingletons(DefaultSingletonBeanRegistry.java:651)
	at org.springframework.beans.factory.support.DefaultListableBeanFactory.destroySingletons(DefaultListableBeanFactory.java:1394)
	at org.springframework.context.support.AbstractApplicationContext.destroyBeans(AbstractApplicationContext.java:1219)
	at org.springframework.context.support.AbstractApplicationContext.doClose(AbstractApplicationContext.java:1180)
	at org.springframework.boot.web.servlet.context.ServletWebServerApplicationContext.doClose(ServletWebServerApplicationContext.java:179)
	at org.springframework.context.support.AbstractApplicationContext.close(AbstractApplicationContext.java:1126)
	at org.springframework.boot.SpringApplicationShutdownHook.closeAndWait(SpringApplicationShutdownHook.java:147)
	at java.base/java.lang.Iterable.forEach(Iterable.java:75)
	at org.springframework.boot.SpringApplicationShutdownHook.run(SpringApplicationShutdownHook.java:116)
	at java.base/java.lang.Thread.run(Thread.java:842)

2026-10-01 18:37:41.828  INFO [auth-service] [traceId=NO_TRACE] [tenantId=default] [           main] c.liochio.auth.AuthServiceApplication    : Starting AuthServiceApplication using Java 17.0.17 with PID 68944 (E:\Github\Back-end\Microservice\SpringBoot\auth-service\target\classes started by Liochio in E:\Github\Back-end\Microservice)
2026-10-01 18:37:41.855 DEBUG [auth-service] [traceId=NO_TRACE] [tenantId=default] [           main] c.liochio.auth.AuthServiceApplication    : Running with Spring Boot v3.4.3, Spring v6.2.3
2026-10-01 18:37:41.858  INFO [auth-service] [traceId=NO_TRACE] [tenantId=default] [           main] c.liochio.auth.AuthServiceApplication    : No active profile set, falling back to 1 default profile: "default"
2026-10-01 18:37:42.011  INFO [auth-service] [traceId=NO_TRACE] [tenantId=default] [           main] o.s.c.c.c.ConfigServerConfigDataLoader   : Fetching config from server at : http://localhost:8888/
2026-10-01 18:37:42.011  INFO [auth-service] [traceId=NO_TRACE] [tenantId=default] [           main] o.s.c.c.c.ConfigServerConfigDataLoader   : Exception on Url - http://localhost:8888/:org.springframework.web.client.ResourceAccessException: I/O error on GET request for "http://localhost:8888/auth-service/default": Connection refused: no further information. Will be trying the next url if available
2026-10-01 18:37:42.011  WARN [auth-service] [traceId=NO_TRACE] [tenantId=default] [           main] o.s.c.c.c.ConfigServerConfigDataLoader   : Could not locate PropertySource ([ConfigServerConfigDataResource@13579834 uris = array<String>['http://localhost:8888/'], optional = true, profiles = 'default']): I/O error on GET request for "http://localhost:8888/auth-service/default": Connection refused: no further information
2026-10-01 18:37:42.011  INFO [auth-service] [traceId=NO_TRACE] [tenantId=default] [           main] o.s.c.c.c.ConfigServerConfigDataLoader   : Fetching config from server at : http://localhost:8888/
2026-10-01 18:37:42.013  INFO [auth-service] [traceId=NO_TRACE] [tenantId=default] [           main] o.s.c.c.c.ConfigServerConfigDataLoader   : Exception on Url - http://localhost:8888/:org.springframework.web.client.ResourceAccessException: I/O error on GET request for "http://localhost:8888/auth-service/default": Connection refused: no further information. Will be trying the next url if available
2026-10-01 18:37:42.013  WARN [auth-service] [traceId=NO_TRACE] [tenantId=default] [           main] o.s.c.c.c.ConfigServerConfigDataLoader   : Could not locate PropertySource ([ConfigServerConfigDataResource@37d80fe7 uris = array<String>['http://localhost:8888/'], optional = true, profiles = 'default']): I/O error on GET request for "http://localhost:8888/auth-service/default": Connection refused: no further information
2026-10-01 18:37:42.013  INFO [auth-service] [traceId=NO_TRACE] [tenantId=default] [           main] o.s.c.c.c.ConfigServerConfigDataLoader   : Fetching config from server at : http://localhost:8888/
2026-10-01 18:37:42.014  INFO [auth-service] [traceId=NO_TRACE] [tenantId=default] [           main] o.s.c.c.c.ConfigServerConfigDataLoader   : Exception on Url - http://localhost:8888/:org.springframework.web.client.ResourceAccessException: I/O error on GET request for "http://localhost:8888/auth-service/default": Connection refused: no further information. Will be trying the next url if available
2026-10-01 18:37:42.014  WARN [auth-service] [traceId=NO_TRACE] [tenantId=default] [           main] o.s.c.c.c.ConfigServerConfigDataLoader   : Could not locate PropertySource ([ConfigServerConfigDataResource@384fc774 uris = array<String>['http://localhost:8888/'], optional = true, profiles = 'default']): I/O error on GET request for "http://localhost:8888/auth-service/default": Connection refused: no further information
2026-10-01 18:37:46.876  INFO [auth-service] [traceId=NO_TRACE] [tenantId=default] [           main] .s.d.r.c.RepositoryConfigurationDelegate : Multiple Spring Data modules found, entering strict repository configuration mode
2026-10-01 18:37:46.876  INFO [auth-service] [traceId=NO_TRACE] [tenantId=default] [           main] .s.d.r.c.RepositoryConfigurationDelegate : Bootstrapping Spring Data JPA repositories in DEFAULT mode.
2026-10-01 18:37:47.308  INFO [auth-service] [traceId=NO_TRACE] [tenantId=default] [           main] .s.d.r.c.RepositoryConfigurationDelegate : Finished Spring Data repository scanning in 397 ms. Found 22 JPA repository interfaces.
2026-10-01 18:37:47.929  INFO [auth-service] [traceId=NO_TRACE] [tenantId=default] [           main] .s.d.r.c.RepositoryConfigurationDelegate : Multiple Spring Data modules found, entering strict repository configuration mode
2026-10-01 18:37:47.932  INFO [auth-service] [traceId=NO_TRACE] [tenantId=default] [           main] .s.d.r.c.RepositoryConfigurationDelegate : Bootstrapping Spring Data Redis repositories in DEFAULT mode.
2026-10-01 18:37:47.970  INFO [auth-service] [traceId=NO_TRACE] [tenantId=default] [           main] .RepositoryConfigurationExtensionSupport : Spring Data Redis - Could not safely identify store assignment for repository candidate interface com.liochio.auth.repository.ApprovalHistoryRepository; If you want this repository to be a Redis repository, consider annotating your entities with one of these annotations: org.springframework.data.redis.core.RedisHash (preferred), or consider extending one of the following types with your repository: org.springframework.data.keyvalue.repository.KeyValueRepository
2026-10-01 18:37:47.970  INFO [auth-service] [traceId=NO_TRACE] [tenantId=default] [           main] .RepositoryConfigurationExtensionSupport : Spring Data Redis - Could not safely identify store assignment for repository candidate interface com.liochio.auth.repository.ApprovalRequestRepository; If you want this repository to be a Redis repository, consider annotating your entities with one of these annotations: org.springframework.data.redis.core.RedisHash (preferred), or consider extending one of the following types with your repository: org.springframework.data.keyvalue.repository.KeyValueRepository
2026-10-01 18:37:47.972  INFO [auth-service] [traceId=NO_TRACE] [tenantId=default] [           main] .RepositoryConfigurationExtensionSupport : Spring Data Redis - Could not safely identify store assignment for repository candidate interface com.liochio.auth.repository.CustomerOnboardingGateRepository; If you want this repository to be a Redis repository, consider annotating your entities with one of these annotations: org.springframework.data.redis.core.RedisHash (preferred), or consider extending one of the following types with your repository: org.springframework.data.keyvalue.repository.KeyValueRepository
2026-10-01 18:37:47.972  INFO [auth-service] [traceId=NO_TRACE] [tenantId=default] [           main] .RepositoryConfigurationExtensionSupport : Spring Data Redis - Could not safely identify store assignment for repository candidate interface com.liochio.auth.repository.MasterPermissionRepository; If you want this repository to be a Redis repository, consider annotating your entities with one of these annotations: org.springframework.data.redis.core.RedisHash (preferred), or consider extending one of the following types with your repository: org.springframework.data.keyvalue.repository.KeyValueRepository
2026-10-01 18:37:47.978  INFO [auth-service] [traceId=NO_TRACE] [tenantId=default] [           main] .RepositoryConfigurationExtensionSupport : Spring Data Redis - Could not safely identify store assignment for repository candidate interface com.liochio.auth.repository.PermissionRepository; If you want this repository to be a Redis repository, consider annotating your entities with one of these annotations: org.springframework.data.redis.core.RedisHash (preferred), or consider extending one of the following types with your repository: org.springframework.data.keyvalue.repository.KeyValueRepository
2026-10-01 18:37:47.979  INFO [auth-service] [traceId=NO_TRACE] [tenantId=default] [           main] .RepositoryConfigurationExtensionSupport : Spring Data Redis - Could not safely identify store assignment for repository candidate interface com.liochio.auth.repository.QrLoginSessionRepository; If you want this repository to be a Redis repository, consider annotating your entities with one of these annotations: org.springframework.data.redis.core.RedisHash (preferred), or consider extending one of the following types with your repository: org.springframework.data.keyvalue.repository.KeyValueRepository
2026-10-01 18:37:47.979  INFO [auth-service] [traceId=NO_TRACE] [tenantId=default] [           main] .RepositoryConfigurationExtensionSupport : Spring Data Redis - Could not safely identify store assignment for repository candidate interface com.liochio.auth.repository.RoleRepository; If you want this repository to be a Redis repository, consider annotating your entities with one of these annotations: org.springframework.data.redis.core.RedisHash (preferred), or consider extending one of the following types with your repository: org.springframework.data.keyvalue.repository.KeyValueRepository
2026-10-01 18:37:47.979  INFO [auth-service] [traceId=NO_TRACE] [tenantId=default] [           main] .RepositoryConfigurationExtensionSupport : Spring Data Redis - Could not safely identify store assignment for repository candidate interface com.liochio.auth.repository.SecurityLoginHistoryRepository; If you want this repository to be a Redis repository, consider annotating your entities with one of these annotations: org.springframework.data.redis.core.RedisHash (preferred), or consider extending one of the following types with your repository: org.springframework.data.keyvalue.repository.KeyValueRepository
2026-10-01 18:37:47.979  INFO [auth-service] [traceId=NO_TRACE] [tenantId=default] [           main] .RepositoryConfigurationExtensionSupport : Spring Data Redis - Could not safely identify store assignment for repository candidate interface com.liochio.auth.repository.SystemFeatureRepository; If you want this repository to be a Redis repository, consider annotating your entities with one of these annotations: org.springframework.data.redis.core.RedisHash (preferred), or consider extending one of the following types with your repository: org.springframework.data.keyvalue.repository.KeyValueRepository
2026-10-01 18:37:47.981  INFO [auth-service] [traceId=NO_TRACE] [tenantId=default] [           main] .RepositoryConfigurationExtensionSupport : Spring Data Redis - Could not safely identify store assignment for repository candidate interface com.liochio.auth.repository.TenantFeatureRepository; If you want this repository to be a Redis repository, consider annotating your entities with one of these annotations: org.springframework.data.redis.core.RedisHash (preferred), or consider extending one of the following types with your repository: org.springframework.data.keyvalue.repository.KeyValueRepository
2026-10-01 18:37:47.981  INFO [auth-service] [traceId=NO_TRACE] [tenantId=default] [           main] .RepositoryConfigurationExtensionSupport : Spring Data Redis - Could not safely identify store assignment for repository candidate interface com.liochio.auth.repository.TenantRepository; If you want this repository to be a Redis repository, consider annotating your entities with one of these annotations: org.springframework.data.redis.core.RedisHash (preferred), or consider extending one of the following types with your repository: org.springframework.data.keyvalue.repository.KeyValueRepository
2026-10-01 18:37:47.981  INFO [auth-service] [traceId=NO_TRACE] [tenantId=default] [           main] .RepositoryConfigurationExtensionSupport : Spring Data Redis - Could not safely identify store assignment for repository candidate interface com.liochio.auth.repository.TenantRoleRepository; If you want this repository to be a Redis repository, consider annotating your entities with one of these annotations: org.springframework.data.redis.core.RedisHash (preferred), or consider extending one of the following types with your repository: org.springframework.data.keyvalue.repository.KeyValueRepository
2026-10-01 18:37:47.982  INFO [auth-service] [traceId=NO_TRACE] [tenantId=default] [           main] .RepositoryConfigurationExtensionSupport : Spring Data Redis - Could not safely identify store assignment for repository candidate interface com.liochio.auth.repository.TenantUserRoleRepository; If you want this repository to be a Redis repository, consider annotating your entities with one of these annotations: org.springframework.data.redis.core.RedisHash (preferred), or consider extending one of the following types with your repository: org.springframework.data.keyvalue.repository.KeyValueRepository
2026-10-01 18:37:47.984  INFO [auth-service] [traceId=NO_TRACE] [tenantId=default] [           main] .RepositoryConfigurationExtensionSupport : Spring Data Redis - Could not safely identify store assignment for repository candidate interface com.liochio.auth.repository.UserDeviceRepository; If you want this repository to be a Redis repository, consider annotating your entities with one of these annotations: org.springframework.data.redis.core.RedisHash (preferred), or consider extending one of the following types with your repository: org.springframework.data.keyvalue.repository.KeyValueRepository
2026-10-01 18:37:47.984  INFO [auth-service] [traceId=NO_TRACE] [tenantId=default] [           main] .RepositoryConfigurationExtensionSupport : Spring Data Redis - Could not safely identify store assignment for repository candidate interface com.liochio.auth.repository.UserRepository; If you want this repository to be a Redis repository, consider annotating your entities with one of these annotations: org.springframework.data.redis.core.RedisHash (preferred), or consider extending one of the following types with your repository: org.springframework.data.keyvalue.repository.KeyValueRepository
2026-10-01 18:37:47.986  INFO [auth-service] [traceId=NO_TRACE] [tenantId=default] [           main] .RepositoryConfigurationExtensionSupport : Spring Data Redis - Could not safely identify store assignment for repository candidate interface com.liochio.auth.repository.UserSessionRepository; If you want this repository to be a Redis repository, consider annotating your entities with one of these annotations: org.springframework.data.redis.core.RedisHash (preferred), or consider extending one of the following types with your repository: org.springframework.data.keyvalue.repository.KeyValueRepository
2026-10-01 18:37:47.986  INFO [auth-service] [traceId=NO_TRACE] [tenantId=default] [           main] .s.d.r.c.RepositoryConfigurationDelegate : Finished Spring Data repository scanning in 37 ms. Found 0 Redis repository interfaces.
2026-10-01 18:37:48.756  INFO [auth-service] [traceId=NO_TRACE] [tenantId=default] [           main] o.s.cloud.context.scope.GenericScope     : BeanFactory id=3350c86f-138f-3c41-854c-8576b987e8d6
2026-10-01 18:37:50.798  INFO [auth-service] [traceId=NO_TRACE] [tenantId=default] [           main] o.s.b.w.embedded.tomcat.TomcatWebServer  : Tomcat initialized with port 8081 (http)
2026-10-01 18:37:50.831  INFO [auth-service] [traceId=NO_TRACE] [tenantId=default] [           main] o.apache.catalina.core.StandardService   : Starting service [Tomcat]
2026-10-01 18:37:50.833  INFO [auth-service] [traceId=NO_TRACE] [tenantId=default] [           main] o.apache.catalina.core.StandardEngine    : Starting Servlet engine: [Apache Tomcat/10.1.36]
2026-10-01 18:37:50.990  INFO [auth-service] [traceId=NO_TRACE] [tenantId=default] [           main] o.a.c.c.C.[Tomcat].[localhost].[/]       : Initializing Spring embedded WebApplicationContext
2026-10-01 18:37:51.005  INFO [auth-service] [traceId=NO_TRACE] [tenantId=default] [           main] w.s.c.ServletWebServerApplicationContext : Root WebApplicationContext: initialization completed in 8985 ms
2026-10-01 18:37:51.908  INFO [auth-service] [traceId=NO_TRACE] [tenantId=default] [           main] o.hibernate.jpa.internal.util.LogHelper  : HHH000204: Processing PersistenceUnitInfo [name: default]
2026-10-01 18:37:52.151  INFO [auth-service] [traceId=NO_TRACE] [tenantId=default] [           main] org.hibernate.Version                    : HHH000412: Hibernate ORM core version 6.6.8.Final
2026-10-01 18:37:52.236  INFO [auth-service] [traceId=NO_TRACE] [tenantId=default] [           main] o.h.c.internal.RegionFactoryInitiator    : HHH000026: Second-level cache disabled
2026-10-01 18:37:53.214  INFO [auth-service] [traceId=NO_TRACE] [tenantId=default] [           main] o.s.o.j.p.SpringPersistenceUnitInfo      : No LoadTimeWeaver setup: ignoring JPA class transformer
2026-10-01 18:37:53.302  INFO [auth-service] [traceId=NO_TRACE] [tenantId=default] [           main] com.zaxxer.hikari.HikariDataSource       : HikariPool-1 - Starting...
2026-10-01 18:37:53.631  INFO [auth-service] [traceId=NO_TRACE] [tenantId=default] [           main] com.zaxxer.hikari.pool.HikariPool        : HikariPool-1 - Added connection com.mysql.cj.jdbc.ConnectionImpl@d8a2b1b
2026-10-01 18:37:53.634  INFO [auth-service] [traceId=NO_TRACE] [tenantId=default] [           main] com.zaxxer.hikari.HikariDataSource       : HikariPool-1 - Start completed.
2026-10-01 18:37:53.753  WARN [auth-service] [traceId=NO_TRACE] [tenantId=default] [           main] org.hibernate.orm.deprecation            : HHH90000025: MySQLDialect does not need to be specified explicitly using 'hibernate.dialect' (remove the property setting and it will be selected by default)
2026-10-01 18:37:53.788  INFO [auth-service] [traceId=NO_TRACE] [tenantId=default] [           main] org.hibernate.orm.connections.pooling    : HHH10001005: Database info:
	Database JDBC URL [Connecting through datasource 'HikariDataSource (HikariPool-1)']
	Database driver: undefined/unknown
	Database version: 8.0.33
	Autocommit mode: undefined/unknown
	Isolation level: undefined/unknown
	Minimum pool size: undefined/unknown
	Maximum pool size: undefined/unknown
2026-10-01 18:37:58.952  INFO [auth-service] [traceId=NO_TRACE] [tenantId=default] [           main] o.h.e.t.j.p.i.JtaPlatformInitiator       : HHH000489: No JTA platform available (set 'hibernate.transaction.jta.platform' to enable JTA platform integration)
2026-10-01 18:37:59.514  WARN [auth-service] [traceId=NO_TRACE] [tenantId=default] [           main] o.h.t.s.i.ExceptionHandlerLoggedImpl     : GenerationTarget encountered exception accepting command : Error executing DDL "alter table outbox_events modify column status enum ('FAILED','PENDING','PROCESSING','PUBLISHED') not null" via JDBC [Data truncated for column 'status' at row 1]

org.hibernate.tool.schema.spi.CommandAcceptanceException: Error executing DDL "alter table outbox_events modify column status enum ('FAILED','PENDING','PROCESSING','PUBLISHED') not null" via JDBC [Data truncated for column 'status' at row 1]
	at org.hibernate.tool.schema.internal.exec.GenerationTargetToDatabase.accept(GenerationTargetToDatabase.java:94)
	at org.hibernate.tool.schema.internal.AbstractSchemaMigrator.applySqlString(AbstractSchemaMigrator.java:576)
	at org.hibernate.tool.schema.internal.AbstractSchemaMigrator.applySqlStrings(AbstractSchemaMigrator.java:516)
	at org.hibernate.tool.schema.internal.AbstractSchemaMigrator.migrateTable(AbstractSchemaMigrator.java:334)
	at org.hibernate.tool.schema.internal.GroupedSchemaMigratorImpl.performTablesMigration(GroupedSchemaMigratorImpl.java:84)
	at org.hibernate.tool.schema.internal.AbstractSchemaMigrator.performMigration(AbstractSchemaMigrator.java:233)
	at org.hibernate.tool.schema.internal.AbstractSchemaMigrator.doMigration(AbstractSchemaMigrator.java:112)
	at org.hibernate.tool.schema.spi.SchemaManagementToolCoordinator.performDatabaseAction(SchemaManagementToolCoordinator.java:280)
	at org.hibernate.tool.schema.spi.SchemaManagementToolCoordinator.lambda$process$5(SchemaManagementToolCoordinator.java:144)
	at java.base/java.util.HashMap.forEach(HashMap.java:1421)
	at org.hibernate.tool.schema.spi.SchemaManagementToolCoordinator.process(SchemaManagementToolCoordinator.java:141)
	at org.hibernate.boot.internal.SessionFactoryObserverForSchemaExport.sessionFactoryCreated(SessionFactoryObserverForSchemaExport.java:37)
	at org.hibernate.internal.SessionFactoryObserverChain.sessionFactoryCreated(SessionFactoryObserverChain.java:35)
	at org.hibernate.internal.SessionFactoryImpl.<init>(SessionFactoryImpl.java:324)
	at org.hibernate.boot.internal.SessionFactoryBuilderImpl.build(SessionFactoryBuilderImpl.java:463)
	at org.hibernate.jpa.boot.internal.EntityManagerFactoryBuilderImpl.build(EntityManagerFactoryBuilderImpl.java:1517)
	at org.springframework.orm.jpa.vendor.SpringHibernateJpaPersistenceProvider.createContainerEntityManagerFactory(SpringHibernateJpaPersistenceProvider.java:66)
	at org.springframework.orm.jpa.LocalContainerEntityManagerFactoryBean.createNativeEntityManagerFactory(LocalContainerEntityManagerFactoryBean.java:390)
	at org.springframework.orm.jpa.AbstractEntityManagerFactoryBean.buildNativeEntityManagerFactory(AbstractEntityManagerFactoryBean.java:419)
	at org.springframework.orm.jpa.AbstractEntityManagerFactoryBean.afterPropertiesSet(AbstractEntityManagerFactoryBean.java:400)
	at org.springframework.orm.jpa.LocalContainerEntityManagerFactoryBean.afterPropertiesSet(LocalContainerEntityManagerFactoryBean.java:366)
	at org.springframework.beans.factory.support.AbstractAutowireCapableBeanFactory.invokeInitMethods(AbstractAutowireCapableBeanFactory.java:1859)
	at org.springframework.beans.factory.support.AbstractAutowireCapableBeanFactory.initializeBean(AbstractAutowireCapableBeanFactory.java:1808)
	at org.springframework.beans.factory.support.AbstractAutowireCapableBeanFactory.doCreateBean(AbstractAutowireCapableBeanFactory.java:601)
	at org.springframework.beans.factory.support.AbstractAutowireCapableBeanFactory.createBean(AbstractAutowireCapableBeanFactory.java:523)
	at org.springframework.beans.factory.support.AbstractBeanFactory.lambda$doGetBean$0(AbstractBeanFactory.java:339)
	at org.springframework.beans.factory.support.DefaultSingletonBeanRegistry.getSingleton(DefaultSingletonBeanRegistry.java:346)
	at org.springframework.beans.factory.support.AbstractBeanFactory.doGetBean(AbstractBeanFactory.java:337)
	at org.springframework.beans.factory.support.AbstractBeanFactory.getBean(AbstractBeanFactory.java:202)
	at org.springframework.beans.factory.support.BeanDefinitionValueResolver.resolveReference(BeanDefinitionValueResolver.java:365)
	at org.springframework.beans.factory.support.BeanDefinitionValueResolver.resolveValueIfNecessary(BeanDefinitionValueResolver.java:135)
	at org.springframework.beans.factory.support.ConstructorResolver.resolveConstructorArguments(ConstructorResolver.java:691)
	at org.springframework.beans.factory.support.ConstructorResolver.instantiateUsingFactoryMethod(ConstructorResolver.java:513)
	at org.springframework.beans.factory.support.AbstractAutowireCapableBeanFactory.instantiateUsingFactoryMethod(AbstractAutowireCapableBeanFactory.java:1361)
	at org.springframework.beans.factory.support.AbstractAutowireCapableBeanFactory.createBeanInstance(AbstractAutowireCapableBeanFactory.java:1191)
	at org.springframework.beans.factory.support.AbstractAutowireCapableBeanFactory.doCreateBean(AbstractAutowireCapableBeanFactory.java:563)
	at org.springframework.beans.factory.support.AbstractAutowireCapableBeanFactory.createBean(AbstractAutowireCapableBeanFactory.java:523)
	at org.springframework.beans.factory.support.AbstractBeanFactory.lambda$doGetBean$0(AbstractBeanFactory.java:339)
	at org.springframework.beans.factory.support.DefaultSingletonBeanRegistry.getSingleton(DefaultSingletonBeanRegistry.java:346)
	at org.springframework.beans.factory.support.AbstractBeanFactory.doGetBean(AbstractBeanFactory.java:337)
	at org.springframework.beans.factory.support.AbstractBeanFactory.getBean(AbstractBeanFactory.java:202)
	at org.springframework.beans.factory.support.BeanDefinitionValueResolver.resolveReference(BeanDefinitionValueResolver.java:365)
	at org.springframework.beans.factory.support.BeanDefinitionValueResolver.resolveValueIfNecessary(BeanDefinitionValueResolver.java:135)
	at org.springframework.beans.factory.support.AbstractAutowireCapableBeanFactory.applyPropertyValues(AbstractAutowireCapableBeanFactory.java:1711)
	at org.springframework.beans.factory.support.AbstractAutowireCapableBeanFactory.populateBean(AbstractAutowireCapableBeanFactory.java:1460)
	at org.springframework.beans.factory.support.AbstractAutowireCapableBeanFactory.doCreateBean(AbstractAutowireCapableBeanFactory.java:600)
	at org.springframework.beans.factory.support.AbstractAutowireCapableBeanFactory.createBean(AbstractAutowireCapableBeanFactory.java:523)
	at org.springframework.beans.factory.support.AbstractBeanFactory.lambda$doGetBean$0(AbstractBeanFactory.java:339)
	at org.springframework.beans.factory.support.DefaultSingletonBeanRegistry.getSingleton(DefaultSingletonBeanRegistry.java:346)
	at org.springframework.beans.factory.support.AbstractBeanFactory.doGetBean(AbstractBeanFactory.java:337)
	at org.springframework.beans.factory.support.AbstractBeanFactory.getBean(AbstractBeanFactory.java:202)
	at org.springframework.beans.factory.support.DefaultListableBeanFactory.doResolveDependency(DefaultListableBeanFactory.java:1606)
	at org.springframework.beans.factory.support.DefaultListableBeanFactory.resolveDependency(DefaultListableBeanFactory.java:1552)
	at org.springframework.beans.factory.annotation.AutowiredAnnotationBeanPostProcessor$AutowiredFieldElement.resolveFieldValue(AutowiredAnnotationBeanPostProcessor.java:785)
	at org.springframework.beans.factory.annotation.AutowiredAnnotationBeanPostProcessor$AutowiredFieldElement.inject(AutowiredAnnotationBeanPostProcessor.java:768)
	at org.springframework.beans.factory.annotation.InjectionMetadata.inject(InjectionMetadata.java:146)
	at org.springframework.beans.factory.annotation.AutowiredAnnotationBeanPostProcessor.postProcessProperties(AutowiredAnnotationBeanPostProcessor.java:509)
	at org.springframework.beans.factory.support.AbstractAutowireCapableBeanFactory.populateBean(AbstractAutowireCapableBeanFactory.java:1445)
	at org.springframework.beans.factory.support.AbstractAutowireCapableBeanFactory.doCreateBean(AbstractAutowireCapableBeanFactory.java:600)
	at org.springframework.beans.factory.support.AbstractAutowireCapableBeanFactory.createBean(AbstractAutowireCapableBeanFactory.java:523)
	at org.springframework.beans.factory.support.AbstractBeanFactory.lambda$doGetBean$0(AbstractBeanFactory.java:339)
	at org.springframework.beans.factory.support.DefaultSingletonBeanRegistry.getSingleton(DefaultSingletonBeanRegistry.java:346)
	at org.springframework.beans.factory.support.AbstractBeanFactory.doGetBean(AbstractBeanFactory.java:337)
	at org.springframework.beans.factory.support.AbstractBeanFactory.getBean(AbstractBeanFactory.java:207)
	at org.springframework.boot.web.servlet.ServletContextInitializerBeans.getOrderedBeansOfType(ServletContextInitializerBeans.java:211)
	at org.springframework.boot.web.servlet.ServletContextInitializerBeans.addAsRegistrationBean(ServletContextInitializerBeans.java:174)
	at org.springframework.boot.web.servlet.ServletContextInitializerBeans.addAsRegistrationBean(ServletContextInitializerBeans.java:169)
	at org.springframework.boot.web.servlet.ServletContextInitializerBeans.addAdaptableBeans(ServletContextInitializerBeans.java:154)
	at org.springframework.boot.web.servlet.ServletContextInitializerBeans.<init>(ServletContextInitializerBeans.java:87)
	at org.springframework.boot.web.servlet.context.ServletWebServerApplicationContext.getServletContextInitializerBeans(ServletWebServerApplicationContext.java:271)
	at org.springframework.boot.web.servlet.context.ServletWebServerApplicationContext.selfInitialize(ServletWebServerApplicationContext.java:245)
	at org.springframework.boot.web.embedded.tomcat.TomcatStarter.onStartup(TomcatStarter.java:52)
	at org.apache.catalina.core.StandardContext.startInternal(StandardContext.java:4467)
	at org.apache.catalina.util.LifecycleBase.start(LifecycleBase.java:164)
	at org.apache.catalina.core.ContainerBase$StartChild.call(ContainerBase.java:1203)
	at org.apache.catalina.core.ContainerBase$StartChild.call(ContainerBase.java:1193)
	at java.base/java.util.concurrent.FutureTask.run(FutureTask.java:264)
	at org.apache.tomcat.util.threads.InlineExecutorService.execute(InlineExecutorService.java:75)
	at java.base/java.util.concurrent.AbstractExecutorService.submit(AbstractExecutorService.java:145)
	at org.apache.catalina.core.ContainerBase.startInternal(ContainerBase.java:749)
	at org.apache.catalina.core.StandardHost.startInternal(StandardHost.java:772)
	at org.apache.catalina.util.LifecycleBase.start(LifecycleBase.java:164)
	at org.apache.catalina.core.ContainerBase$StartChild.call(ContainerBase.java:1203)
	at org.apache.catalina.core.ContainerBase$StartChild.call(ContainerBase.java:1193)
	at java.base/java.util.concurrent.FutureTask.run(FutureTask.java:264)
	at org.apache.tomcat.util.threads.InlineExecutorService.execute(InlineExecutorService.java:75)
	at java.base/java.util.concurrent.AbstractExecutorService.submit(AbstractExecutorService.java:145)
	at org.apache.catalina.core.ContainerBase.startInternal(ContainerBase.java:749)
	at org.apache.catalina.core.StandardEngine.startInternal(StandardEngine.java:203)
	at org.apache.catalina.util.LifecycleBase.start(LifecycleBase.java:164)
	at org.apache.catalina.core.StandardService.startInternal(StandardService.java:415)
	at org.apache.catalina.util.LifecycleBase.start(LifecycleBase.java:164)
	at org.apache.catalina.core.StandardServer.startInternal(StandardServer.java:870)
	at org.apache.catalina.util.LifecycleBase.start(LifecycleBase.java:164)
	at org.apache.catalina.startup.Tomcat.start(Tomcat.java:437)
	at org.springframework.boot.web.embedded.tomcat.TomcatWebServer.initialize(TomcatWebServer.java:128)
	at org.springframework.boot.web.embedded.tomcat.TomcatWebServer.<init>(TomcatWebServer.java:107)
	at org.springframework.boot.web.embedded.tomcat.TomcatServletWebServerFactory.getTomcatWebServer(TomcatServletWebServerFactory.java:520)
	at org.springframework.boot.web.embedded.tomcat.TomcatServletWebServerFactory.getWebServer(TomcatServletWebServerFactory.java:222)
	at org.springframework.boot.web.servlet.context.ServletWebServerApplicationContext.createWebServer(ServletWebServerApplicationContext.java:193)
	at org.springframework.boot.web.servlet.context.ServletWebServerApplicationContext.onRefresh(ServletWebServerApplicationContext.java:167)
	at org.springframework.context.support.AbstractApplicationContext.refresh(AbstractApplicationContext.java:621)
	at org.springframework.boot.web.servlet.context.ServletWebServerApplicationContext.refresh(ServletWebServerApplicationContext.java:146)
	at org.springframework.boot.SpringApplication.refresh(SpringApplication.java:752)
	at org.springframework.boot.SpringApplication.refreshContext(SpringApplication.java:439)
	at org.springframework.boot.SpringApplication.run(SpringApplication.java:318)
	at org.springframework.boot.SpringApplication.run(SpringApplication.java:1361)
	at org.springframework.boot.SpringApplication.run(SpringApplication.java:1350)
	at com.liochio.auth.AuthServiceApplication.main(AuthServiceApplication.java:29)
Caused by: java.sql.SQLException: Data truncated for column 'status' at row 1
	at com.mysql.cj.jdbc.exceptions.SQLError.createSQLException(SQLError.java:130)
	at com.mysql.cj.jdbc.exceptions.SQLExceptionsMapping.translateException(SQLExceptionsMapping.java:122)
	at com.mysql.cj.jdbc.StatementImpl.executeInternal(StatementImpl.java:770)
	at com.mysql.cj.jdbc.StatementImpl.execute(StatementImpl.java:653)
	at com.zaxxer.hikari.pool.ProxyStatement.execute(ProxyStatement.java:94)
	at com.zaxxer.hikari.pool.HikariProxyStatement.execute(HikariProxyStatement.java)
	at org.hibernate.tool.schema.internal.exec.GenerationTargetToDatabase.accept(GenerationTargetToDatabase.java:80)
	... 108 common frames omitted

2026-10-01 18:37:59.658  INFO [auth-service] [traceId=NO_TRACE] [tenantId=default] [           main] j.LocalContainerEntityManagerFactoryBean : Initialized JPA EntityManagerFactory for persistence unit 'default'
2026-10-01 18:38:02.093  INFO [auth-service] [traceId=NO_TRACE] [tenantId=default] [           main] com.liochio.common.security.JwtUtils     : [JwtUtils] Loaded RSA Private Key successfully from classpath:certs/rsa-private.pem
2026-10-01 18:38:02.096  INFO [auth-service] [traceId=NO_TRACE] [tenantId=default] [           main] com.liochio.common.security.JwtUtils     : [JwtUtils] Loaded RSA Public Key successfully from classpath:certs/rsa-public.pem
2026-10-01 18:38:03.523 DEBUG [auth-service] [traceId=NO_TRACE] [tenantId=default] [           main] c.l.c.security.JwtAuthenticationFilter   : Filter 'jwtAuthenticationFilter' configured for use
2026-10-01 18:38:03.525 DEBUG [auth-service] [traceId=NO_TRACE] [tenantId=default] [           main] c.liochio.common.filter.MdcTraceFilter   : Filter 'mdcTraceFilter' configured for use
2026-10-01 18:38:03.530 DEBUG [auth-service] [traceId=NO_TRACE] [tenantId=default] [           main] com.liochio.common.filter.TenantFilter   : Filter 'tenantFilter' configured for use
2026-10-01 18:38:03.530 DEBUG [auth-service] [traceId=NO_TRACE] [tenantId=default] [           main] c.l.c.security.RestCacheControlFilter    : Filter 'restCacheControlFilter' configured for use
2026-10-01 18:38:03.534 DEBUG [auth-service] [traceId=NO_TRACE] [tenantId=default] [           main] c.l.common.filter.AuditLoggingFilter     : Filter 'auditLoggingFilter' configured for use
2026-10-01 18:38:04.240  INFO [auth-service] [traceId=NO_TRACE] [tenantId=default] [           main] o.s.d.j.r.query.QueryEnhancerFactory     : Hibernate is in classpath; If applicable, HQL parser will be used.
2026-10-01 18:38:13.466  WARN [auth-service] [traceId=NO_TRACE] [tenantId=default] [           main] .s.s.UserDetailsServiceAutoConfiguration : 

Using generated security password: bea7e5a2-6993-43f4-a953-df311714a2ea

This generated password is for development use only. Your security configuration must be updated before running your application in production.

2026-10-01 18:38:13.538  INFO [auth-service] [traceId=NO_TRACE] [tenantId=default] [           main] r$InitializeUserDetailsManagerConfigurer : Global AuthenticationManager configured with UserDetailsService bean with name inMemoryUserDetailsManager
2026-10-01 18:38:19.983  INFO [auth-service] [traceId=NO_TRACE] [tenantId=default] [           main] DiscoveryClientOptionalArgsConfiguration : Eureka HTTP Client uses RestTemplate.
2026-10-01 18:38:20.583  INFO [auth-service] [traceId=NO_TRACE] [tenantId=default] [           main] o.s.b.w.embedded.tomcat.TomcatWebServer  : Tomcat started on port 8081 (http) with context path '/'
2026-10-01 18:38:20.910  INFO [auth-service] [traceId=NO_TRACE] [tenantId=default] [           main] c.liochio.auth.AuthServiceApplication    : Started AuthServiceApplication in 40.905 seconds (process running for 42.452)
2026-10-01 18:39:52.805  INFO [notification-service] [traceId=NO_TRACE] [tenantId=default] [           main] c.l.n.NotificationServiceApplication     : Starting NotificationServiceApplication using Java 17.0.17 with PID 65512 (E:\Github\Back-end\Microservice\SpringBoot\notification-service\target\classes started by Liochio in E:\Github\Back-end\Microservice)
2026-10-01 18:39:52.809 DEBUG [notification-service] [traceId=NO_TRACE] [tenantId=default] [           main] c.l.n.NotificationServiceApplication     : Running with Spring Boot v3.4.3, Spring v6.2.3
2026-10-01 18:39:52.811  INFO [notification-service] [traceId=NO_TRACE] [tenantId=default] [           main] c.l.n.NotificationServiceApplication     : No active profile set, falling back to 1 default profile: "default"
2026-10-01 18:39:52.926  INFO [notification-service] [traceId=NO_TRACE] [tenantId=default] [           main] o.s.c.c.c.ConfigServerConfigDataLoader   : Fetching config from server at : http://localhost:8888/
2026-10-01 18:39:52.926  WARN [notification-service] [traceId=NO_TRACE] [tenantId=default] [           main] o.s.c.c.c.ConfigServerConfigDataLoader   : Could not locate PropertySource ([ConfigServerConfigDataResource@48f5bde6 uris = array<String>['http://localhost:8888/'], optional = true, profiles = 'default']): 401  on GET request for "http://localhost:8888/notification-service/default": [no body]
2026-10-01 18:39:52.927  INFO [notification-service] [traceId=NO_TRACE] [tenantId=default] [           main] o.s.c.c.c.ConfigServerConfigDataLoader   : Fetching config from server at : http://localhost:8888/
2026-10-01 18:39:52.927  WARN [notification-service] [traceId=NO_TRACE] [tenantId=default] [           main] o.s.c.c.c.ConfigServerConfigDataLoader   : Could not locate PropertySource ([ConfigServerConfigDataResource@6bc28a83 uris = array<String>['http://localhost:8888/'], optional = true, profiles = 'default']): 401  on GET request for "http://localhost:8888/notification-service/default": [no body]
2026-10-01 18:39:52.928  INFO [notification-service] [traceId=NO_TRACE] [tenantId=default] [           main] o.s.c.c.c.ConfigServerConfigDataLoader   : Fetching config from server at : http://localhost:8888/
2026-10-01 18:39:52.928  WARN [notification-service] [traceId=NO_TRACE] [tenantId=default] [           main] o.s.c.c.c.ConfigServerConfigDataLoader   : Could not locate PropertySource ([ConfigServerConfigDataResource@324c64cd uris = array<String>['http://localhost:8888/'], optional = true, profiles = 'default']): 401  on GET request for "http://localhost:8888/notification-service/default": [no body]
2026-10-01 18:39:54.913  INFO [notification-service] [traceId=NO_TRACE] [tenantId=default] [           main] .s.d.r.c.RepositoryConfigurationDelegate : Multiple Spring Data modules found, entering strict repository configuration mode
2026-10-01 18:39:54.914  INFO [notification-service] [traceId=NO_TRACE] [tenantId=default] [           main] .s.d.r.c.RepositoryConfigurationDelegate : Bootstrapping Spring Data JPA repositories in DEFAULT mode.
2026-10-01 18:39:55.478  INFO [notification-service] [traceId=NO_TRACE] [tenantId=default] [           main] .s.d.r.c.RepositoryConfigurationDelegate : Finished Spring Data repository scanning in 544 ms. Found 9 JPA repository interfaces.
2026-10-01 18:39:56.346  INFO [notification-service] [traceId=NO_TRACE] [tenantId=default] [           main] .s.d.r.c.RepositoryConfigurationDelegate : Multiple Spring Data modules found, entering strict repository configuration mode
2026-10-01 18:39:56.348  INFO [notification-service] [traceId=NO_TRACE] [tenantId=default] [           main] .s.d.r.c.RepositoryConfigurationDelegate : Bootstrapping Spring Data Redis repositories in DEFAULT mode.
2026-10-01 18:39:56.406  INFO [notification-service] [traceId=NO_TRACE] [tenantId=default] [           main] .RepositoryConfigurationExtensionSupport : Spring Data Redis - Could not safely identify store assignment for repository candidate interface com.liochio.notification.repository.NotificationLogRepository; If you want this repository to be a Redis repository, consider annotating your entities with one of these annotations: org.springframework.data.redis.core.RedisHash (preferred), or consider extending one of the following types with your repository: org.springframework.data.keyvalue.repository.KeyValueRepository
2026-10-01 18:39:56.407  INFO [notification-service] [traceId=NO_TRACE] [tenantId=default] [           main] .RepositoryConfigurationExtensionSupport : Spring Data Redis - Could not safely identify store assignment for repository candidate interface com.liochio.notification.repository.NotificationTemplateRepository; If you want this repository to be a Redis repository, consider annotating your entities with one of these annotations: org.springframework.data.redis.core.RedisHash (preferred), or consider extending one of the following types with your repository: org.springframework.data.keyvalue.repository.KeyValueRepository
2026-10-01 18:39:56.408  INFO [notification-service] [traceId=NO_TRACE] [tenantId=default] [           main] .RepositoryConfigurationExtensionSupport : Spring Data Redis - Could not safely identify store assignment for repository candidate interface com.liochio.notification.repository.TenantNotificationConfigRepository; If you want this repository to be a Redis repository, consider annotating your entities with one of these annotations: org.springframework.data.redis.core.RedisHash (preferred), or consider extending one of the following types with your repository: org.springframework.data.keyvalue.repository.KeyValueRepository
2026-10-01 18:39:56.408  INFO [notification-service] [traceId=NO_TRACE] [tenantId=default] [           main] .s.d.r.c.RepositoryConfigurationDelegate : Finished Spring Data repository scanning in 40 ms. Found 0 Redis repository interfaces.
2026-10-01 18:39:57.103  INFO [notification-service] [traceId=NO_TRACE] [tenantId=default] [           main] o.s.cloud.context.scope.GenericScope     : BeanFactory id=7360ba0c-5713-3fc4-a92f-c2cd48309838
2026-10-01 18:39:58.596  INFO [notification-service] [traceId=NO_TRACE] [tenantId=default] [           main] o.s.b.w.embedded.tomcat.TomcatWebServer  : Tomcat initialized with port 8084 (http)
2026-10-01 18:39:58.613  INFO [notification-service] [traceId=NO_TRACE] [tenantId=default] [           main] o.apache.catalina.core.StandardService   : Starting service [Tomcat]
2026-10-01 18:39:58.614  INFO [notification-service] [traceId=NO_TRACE] [tenantId=default] [           main] o.apache.catalina.core.StandardEngine    : Starting Servlet engine: [Apache Tomcat/10.1.36]
2026-10-01 18:39:58.718  INFO [notification-service] [traceId=NO_TRACE] [tenantId=default] [           main] o.a.c.c.C.[Tomcat].[localhost].[/]       : Initializing Spring embedded WebApplicationContext
2026-10-01 18:39:58.718  INFO [notification-service] [traceId=NO_TRACE] [tenantId=default] [           main] w.s.c.ServletWebServerApplicationContext : Root WebApplicationContext: initialization completed in 5786 ms
2026-10-01 18:39:59.198  INFO [notification-service] [traceId=NO_TRACE] [tenantId=default] [           main] o.hibernate.jpa.internal.util.LogHelper  : HHH000204: Processing PersistenceUnitInfo [name: default]
2026-10-01 18:39:59.304  INFO [notification-service] [traceId=NO_TRACE] [tenantId=default] [           main] org.hibernate.Version                    : HHH000412: Hibernate ORM core version 6.6.8.Final
2026-10-01 18:39:59.364  INFO [notification-service] [traceId=NO_TRACE] [tenantId=default] [           main] o.h.c.internal.RegionFactoryInitiator    : HHH000026: Second-level cache disabled
2026-10-01 18:39:59.981  INFO [notification-service] [traceId=NO_TRACE] [tenantId=default] [           main] o.s.o.j.p.SpringPersistenceUnitInfo      : No LoadTimeWeaver setup: ignoring JPA class transformer
2026-10-01 18:40:00.061  INFO [notification-service] [traceId=NO_TRACE] [tenantId=default] [           main] com.zaxxer.hikari.HikariDataSource       : HikariPool-1 - Starting...
2026-10-01 18:40:00.329  INFO [notification-service] [traceId=NO_TRACE] [tenantId=default] [           main] com.zaxxer.hikari.pool.HikariPool        : HikariPool-1 - Added connection com.mysql.cj.jdbc.ConnectionImpl@d8751de
2026-10-01 18:40:00.334  INFO [notification-service] [traceId=NO_TRACE] [tenantId=default] [           main] com.zaxxer.hikari.HikariDataSource       : HikariPool-1 - Start completed.
2026-10-01 18:40:00.428  WARN [notification-service] [traceId=NO_TRACE] [tenantId=default] [           main] org.hibernate.orm.deprecation            : HHH90000025: MySQLDialect does not need to be specified explicitly using 'hibernate.dialect' (remove the property setting and it will be selected by default)
2026-10-01 18:40:00.480  INFO [notification-service] [traceId=NO_TRACE] [tenantId=default] [           main] org.hibernate.orm.connections.pooling    : HHH10001005: Database info:
	Database JDBC URL [Connecting through datasource 'HikariDataSource (HikariPool-1)']
	Database driver: undefined/unknown
	Database version: 8.0.33
	Autocommit mode: undefined/unknown
	Isolation level: undefined/unknown
	Minimum pool size: undefined/unknown
	Maximum pool size: undefined/unknown
2026-10-01 18:40:02.768  INFO [notification-service] [traceId=NO_TRACE] [tenantId=default] [           main] o.h.e.t.j.p.i.JtaPlatformInitiator       : HHH000489: No JTA platform available (set 'hibernate.transaction.jta.platform' to enable JTA platform integration)
2026-10-01 18:40:03.048  INFO [notification-service] [traceId=NO_TRACE] [tenantId=default] [           main] j.LocalContainerEntityManagerFactoryBean : Initialized JPA EntityManagerFactory for persistence unit 'default'
2026-10-01 18:40:05.202  INFO [notification-service] [traceId=NO_TRACE] [tenantId=default] [           main] com.liochio.common.security.JwtUtils     : [JwtUtils] Loaded RSA Private Key successfully from classpath:certs/rsa-private.pem
2026-10-01 18:40:05.224  INFO [notification-service] [traceId=NO_TRACE] [tenantId=default] [           main] com.liochio.common.security.JwtUtils     : [JwtUtils] Loaded RSA Public Key successfully from classpath:certs/rsa-public.pem
2026-10-01 18:40:08.112 DEBUG [notification-service] [traceId=NO_TRACE] [tenantId=default] [           main] c.l.c.security.JwtAuthenticationFilter   : Filter 'jwtAuthenticationFilter' configured for use
2026-10-01 18:40:08.114 DEBUG [notification-service] [traceId=NO_TRACE] [tenantId=default] [           main] c.liochio.common.filter.MdcTraceFilter   : Filter 'mdcTraceFilter' configured for use
2026-10-01 18:40:08.114 DEBUG [notification-service] [traceId=NO_TRACE] [tenantId=default] [           main] com.liochio.common.filter.TenantFilter   : Filter 'tenantFilter' configured for use
2026-10-01 18:40:08.114 DEBUG [notification-service] [traceId=NO_TRACE] [tenantId=default] [           main] c.l.c.security.RestCacheControlFilter    : Filter 'restCacheControlFilter' configured for use
2026-10-01 18:40:08.114 DEBUG [notification-service] [traceId=NO_TRACE] [tenantId=default] [           main] c.l.common.filter.AuditLoggingFilter     : Filter 'auditLoggingFilter' configured for use
2026-10-01 18:40:08.889  INFO [notification-service] [traceId=NO_TRACE] [tenantId=default] [           main] o.s.d.j.r.query.QueryEnhancerFactory     : Hibernate is in classpath; If applicable, HQL parser will be used.
2026-10-01 18:40:14.563  WARN [notification-service] [traceId=NO_TRACE] [tenantId=default] [           main] .s.s.UserDetailsServiceAutoConfiguration : 

Using generated security password: d01c1177-8646-4257-9bc1-e0c92ac37a62

This generated password is for development use only. Your security configuration must be updated before running your application in production.

2026-10-01 18:40:14.595  INFO [notification-service] [traceId=NO_TRACE] [tenantId=default] [           main] r$InitializeUserDetailsManagerConfigurer : Global AuthenticationManager configured with UserDetailsService bean with name inMemoryUserDetailsManager
2026-10-01 18:40:18.998  INFO [notification-service] [traceId=NO_TRACE] [tenantId=default] [           main] DiscoveryClientOptionalArgsConfiguration : Eureka HTTP Client uses RestTemplate.
2026-10-01 18:40:19.352  INFO [notification-service] [traceId=NO_TRACE] [tenantId=default] [           main] o.s.m.s.b.SimpleBrokerMessageHandler     : Starting...
2026-10-01 18:40:19.354  INFO [notification-service] [traceId=NO_TRACE] [tenantId=default] [           main] o.s.m.s.b.SimpleBrokerMessageHandler     : BrokerAvailabilityEvent[available=true, SimpleBrokerMessageHandler [org.springframework.messaging.simp.broker.DefaultSubscriptionRegistry@55fbe0fc]]
2026-10-01 18:40:19.355  INFO [notification-service] [traceId=NO_TRACE] [tenantId=default] [           main] o.s.m.s.b.SimpleBrokerMessageHandler     : Started.
2026-10-01 18:40:19.380  INFO [notification-service] [traceId=NO_TRACE] [tenantId=default] [           main] o.s.c.n.eureka.InstanceInfoFactory       : Setting initial instance status as: STARTING
2026-10-01 18:40:19.976  INFO [notification-service] [traceId=NO_TRACE] [tenantId=default] [           main] o.s.c.n.e.s.EurekaServiceRegistry        : Registering application NOTIFICATION-SERVICE with eureka with status UP
2026-10-01 18:40:20.001  INFO [notification-service] [traceId=NO_TRACE] [tenantId=default] [           main] o.s.b.w.embedded.tomcat.TomcatWebServer  : Tomcat started on port 8084 (http) with context path '/'
2026-10-01 18:40:20.003  INFO [notification-service] [traceId=NO_TRACE] [tenantId=default] [           main] .s.c.n.e.s.EurekaAutoServiceRegistration : Updating port to 8084
2026-10-01 18:40:20.161  INFO [notification-service] [traceId=NO_TRACE] [tenantId=default] [           main] c.l.n.NotificationServiceApplication     : Started NotificationServiceApplication in 30.054 seconds (process running for 31.556)
2026-10-01 18:41:19.325  INFO [notification-service] [traceId=NO_TRACE] [tenantId=default] [MessageBroker-1] o.s.w.s.c.WebSocketMessageBrokerStats    : WebSocketSession[0 current WS(0)-HttpStream(0)-HttpPoll(0), 0 total, 0 closed abnormally (0 connect failure, 0 send limit, 0 transport error)], stompSubProtocol[processed CONNECT(0)-CONNECTED(0)-DISCONNECT(0)], stompBrokerRelay[null], inboundChannel[pool size = 0, active threads = 0, queued tasks = 0, completed tasks = 0], outboundChannel[pool size = 0, active threads = 0, queued tasks = 0, completed tasks = 0], sockJsScheduler[pool size = 1, active threads = 1, queued tasks = 0, completed tasks = 0]
2026-10-01 18:45:27.684  INFO [auth-service] [traceId=NO_TRACE] [tenantId=default] [nio-8081-exec-1] o.a.c.c.C.[Tomcat].[localhost].[/]       : Initializing Spring DispatcherServlet 'dispatcherServlet'
2026-10-01 18:45:27.732  INFO [auth-service] [traceId=NO_TRACE] [tenantId=default] [nio-8081-exec-1] o.s.web.servlet.DispatcherServlet        : Initializing Servlet 'dispatcherServlet'
2026-10-01 18:45:27.802  INFO [auth-service] [traceId=NO_TRACE] [tenantId=default] [nio-8081-exec-1] o.s.web.servlet.DispatcherServlet        : Completed initialization in 70 ms
2026-10-01 18:45:27.852 DEBUG [auth-service] [traceId=aa56213de26447a2] [tenantId=default] [nio-8081-exec-1] com.liochio.common.filter.TenantFilter   : [TenantFilter] Đã nạp Tenant ID: 'default' cho URI: /api/v1/auth/login
2026-10-01 18:45:27.908 DEBUG [auth-service] [traceId=31fc413d44284e1d] [tenantId=default] [nio-8081-exec-2] com.liochio.common.filter.TenantFilter   : [TenantFilter] Đã nạp Tenant ID: 'default' cho URI: /api/v1/auth/login
2026-10-01 18:45:28.963  INFO [auth-service] [traceId=31fc413d44284e1d] [tenantId=default] [nio-8081-exec-2] c.l.auth.service.LoginSecurityService    : [LoginSecurityService] Đã ghi nhận lịch sử bảo mật: User='superadmin', Status='WRONG_PASSWORD', Reason='Mật khẩu không chính xác (Lần thử 1/5)'
2026-10-01 18:45:28.963 DEBUG [auth-service] [traceId=31fc413d44284e1d] [tenantId=default] [nio-8081-exec-2] c.liochio.common.advice.LoggingAspect    : [EXECUTION] com.liochio.auth.service.LoginSecurityService.recordFailedLogin() hoàn tất trong 99 ms
2026-10-01 18:45:29.038 ERROR [auth-service] [traceId=31fc413d44284e1d] [tenantId=default] [nio-8081-exec-2] c.liochio.common.advice.LoggingAspect    : [EXCEPTION] com.liochio.auth.service.AuthService.login() ném ngoại lệ sau 742 ms: Mật khẩu không chính xác.
2026-10-01 18:45:29.040 ERROR [auth-service] [traceId=31fc413d44284e1d] [tenantId=default] [nio-8081-exec-2] c.liochio.common.advice.LoggingAspect    : [EXCEPTION] com.liochio.auth.controller.AuthController.login() ném ngoại lệ sau 791 ms: Mật khẩu không chính xác.
2026-10-01 18:45:29.052  WARN [auth-service] [traceId=31fc413d44284e1d] [tenantId=default] [nio-8081-exec-2] c.l.c.exception.GlobalExceptionHandler   : [AppException] Code: 1007 - Message: Mật khẩu không chính xác.
2026-10-01 18:46:24.501 DEBUG [auth-service] [traceId=333b4af9e9374b33] [tenantId=default] [nio-8081-exec-3] com.liochio.common.filter.TenantFilter   : [TenantFilter] Đã nạp Tenant ID: 'default' cho URI: /api/v1/auth/login
2026-10-01 18:46:24.834 ERROR [auth-service] [traceId=333b4af9e9374b33] [tenantId=default] [nio-8081-exec-3] c.liochio.common.advice.LoggingAspect    : [EXCEPTION] com.liochio.auth.service.AuthService.login() ném ngoại lệ sau 326 ms: Mật khẩu Khách Hàng Cá Nhân không chính xác.
2026-10-01 18:46:24.835 ERROR [auth-service] [traceId=333b4af9e9374b33] [tenantId=default] [nio-8081-exec-3] c.liochio.common.advice.LoggingAspect    : [EXCEPTION] com.liochio.auth.controller.AuthController.login() ném ngoại lệ sau 328 ms: Mật khẩu Khách Hàng Cá Nhân không chính xác.
2026-10-01 18:46:24.842  WARN [auth-service] [traceId=333b4af9e9374b33] [tenantId=default] [nio-8081-exec-3] c.l.c.exception.GlobalExceptionHandler   : [AppException] Code: 1007 - Message: Mật khẩu Khách Hàng Cá Nhân không chính xác.
2026-10-01 18:46:38.019 DEBUG [auth-service] [traceId=38853071ede04dad] [tenantId=default] [nio-8081-exec-4] com.liochio.common.filter.TenantFilter   : [TenantFilter] Đã nạp Tenant ID: 'default' cho URI: /api/v1/auth/login
2026-10-01 18:46:38.606  INFO [auth-service] [traceId=38853071ede04dad] [tenantId=default] [nio-8081-exec-4] c.liochio.auth.service.SessionService    : [SessionService] Tạo phiên mới: SessionID=sess_2ef356c0d1f343719ffc052ecf8750d3, UserID=17, DeviceID=fp_2d07218d70a99b81
2026-10-01 18:46:38.608 DEBUG [auth-service] [traceId=38853071ede04dad] [tenantId=default] [nio-8081-exec-4] c.liochio.common.advice.LoggingAspect    : [EXECUTION] com.liochio.auth.service.SessionService.createSession() hoàn tất trong 12 ms
2026-10-01 18:46:38.668 DEBUG [auth-service] [traceId=38853071ede04dad] [tenantId=default] [nio-8081-exec-4] c.liochio.common.advice.LoggingAspect    : [EXECUTION] com.liochio.auth.service.AuthService.login() hoàn tất trong 638 ms
2026-10-01 18:46:38.696 DEBUG [auth-service] [traceId=38853071ede04dad] [tenantId=default] [nio-8081-exec-4] c.liochio.common.advice.LoggingAspect    : [EXECUTION] com.liochio.common.i18n.MessageService.getMessage() hoàn tất trong 26 ms
2026-10-01 18:46:38.696 DEBUG [auth-service] [traceId=38853071ede04dad] [tenantId=default] [nio-8081-exec-4] c.liochio.common.advice.LoggingAspect    : [EXECUTION] com.liochio.auth.controller.AuthController.login() hoàn tất trong 670 ms
2026-10-01 18:46:39.200 DEBUG [auth-service] [traceId=0f74a6ffd6b94ab5] [tenantId=default] [nio-8081-exec-5] com.liochio.common.filter.TenantFilter   : [TenantFilter] Đã nạp Tenant ID: 'default' cho URI: /.well-known/jwks.json
2026-10-01 18:46:39.204 DEBUG [auth-service] [traceId=0f74a6ffd6b94ab5] [tenantId=default] [nio-8081-exec-5] c.liochio.common.advice.LoggingAspect    : [EXECUTION] com.liochio.auth.controller.JwksController.getJwks() hoàn tất trong 0 ms
2026-10-01 18:47:57.108 DEBUG [auth-service] [traceId=4a765905e1ac4680] [tenantId=default] [nio-8081-exec-6] com.liochio.common.filter.TenantFilter   : [TenantFilter] Đã nạp Tenant ID: 'default' cho URI: /api/v1/auth/login
2026-10-01 18:47:57.467  INFO [auth-service] [traceId=4a765905e1ac4680] [tenantId=default] [nio-8081-exec-6] c.liochio.auth.service.SessionService    : [SessionService] Tạo phiên mới: SessionID=sess_bb918165bc81440d881d158a6dc2826d, UserID=17, DeviceID=fp_2d07218d70a99b81
2026-10-01 18:47:57.467 DEBUG [auth-service] [traceId=4a765905e1ac4680] [tenantId=default] [nio-8081-exec-6] c.liochio.common.advice.LoggingAspect    : [EXECUTION] com.liochio.auth.service.SessionService.createSession() hoàn tất trong 3 ms
2026-10-01 18:47:57.483 DEBUG [auth-service] [traceId=4a765905e1ac4680] [tenantId=default] [nio-8081-exec-6] c.liochio.common.advice.LoggingAspect    : [EXECUTION] com.liochio.auth.service.AuthService.login() hoàn tất trong 368 ms
2026-10-01 18:47:57.484 DEBUG [auth-service] [traceId=4a765905e1ac4680] [tenantId=default] [nio-8081-exec-6] c.liochio.common.advice.LoggingAspect    : [EXECUTION] com.liochio.common.i18n.MessageService.getMessage() hoàn tất trong 0 ms
2026-10-01 18:47:57.486 DEBUG [auth-service] [traceId=4a765905e1ac4680] [tenantId=default] [nio-8081-exec-6] c.liochio.common.advice.LoggingAspect    : [EXECUTION] com.liochio.auth.controller.AuthController.login() hoàn tất trong 372 ms
2026-10-01 18:48:12.874 DEBUG [auth-service] [traceId=7f4c7e0080884cac] [tenantId=default] [nio-8081-exec-8] com.liochio.common.filter.TenantFilter   : [TenantFilter] Đã nạp Tenant ID: 'default' cho URI: /api/v1/auth/login
2026-10-01 18:48:13.230  INFO [auth-service] [traceId=7f4c7e0080884cac] [tenantId=default] [nio-8081-exec-8] c.l.auth.service.LoginSecurityService    : [LoginSecurityService] Đã ghi nhận lịch sử bảo mật: User='superadmin', Status='SUCCESS', Reason='Đăng nhập thành công'
2026-10-01 18:48:13.230 DEBUG [auth-service] [traceId=7f4c7e0080884cac] [tenantId=default] [nio-8081-exec-8] c.liochio.common.advice.LoggingAspect    : [EXECUTION] com.liochio.auth.service.LoginSecurityService.recordSuccessfulLogin() hoàn tất trong 9 ms
2026-10-01 18:48:13.264 DEBUG [auth-service] [traceId=7f4c7e0080884cac] [tenantId=default] [nio-8081-exec-8] c.liochio.common.advice.LoggingAspect    : [EXECUTION] com.liochio.auth.service.DeviceService.getOrCreateDevice() hoàn tất trong 27 ms
2026-10-01 18:48:13.287 DEBUG [auth-service] [traceId=7f4c7e0080884cac] [tenantId=default] [nio-8081-exec-8] c.liochio.common.advice.LoggingAspect    : [EXECUTION] com.liochio.auth.service.SessionService.kickOutOtherMobileSessions() hoàn tất trong 8 ms
2026-10-01 18:48:13.290  INFO [auth-service] [traceId=7f4c7e0080884cac] [tenantId=default] [nio-8081-exec-8] c.liochio.auth.service.SessionService    : [SessionService] Tạo phiên mới: SessionID=sess_90c22912428b48ad9e434af5f10c59ea, UserID=1, DeviceID=fp_2d07218d70a99b81
2026-10-01 18:48:13.291 DEBUG [auth-service] [traceId=7f4c7e0080884cac] [tenantId=default] [nio-8081-exec-8] c.liochio.common.advice.LoggingAspect    : [EXECUTION] com.liochio.auth.service.SessionService.createSession() hoàn tất trong 2 ms
2026-10-01 18:48:13.311 DEBUG [auth-service] [traceId=7f4c7e0080884cac] [tenantId=default] [nio-8081-exec-8] c.liochio.common.advice.LoggingAspect    : [EXECUTION] com.liochio.auth.service.AuthService.login() hoàn tất trong 429 ms
2026-10-01 18:48:13.319 DEBUG [auth-service] [traceId=7f4c7e0080884cac] [tenantId=default] [nio-8081-exec-8] c.liochio.common.advice.LoggingAspect    : [EXECUTION] com.liochio.common.i18n.MessageService.getMessage() hoàn tất trong 0 ms
2026-10-01 18:48:13.319 DEBUG [auth-service] [traceId=7f4c7e0080884cac] [tenantId=default] [nio-8081-exec-8] c.liochio.common.advice.LoggingAspect    : [EXECUTION] com.liochio.auth.controller.AuthController.login() hoàn tất trong 439 ms
2026-10-01 18:48:55.171 DEBUG [auth-service] [traceId=55e918dfff3a46e6] [tenantId=default] [io-8081-exec-10] com.liochio.common.filter.TenantFilter   : [TenantFilter] Đã nạp Tenant ID: 'default' cho URI: /api/v1/auth/login
2026-10-01 18:48:55.532  INFO [auth-service] [traceId=55e918dfff3a46e6] [tenantId=default] [io-8081-exec-10] c.liochio.auth.service.SessionService    : [SessionService] Tạo phiên mới: SessionID=sess_31c145d8e928458caccae35942cbc30c, UserID=17, DeviceID=fp_2d07218d70a99b81
2026-10-01 18:48:55.532 DEBUG [auth-service] [traceId=55e918dfff3a46e6] [tenantId=default] [io-8081-exec-10] c.liochio.common.advice.LoggingAspect    : [EXECUTION] com.liochio.auth.service.SessionService.createSession() hoàn tất trong 1 ms
2026-10-01 18:48:55.550 DEBUG [auth-service] [traceId=55e918dfff3a46e6] [tenantId=default] [io-8081-exec-10] c.liochio.common.advice.LoggingAspect    : [EXECUTION] com.liochio.auth.service.AuthService.login() hoàn tất trong 372 ms
2026-10-01 18:48:55.553 DEBUG [auth-service] [traceId=55e918dfff3a46e6] [tenantId=default] [io-8081-exec-10] c.liochio.common.advice.LoggingAspect    : [EXECUTION] com.liochio.common.i18n.MessageService.getMessage() hoàn tất trong 0 ms
2026-10-01 18:48:55.555 DEBUG [auth-service] [traceId=55e918dfff3a46e6] [tenantId=default] [io-8081-exec-10] c.liochio.common.advice.LoggingAspect    : [EXECUTION] com.liochio.auth.controller.AuthController.login() hoàn tất trong 377 ms
2026-10-01 18:58:20.423 DEBUG [auth-service] [traceId=7d2cc3f291514891] [tenantId=SYSTEM] [nio-8081-exec-1] com.liochio.common.filter.TenantFilter   : [TenantFilter] Đã nạp Tenant ID: 'SYSTEM' cho URI: /api/v1/auth/login
2026-10-01 18:58:21.130  INFO [auth-service] [traceId=7d2cc3f291514891] [tenantId=SYSTEM] [nio-8081-exec-1] c.liochio.auth.service.SessionService    : [SessionService] Tạo phiên mới: SessionID=sess_3abae169ce1b472ea52c914c0ff6bda0, UserID=17, DeviceID=fp_postman_client_01
2026-10-01 18:58:21.131 DEBUG [auth-service] [traceId=7d2cc3f291514891] [tenantId=SYSTEM] [nio-8081-exec-1] c.liochio.common.advice.LoggingAspect    : [EXECUTION] com.liochio.auth.service.SessionService.createSession() hoàn tất trong 5 ms
2026-10-01 18:58:21.158 DEBUG [auth-service] [traceId=7d2cc3f291514891] [tenantId=SYSTEM] [nio-8081-exec-1] c.liochio.common.advice.LoggingAspect    : [EXECUTION] com.liochio.auth.service.AuthService.login() hoàn tất trong 676 ms
2026-10-01 18:58:21.189 DEBUG [auth-service] [traceId=7d2cc3f291514891] [tenantId=SYSTEM] [nio-8081-exec-1] c.liochio.common.advice.LoggingAspect    : [EXECUTION] com.liochio.common.i18n.MessageService.getMessage() hoàn tất trong 28 ms
2026-10-01 18:58:21.190 DEBUG [auth-service] [traceId=7d2cc3f291514891] [tenantId=SYSTEM] [nio-8081-exec-1] c.liochio.common.advice.LoggingAspect    : [EXECUTION] com.liochio.auth.controller.AuthController.login() hoàn tất trong 719 ms
2026-10-01 19:00:19.750 DEBUG [auth-service] [traceId=e2d68c7bd3d24ca1] [tenantId=default] [nio-8081-exec-3] com.liochio.common.filter.TenantFilter   : [TenantFilter] Đã nạp Tenant ID: 'default' cho URI: /api/v1/auth/login
2026-10-01 19:00:20.122  INFO [auth-service] [traceId=e2d68c7bd3d24ca1] [tenantId=default] [nio-8081-exec-3] c.liochio.auth.service.SessionService    : [SessionService] Tạo phiên mới: SessionID=sess_72c5e59f502b4c6b8550b5be38f50d64, UserID=17, DeviceID=fp_2d07218d70a99b81
2026-10-01 19:00:20.122 DEBUG [auth-service] [traceId=e2d68c7bd3d24ca1] [tenantId=default] [nio-8081-exec-3] c.liochio.common.advice.LoggingAspect    : [EXECUTION] com.liochio.auth.service.SessionService.createSession() hoàn tất trong 1 ms
2026-10-01 19:00:20.140 DEBUG [auth-service] [traceId=e2d68c7bd3d24ca1] [tenantId=default] [nio-8081-exec-3] c.liochio.common.advice.LoggingAspect    : [EXECUTION] com.liochio.auth.service.AuthService.login() hoàn tất trong 380 ms
2026-10-01 19:00:20.143 DEBUG [auth-service] [traceId=e2d68c7bd3d24ca1] [tenantId=default] [nio-8081-exec-3] c.liochio.common.advice.LoggingAspect    : [EXECUTION] com.liochio.common.i18n.MessageService.getMessage() hoàn tất trong 0 ms
2026-10-01 19:00:20.143 DEBUG [auth-service] [traceId=e2d68c7bd3d24ca1] [tenantId=default] [nio-8081-exec-3] c.liochio.common.advice.LoggingAspect    : [EXECUTION] com.liochio.auth.controller.AuthController.login() hoàn tất trong 386 ms
2026-10-01 19:11:19.343  INFO [notification-service] [traceId=NO_TRACE] [tenantId=default] [MessageBroker-1] o.s.w.s.c.WebSocketMessageBrokerStats    : WebSocketSession[0 current WS(0)-HttpStream(0)-HttpPoll(0), 0 total, 0 closed abnormally (0 connect failure, 0 send limit, 0 transport error)], stompSubProtocol[processed CONNECT(0)-CONNECTED(0)-DISCONNECT(0)], stompBrokerRelay[null], inboundChannel[pool size = 0, active threads = 0, queued tasks = 0, completed tasks = 0], outboundChannel[pool size = 0, active threads = 0, queued tasks = 0, completed tasks = 0], sockJsScheduler[pool size = 2, active threads = 1, queued tasks = 0, completed tasks = 1]
2026-10-01 19:35:02.125 DEBUG [auth-service] [traceId=000c1797077d44c5] [tenantId=default] [nio-8081-exec-5] com.liochio.common.filter.TenantFilter   : [TenantFilter] Đã nạp Tenant ID: 'default' cho URI: /api/v1/auth/login
2026-10-01 19:35:02.716  INFO [auth-service] [traceId=000c1797077d44c5] [tenantId=default] [nio-8081-exec-5] c.liochio.auth.service.SessionService    : [SessionService] Tạo phiên mới: SessionID=sess_063beb896f49430cb37d23a01aff00f1, UserID=17, DeviceID=fp_2d07218d70a99b81
2026-10-01 19:35:02.719 DEBUG [auth-service] [traceId=000c1797077d44c5] [tenantId=default] [nio-8081-exec-5] c.liochio.common.advice.LoggingAspect    : [EXECUTION] com.liochio.auth.service.SessionService.createSession() hoàn tất trong 9 ms
2026-10-01 19:35:02.747 DEBUG [auth-service] [traceId=000c1797077d44c5] [tenantId=default] [nio-8081-exec-5] c.liochio.common.advice.LoggingAspect    : [EXECUTION] com.liochio.auth.service.AuthService.login() hoàn tất trong 491 ms
2026-10-01 19:35:02.754 DEBUG [auth-service] [traceId=000c1797077d44c5] [tenantId=default] [nio-8081-exec-5] c.liochio.common.advice.LoggingAspect    : [EXECUTION] com.liochio.common.i18n.MessageService.getMessage() hoàn tất trong 0 ms
2026-10-01 19:35:02.755 DEBUG [auth-service] [traceId=000c1797077d44c5] [tenantId=default] [nio-8081-exec-5] c.liochio.common.advice.LoggingAspect    : [EXECUTION] com.liochio.auth.controller.AuthController.login() hoàn tất trong 528 ms
2026-10-01 19:41:19.384  INFO [notification-service] [traceId=NO_TRACE] [tenantId=default] [MessageBroker-2] o.s.w.s.c.WebSocketMessageBrokerStats    : WebSocketSession[0 current WS(0)-HttpStream(0)-HttpPoll(0), 0 total, 0 closed abnormally (0 connect failure, 0 send limit, 0 transport error)], stompSubProtocol[processed CONNECT(0)-CONNECTED(0)-DISCONNECT(0)], stompBrokerRelay[null], inboundChannel[pool size = 0, active threads = 0, queued tasks = 0, completed tasks = 0], outboundChannel[pool size = 0, active threads = 0, queued tasks = 0, completed tasks = 0], sockJsScheduler[pool size = 3, active threads = 1, queued tasks = 0, completed tasks = 2]
2026-10-01 20:11:19.418  INFO [notification-service] [traceId=NO_TRACE] [tenantId=default] [MessageBroker-1] o.s.w.s.c.WebSocketMessageBrokerStats    : WebSocketSession[0 current WS(0)-HttpStream(0)-HttpPoll(0), 0 total, 0 closed abnormally (0 connect failure, 0 send limit, 0 transport error)], stompSubProtocol[processed CONNECT(0)-CONNECTED(0)-DISCONNECT(0)], stompBrokerRelay[null], inboundChannel[pool size = 0, active threads = 0, queued tasks = 0, completed tasks = 0], outboundChannel[pool size = 0, active threads = 0, queued tasks = 0, completed tasks = 0], sockJsScheduler[pool size = 4, active threads = 1, queued tasks = 0, completed tasks = 3]
2026-10-01 20:34:39.543 DEBUG [auth-service] [traceId=50f65d405ad2472c] [tenantId=SYSTEM] [nio-8081-exec-6] com.liochio.common.filter.TenantFilter   : [TenantFilter] Đã nạp Tenant ID: 'SYSTEM' cho URI: /api/v1/auth/register
2026-10-01 20:34:47.779  WARN [auth-service] [traceId=50f65d405ad2472c] [tenantId=SYSTEM] [nio-8081-exec-6] c.liochio.common.advice.LoggingAspect    : [SLOW_EXECUTION] com.liochio.auth.service.OtpService.generateAndSaveOtp() thực thi mất 5733 ms
2026-10-01 20:34:47.858  INFO [auth-service] [traceId=50f65d405ad2472c] [tenantId=SYSTEM] [nio-8081-exec-6] com.liochio.auth.service.DeviceService   : [DeviceService] Tạo mới thiết bị: User=22, DeviceId=fp_postman_client_01, Trusted=true
2026-10-01 20:34:47.873 DEBUG [auth-service] [traceId=50f65d405ad2472c] [tenantId=SYSTEM] [nio-8081-exec-6] c.liochio.common.advice.LoggingAspect    : [EXECUTION] com.liochio.auth.service.DeviceService.getOrCreateDevice() hoàn tất trong 78 ms
2026-10-01 20:34:48.273  INFO [auth-service] [traceId=50f65d405ad2472c] [tenantId=SYSTEM] [nio-8081-exec-6] c.liochio.common.outbox.OutboxPublisher  : [OutboxPublisher] Đã lưu sự kiện Outbox: Type='USER_REGISTERED', AggregateId='22'
2026-10-01 20:34:48.273  INFO [auth-service] [traceId=50f65d405ad2472c] [tenantId=SYSTEM] [nio-8081-exec-6] com.liochio.auth.service.AuthService     : [AuthService] Đăng ký tài khoản thành công: ID=22, User='retail_user_1790861679' (Chờ kích hoạt OTP)
2026-10-01 20:34:48.328  WARN [auth-service] [traceId=50f65d405ad2472c] [tenantId=SYSTEM] [nio-8081-exec-6] c.liochio.common.advice.LoggingAspect    : [SLOW_EXECUTION] com.liochio.auth.service.AuthService.register() thực thi mất 7415 ms
2026-10-01 20:34:48.422 DEBUG [auth-service] [traceId=50f65d405ad2472c] [tenantId=SYSTEM] [nio-8081-exec-6] c.liochio.common.advice.LoggingAspect    : [EXECUTION] com.liochio.common.i18n.MessageService.getMessage() hoàn tất trong 8 ms
2026-10-01 20:34:48.424  WARN [auth-service] [traceId=50f65d405ad2472c] [tenantId=SYSTEM] [nio-8081-exec-6] c.liochio.common.advice.LoggingAspect    : [SLOW_EXECUTION] com.liochio.auth.controller.AuthController.register() thực thi mất 7561 ms
2026-10-01 20:41:19.480  INFO [notification-service] [traceId=NO_TRACE] [tenantId=default] [MessageBroker-1] o.s.w.s.c.WebSocketMessageBrokerStats    : WebSocketSession[0 current WS(0)-HttpStream(0)-HttpPoll(0), 0 total, 0 closed abnormally (0 connect failure, 0 send limit, 0 transport error)], stompSubProtocol[processed CONNECT(0)-CONNECTED(0)-DISCONNECT(0)], stompBrokerRelay[null], inboundChannel[pool size = 0, active threads = 0, queued tasks = 0, completed tasks = 0], outboundChannel[pool size = 0, active threads = 0, queued tasks = 0, completed tasks = 0], sockJsScheduler[pool size = 5, active threads = 1, queued tasks = 0, completed tasks = 4]
2026-10-01 20:48:47.741 DEBUG [auth-service] [traceId=8a56b55d6af040a3] [tenantId=default] [io-8081-exec-10] com.liochio.common.filter.TenantFilter   : [TenantFilter] Đã nạp Tenant ID: 'default' cho URI: /api/v1/auth/login
2026-10-01 20:48:47.753 DEBUG [auth-service] [traceId=190d9164c5da41c8] [tenantId=default] [nio-8081-exec-9] com.liochio.common.filter.TenantFilter   : [TenantFilter] Đã nạp Tenant ID: 'default' cho URI: /api/v1/auth/login
2026-10-01 20:48:48.166  INFO [auth-service] [traceId=190d9164c5da41c8] [tenantId=default] [nio-8081-exec-9] c.l.auth.service.LoginSecurityService    : [LoginSecurityService] Đã ghi nhận lịch sử bảo mật: User='superadmin', Status='SUCCESS', Reason='Đăng nhập thành công'
2026-10-01 20:48:48.167 DEBUG [auth-service] [traceId=190d9164c5da41c8] [tenantId=default] [nio-8081-exec-9] c.liochio.common.advice.LoggingAspect    : [EXECUTION] com.liochio.auth.service.LoginSecurityService.recordSuccessfulLogin() hoàn tất trong 16 ms
2026-10-01 20:48:48.173 DEBUG [auth-service] [traceId=190d9164c5da41c8] [tenantId=default] [nio-8081-exec-9] c.liochio.common.advice.LoggingAspect    : [EXECUTION] com.liochio.auth.service.DeviceService.getOrCreateDevice() hoàn tất trong 3 ms
2026-10-01 20:48:48.202 DEBUG [auth-service] [traceId=190d9164c5da41c8] [tenantId=default] [nio-8081-exec-9] c.liochio.common.advice.LoggingAspect    : [EXECUTION] com.liochio.auth.service.SessionService.kickOutOtherMobileSessions() hoàn tất trong 8 ms
2026-10-01 20:48:48.205  INFO [auth-service] [traceId=190d9164c5da41c8] [tenantId=default] [nio-8081-exec-9] c.liochio.auth.service.SessionService    : [SessionService] Tạo phiên mới: SessionID=sess_eda477e94282439787957330b601c8bb, UserID=1, DeviceID=fp_2d07218d70a99b81
2026-10-01 20:48:48.206 DEBUG [auth-service] [traceId=190d9164c5da41c8] [tenantId=default] [nio-8081-exec-9] c.liochio.common.advice.LoggingAspect    : [EXECUTION] com.liochio.auth.service.SessionService.createSession() hoàn tất trong 3 ms
2026-10-01 20:48:48.226 DEBUG [auth-service] [traceId=190d9164c5da41c8] [tenantId=default] [nio-8081-exec-9] c.liochio.common.advice.LoggingAspect    : [EXECUTION] com.liochio.auth.service.AuthService.login() hoàn tất trong 463 ms
2026-10-01 20:48:48.237 DEBUG [auth-service] [traceId=190d9164c5da41c8] [tenantId=default] [nio-8081-exec-9] c.liochio.common.advice.LoggingAspect    : [EXECUTION] com.liochio.common.i18n.MessageService.getMessage() hoàn tất trong 4 ms
2026-10-01 20:48:48.237 DEBUG [auth-service] [traceId=190d9164c5da41c8] [tenantId=default] [nio-8081-exec-9] c.liochio.common.advice.LoggingAspect    : [EXECUTION] com.liochio.auth.controller.AuthController.login() hoàn tất trong 475 ms
2026-10-01 20:57:49.897 DEBUG [auth-service] [traceId=850b28d0d8834887] [tenantId=default] [nio-8081-exec-2] com.liochio.common.filter.TenantFilter   : [TenantFilter] Đã nạp Tenant ID: 'default' cho URI: /api/v1/auth/login
2026-10-01 20:57:50.295  INFO [auth-service] [traceId=850b28d0d8834887] [tenantId=default] [nio-8081-exec-2] c.liochio.auth.service.SessionService    : [SessionService] Tạo phiên mới: SessionID=sess_23c6373fa2da4d0cbe7ef383679eb3e3, UserID=17, DeviceID=fp_2d07218d70a99b81
2026-10-01 20:57:50.297 DEBUG [auth-service] [traceId=850b28d0d8834887] [tenantId=default] [nio-8081-exec-2] c.liochio.common.advice.LoggingAspect    : [EXECUTION] com.liochio.auth.service.SessionService.createSession() hoàn tất trong 4 ms
2026-10-01 20:57:50.318 DEBUG [auth-service] [traceId=850b28d0d8834887] [tenantId=default] [nio-8081-exec-2] c.liochio.common.advice.LoggingAspect    : [EXECUTION] com.liochio.auth.service.AuthService.login() hoàn tất trong 415 ms
2026-10-01 20:57:50.321 DEBUG [auth-service] [traceId=850b28d0d8834887] [tenantId=default] [nio-8081-exec-2] c.liochio.common.advice.LoggingAspect    : [EXECUTION] com.liochio.common.i18n.MessageService.getMessage() hoàn tất trong 0 ms
2026-10-01 20:57:50.321 DEBUG [auth-service] [traceId=850b28d0d8834887] [tenantId=default] [nio-8081-exec-2] c.liochio.common.advice.LoggingAspect    : [EXECUTION] com.liochio.auth.controller.AuthController.login() hoàn tất trong 420 ms
2026-10-01 21:04:05.611 DEBUG [auth-service] [traceId=537a2bf430204dfc] [tenantId=default] [nio-8081-exec-4] com.liochio.common.filter.TenantFilter   : [TenantFilter] Đã nạp Tenant ID: 'default' cho URI: /api/v1/auth/login
2026-10-01 21:04:06.088  INFO [auth-service] [traceId=537a2bf430204dfc] [tenantId=default] [nio-8081-exec-4] c.liochio.auth.service.SessionService    : [SessionService] Tạo phiên mới: SessionID=sess_85fc654b5b584ce3b2aa1677655e8166, UserID=17, DeviceID=fp_2d07218d70a99b81
2026-10-01 21:04:06.092 DEBUG [auth-service] [traceId=537a2bf430204dfc] [tenantId=default] [nio-8081-exec-4] c.liochio.common.advice.LoggingAspect    : [EXECUTION] com.liochio.auth.service.SessionService.createSession() hoàn tất trong 9 ms
2026-10-01 21:04:06.119 DEBUG [auth-service] [traceId=537a2bf430204dfc] [tenantId=default] [nio-8081-exec-4] c.liochio.common.advice.LoggingAspect    : [EXECUTION] com.liochio.auth.service.AuthService.login() hoàn tất trong 495 ms
2026-10-01 21:04:06.123 DEBUG [auth-service] [traceId=537a2bf430204dfc] [tenantId=default] [nio-8081-exec-4] c.liochio.common.advice.LoggingAspect    : [EXECUTION] com.liochio.common.i18n.MessageService.getMessage() hoàn tất trong 0 ms
2026-10-01 21:04:06.124 DEBUG [auth-service] [traceId=537a2bf430204dfc] [tenantId=default] [nio-8081-exec-4] c.liochio.common.advice.LoggingAspect    : [EXECUTION] com.liochio.auth.controller.AuthController.login() hoàn tất trong 502 ms
2026-10-01 21:11:19.510  INFO [notification-service] [traceId=NO_TRACE] [tenantId=default] [MessageBroker-1] o.s.w.s.c.WebSocketMessageBrokerStats    : WebSocketSession[0 current WS(0)-HttpStream(0)-HttpPoll(0), 0 total, 0 closed abnormally (0 connect failure, 0 send limit, 0 transport error)], stompSubProtocol[processed CONNECT(0)-CONNECTED(0)-DISCONNECT(0)], stompBrokerRelay[null], inboundChannel[pool size = 0, active threads = 0, queued tasks = 0, completed tasks = 0], outboundChannel[pool size = 0, active threads = 0, queued tasks = 0, completed tasks = 0], sockJsScheduler[pool size = 6, active threads = 1, queued tasks = 0, completed tasks = 5]
2026-10-01 21:24:25.583 DEBUG [auth-service] [traceId=85bbce6830f94b8b] [tenantId=default] [nio-8081-exec-7] com.liochio.common.filter.TenantFilter   : [TenantFilter] Đã nạp Tenant ID: 'default' cho URI: /api/v1/auth/login
2026-10-01 21:24:26.060  INFO [auth-service] [traceId=85bbce6830f94b8b] [tenantId=default] [nio-8081-exec-7] c.liochio.auth.service.SessionService    : [SessionService] Tạo phiên mới: SessionID=sess_c6cc37bf498243b68485e1a4d82a9e31, UserID=17, DeviceID=fp_2d07218d70a99b81
2026-10-01 21:24:26.061 DEBUG [auth-service] [traceId=85bbce6830f94b8b] [tenantId=default] [nio-8081-exec-7] c.liochio.common.advice.LoggingAspect    : [EXECUTION] com.liochio.auth.service.SessionService.createSession() hoàn tất trong 14 ms
2026-10-01 21:24:26.089 DEBUG [auth-service] [traceId=85bbce6830f94b8b] [tenantId=default] [nio-8081-exec-7] c.liochio.common.advice.LoggingAspect    : [EXECUTION] com.liochio.auth.service.AuthService.login() hoàn tất trong 483 ms
2026-10-01 21:24:26.095 DEBUG [auth-service] [traceId=85bbce6830f94b8b] [tenantId=default] [nio-8081-exec-7] c.liochio.common.advice.LoggingAspect    : [EXECUTION] com.liochio.common.i18n.MessageService.getMessage() hoàn tất trong 1 ms
2026-10-01 21:24:26.096 DEBUG [auth-service] [traceId=85bbce6830f94b8b] [tenantId=default] [nio-8081-exec-7] c.liochio.common.advice.LoggingAspect    : [EXECUTION] com.liochio.auth.controller.AuthController.login() hoàn tất trong 500 ms
2026-10-01 21:33:21.839  INFO [notification-service] [traceId=NO_TRACE] [tenantId=default] [ionShutdownHook] o.s.c.n.e.s.EurekaServiceRegistry        : Unregistering application NOTIFICATION-SERVICE with eureka with status DOWN
2026-10-01 21:33:22.725  INFO [auth-service] [traceId=NO_TRACE] [tenantId=default] [ionShutdownHook] o.s.b.w.e.tomcat.GracefulShutdown        : Commencing graceful shutdown. Waiting for active requests to complete
2026-10-01 21:33:22.811  INFO [notification-service] [traceId=NO_TRACE] [tenantId=default] [ionShutdownHook] o.s.b.w.e.tomcat.GracefulShutdown        : Commencing graceful shutdown. Waiting for active requests to complete
2026-10-01 21:33:23.776  INFO [auth-service] [traceId=NO_TRACE] [tenantId=default] [tomcat-shutdown] o.s.b.w.e.tomcat.GracefulShutdown        : Graceful shutdown complete
2026-10-01 21:33:24.281  INFO [notification-service] [traceId=NO_TRACE] [tenantId=default] [tomcat-shutdown] o.s.b.w.e.tomcat.GracefulShutdown        : Graceful shutdown complete
2026-10-01 21:33:24.393  INFO [notification-service] [traceId=NO_TRACE] [tenantId=default] [ionShutdownHook] o.s.m.s.b.SimpleBrokerMessageHandler     : Stopping...
2026-10-01 21:33:24.397  INFO [notification-service] [traceId=NO_TRACE] [tenantId=default] [ionShutdownHook] o.s.m.s.b.SimpleBrokerMessageHandler     : BrokerAvailabilityEvent[available=false, SimpleBrokerMessageHandler [org.springframework.messaging.simp.broker.DefaultSubscriptionRegistry@55fbe0fc]]
2026-10-01 21:33:24.401  INFO [notification-service] [traceId=NO_TRACE] [tenantId=default] [ionShutdownHook] o.s.m.s.b.SimpleBrokerMessageHandler     : Stopped.
2026-10-01 21:33:24.772  INFO [auth-service] [traceId=NO_TRACE] [tenantId=default] [ionShutdownHook] j.LocalContainerEntityManagerFactoryBean : Closing JPA EntityManagerFactory for persistence unit 'default'
2026-10-01 21:33:24.889  INFO [auth-service] [traceId=NO_TRACE] [tenantId=default] [ionShutdownHook] com.zaxxer.hikari.HikariDataSource       : HikariPool-1 - Shutdown initiated...
2026-10-01 21:33:24.950  INFO [auth-service] [traceId=NO_TRACE] [tenantId=default] [ionShutdownHook] com.zaxxer.hikari.HikariDataSource       : HikariPool-1 - Shutdown completed.
2026-10-01 21:33:25.546  INFO [notification-service] [traceId=NO_TRACE] [tenantId=default] [ionShutdownHook] j.LocalContainerEntityManagerFactoryBean : Closing JPA EntityManagerFactory for persistence unit 'default'
2026-10-01 21:33:25.754  INFO [notification-service] [traceId=NO_TRACE] [tenantId=default] [ionShutdownHook] com.zaxxer.hikari.HikariDataSource       : HikariPool-1 - Shutdown initiated...
2026-10-01 21:33:25.806  INFO [notification-service] [traceId=NO_TRACE] [tenantId=default] [ionShutdownHook] com.zaxxer.hikari.HikariDataSource       : HikariPool-1 - Shutdown completed.
2026-10-01 21:33:29.173  WARN [notification-service] [traceId=NO_TRACE] [tenantId=default] [ionShutdownHook] c.n.d.s.t.d.RetryableEurekaHttpClient    : Request execution failed with message: I/O error on DELETE request for "http://localhost:8761/eureka/apps/NOTIFICATION-SERVICE/192.168.1.2:notification-service:8084": Connect to http://localhost:8761 [localhost/127.0.0.1, localhost/0:0:0:0:0:0:0:1] failed: Connection refused: no further information
2026-10-01 21:33:29.504  WARN [notification-service] [traceId=NO_TRACE] [tenantId=default] [ionShutdownHook] c.n.d.s.t.d.RetryableEurekaHttpClient    : Request execution failed with message: I/O error on DELETE request for "http://localhost:8761/eureka/apps/NOTIFICATION-SERVICE/192.168.1.2:notification-service:8084": Connect to http://localhost:8761 [localhost/127.0.0.1, localhost/0:0:0:0:0:0:0:1] failed: Connection refused: no further information
2026-10-01 21:33:29.506 ERROR [notification-service] [traceId=NO_TRACE] [tenantId=default] [ionShutdownHook] com.netflix.discovery.DiscoveryClient    : DiscoveryClient_NOTIFICATION-SERVICE/192.168.1.2:notification-service:8084 - de-registration failedCannot execute request on any known server

com.netflix.discovery.shared.transport.TransportException: Cannot execute request on any known server
	at com.netflix.discovery.shared.transport.decorator.RetryableEurekaHttpClient.execute(RetryableEurekaHttpClient.java:112)
	at com.netflix.discovery.shared.transport.decorator.EurekaHttpClientDecorator.cancel(EurekaHttpClientDecorator.java:71)
	at com.netflix.discovery.shared.transport.decorator.EurekaHttpClientDecorator$2.execute(EurekaHttpClientDecorator.java:74)
	at com.netflix.discovery.shared.transport.decorator.SessionedEurekaHttpClient.execute(SessionedEurekaHttpClient.java:76)
	at com.netflix.discovery.shared.transport.decorator.EurekaHttpClientDecorator.cancel(EurekaHttpClientDecorator.java:71)
	at com.netflix.discovery.DiscoveryClient.unregister(DiscoveryClient.java:919)
	at com.netflix.discovery.DiscoveryClient.shutdown(DiscoveryClient.java:900)
	at java.base/jdk.internal.reflect.NativeMethodAccessorImpl.invoke0(Native Method)
	at java.base/jdk.internal.reflect.NativeMethodAccessorImpl.invoke(NativeMethodAccessorImpl.java:77)
	at java.base/jdk.internal.reflect.DelegatingMethodAccessorImpl.invoke(DelegatingMethodAccessorImpl.java:43)
	at java.base/java.lang.reflect.Method.invoke(Method.java:568)
	at org.springframework.beans.factory.annotation.InitDestroyAnnotationBeanPostProcessor$LifecycleMethod.invoke(InitDestroyAnnotationBeanPostProcessor.java:457)
	at org.springframework.beans.factory.annotation.InitDestroyAnnotationBeanPostProcessor$LifecycleMetadata.invokeDestroyMethods(InitDestroyAnnotationBeanPostProcessor.java:415)
	at org.springframework.beans.factory.annotation.InitDestroyAnnotationBeanPostProcessor.postProcessBeforeDestruction(InitDestroyAnnotationBeanPostProcessor.java:239)
	at org.springframework.beans.factory.support.DisposableBeanAdapter.destroy(DisposableBeanAdapter.java:202)
	at org.springframework.beans.factory.support.DisposableBeanAdapter.run(DisposableBeanAdapter.java:195)
	at org.springframework.cloud.context.scope.GenericScope$BeanLifecycleWrapper.destroy(GenericScope.java:389)
	at org.springframework.cloud.context.scope.GenericScope.destroy(GenericScope.java:136)
	at org.springframework.beans.factory.support.DisposableBeanAdapter.destroy(DisposableBeanAdapter.java:211)
	at org.springframework.beans.factory.support.DefaultSingletonBeanRegistry.destroyBean(DefaultSingletonBeanRegistry.java:735)
	at org.springframework.beans.factory.support.DefaultSingletonBeanRegistry.destroySingleton(DefaultSingletonBeanRegistry.java:692)
	at org.springframework.beans.factory.support.DefaultListableBeanFactory.destroySingleton(DefaultListableBeanFactory.java:1401)
	at org.springframework.beans.factory.support.DefaultSingletonBeanRegistry.destroySingletons(DefaultSingletonBeanRegistry.java:651)
	at org.springframework.beans.factory.support.DefaultListableBeanFactory.destroySingletons(DefaultListableBeanFactory.java:1394)
	at org.springframework.context.support.AbstractApplicationContext.destroyBeans(AbstractApplicationContext.java:1219)
	at org.springframework.context.support.AbstractApplicationContext.doClose(AbstractApplicationContext.java:1180)
	at org.springframework.boot.web.servlet.context.ServletWebServerApplicationContext.doClose(ServletWebServerApplicationContext.java:179)
	at org.springframework.context.support.AbstractApplicationContext.close(AbstractApplicationContext.java:1126)
	at org.springframework.boot.SpringApplicationShutdownHook.closeAndWait(SpringApplicationShutdownHook.java:147)
	at java.base/java.lang.Iterable.forEach(Iterable.java:75)
	at org.springframework.boot.SpringApplicationShutdownHook.run(SpringApplicationShutdownHook.java:116)
	at java.base/java.lang.Thread.run(Thread.java:842)

2026-10-01 23:45:14.921  INFO [notification-service] [traceId=NO_TRACE] [tenantId=default] [           main] c.l.n.NotificationServiceApplication     : Starting NotificationServiceApplication using Java 17.0.17 with PID 62380 (E:\Github\Back-end\Microservice\SpringBoot\notification-service\target\classes started by Liochio in E:\Github\Back-end\Microservice)
2026-10-01 23:45:14.948 DEBUG [notification-service] [traceId=NO_TRACE] [tenantId=default] [           main] c.l.n.NotificationServiceApplication     : Running with Spring Boot v3.4.3, Spring v6.2.3
2026-10-01 23:45:14.950  INFO [notification-service] [traceId=NO_TRACE] [tenantId=default] [           main] c.l.n.NotificationServiceApplication     : No active profile set, falling back to 1 default profile: "default"
2026-10-01 23:45:15.056  INFO [notification-service] [traceId=NO_TRACE] [tenantId=default] [           main] o.s.c.c.c.ConfigServerConfigDataLoader   : Fetching config from server at : http://localhost:8888/
2026-10-01 23:45:15.056  INFO [notification-service] [traceId=NO_TRACE] [tenantId=default] [           main] o.s.c.c.c.ConfigServerConfigDataLoader   : Exception on Url - http://localhost:8888/:org.springframework.web.client.ResourceAccessException: I/O error on GET request for "http://localhost:8888/notification-service/default": Connection refused: no further information. Will be trying the next url if available
2026-10-01 23:45:15.056  WARN [notification-service] [traceId=NO_TRACE] [tenantId=default] [           main] o.s.c.c.c.ConfigServerConfigDataLoader   : Could not locate PropertySource ([ConfigServerConfigDataResource@7d373bcf uris = array<String>['http://localhost:8888/'], optional = true, profiles = 'default']): I/O error on GET request for "http://localhost:8888/notification-service/default": Connection refused: no further information
2026-10-01 23:45:15.058  INFO [notification-service] [traceId=NO_TRACE] [tenantId=default] [           main] o.s.c.c.c.ConfigServerConfigDataLoader   : Fetching config from server at : http://localhost:8888/
2026-10-01 23:45:15.058  INFO [notification-service] [traceId=NO_TRACE] [tenantId=default] [           main] o.s.c.c.c.ConfigServerConfigDataLoader   : Exception on Url - http://localhost:8888/:org.springframework.web.client.ResourceAccessException: I/O error on GET request for "http://localhost:8888/notification-service/default": Connection refused: no further information. Will be trying the next url if available
2026-10-01 23:45:15.058  WARN [notification-service] [traceId=NO_TRACE] [tenantId=default] [           main] o.s.c.c.c.ConfigServerConfigDataLoader   : Could not locate PropertySource ([ConfigServerConfigDataResource@3a0807b7 uris = array<String>['http://localhost:8888/'], optional = true, profiles = 'default']): I/O error on GET request for "http://localhost:8888/notification-service/default": Connection refused: no further information
2026-10-01 23:45:15.058  INFO [notification-service] [traceId=NO_TRACE] [tenantId=default] [           main] o.s.c.c.c.ConfigServerConfigDataLoader   : Fetching config from server at : http://localhost:8888/
2026-10-01 23:45:15.058  INFO [notification-service] [traceId=NO_TRACE] [tenantId=default] [           main] o.s.c.c.c.ConfigServerConfigDataLoader   : Exception on Url - http://localhost:8888/:org.springframework.web.client.ResourceAccessException: I/O error on GET request for "http://localhost:8888/notification-service/default": Connection refused: no further information. Will be trying the next url if available
2026-10-01 23:45:15.059  WARN [notification-service] [traceId=NO_TRACE] [tenantId=default] [           main] o.s.c.c.c.ConfigServerConfigDataLoader   : Could not locate PropertySource ([ConfigServerConfigDataResource@21a5fd96 uris = array<String>['http://localhost:8888/'], optional = true, profiles = 'default']): I/O error on GET request for "http://localhost:8888/notification-service/default": Connection refused: no further information
2026-10-01 23:45:24.194  INFO [notification-service] [traceId=NO_TRACE] [tenantId=default] [           main] .s.d.r.c.RepositoryConfigurationDelegate : Multiple Spring Data modules found, entering strict repository configuration mode
2026-10-01 23:45:24.194  INFO [notification-service] [traceId=NO_TRACE] [tenantId=default] [           main] .s.d.r.c.RepositoryConfigurationDelegate : Bootstrapping Spring Data JPA repositories in DEFAULT mode.
2026-10-01 23:45:24.425  INFO [notification-service] [traceId=NO_TRACE] [tenantId=default] [           main] .s.d.r.c.RepositoryConfigurationDelegate : Finished Spring Data repository scanning in 219 ms. Found 9 JPA repository interfaces.
2026-10-01 23:45:25.171  INFO [notification-service] [traceId=NO_TRACE] [tenantId=default] [           main] .s.d.r.c.RepositoryConfigurationDelegate : Multiple Spring Data modules found, entering strict repository configuration mode
2026-10-01 23:45:25.173  INFO [notification-service] [traceId=NO_TRACE] [tenantId=default] [           main] .s.d.r.c.RepositoryConfigurationDelegate : Bootstrapping Spring Data Redis repositories in DEFAULT mode.
2026-10-01 23:45:25.209  INFO [notification-service] [traceId=NO_TRACE] [tenantId=default] [           main] .RepositoryConfigurationExtensionSupport : Spring Data Redis - Could not safely identify store assignment for repository candidate interface com.liochio.notification.repository.NotificationLogRepository; If you want this repository to be a Redis repository, consider annotating your entities with one of these annotations: org.springframework.data.redis.core.RedisHash (preferred), or consider extending one of the following types with your repository: org.springframework.data.keyvalue.repository.KeyValueRepository
2026-10-01 23:45:25.209  INFO [notification-service] [traceId=NO_TRACE] [tenantId=default] [           main] .RepositoryConfigurationExtensionSupport : Spring Data Redis - Could not safely identify store assignment for repository candidate interface com.liochio.notification.repository.NotificationTemplateRepository; If you want this repository to be a Redis repository, consider annotating your entities with one of these annotations: org.springframework.data.redis.core.RedisHash (preferred), or consider extending one of the following types with your repository: org.springframework.data.keyvalue.repository.KeyValueRepository
2026-10-01 23:45:25.209  INFO [notification-service] [traceId=NO_TRACE] [tenantId=default] [           main] .RepositoryConfigurationExtensionSupport : Spring Data Redis - Could not safely identify store assignment for repository candidate interface com.liochio.notification.repository.TenantNotificationConfigRepository; If you want this repository to be a Redis repository, consider annotating your entities with one of these annotations: org.springframework.data.redis.core.RedisHash (preferred), or consider extending one of the following types with your repository: org.springframework.data.keyvalue.repository.KeyValueRepository
2026-10-01 23:45:25.209  INFO [notification-service] [traceId=NO_TRACE] [tenantId=default] [           main] .s.d.r.c.RepositoryConfigurationDelegate : Finished Spring Data repository scanning in 26 ms. Found 0 Redis repository interfaces.
2026-10-01 23:45:25.826  INFO [notification-service] [traceId=NO_TRACE] [tenantId=default] [           main] o.s.cloud.context.scope.GenericScope     : BeanFactory id=7360ba0c-5713-3fc4-a92f-c2cd48309838
2026-10-01 23:45:27.003  INFO [notification-service] [traceId=NO_TRACE] [tenantId=default] [           main] o.s.b.w.embedded.tomcat.TomcatWebServer  : Tomcat initialized with port 8084 (http)
2026-10-01 23:45:27.021  INFO [notification-service] [traceId=NO_TRACE] [tenantId=default] [           main] o.apache.catalina.core.StandardService   : Starting service [Tomcat]
2026-10-01 23:45:27.021  INFO [notification-service] [traceId=NO_TRACE] [tenantId=default] [           main] o.apache.catalina.core.StandardEngine    : Starting Servlet engine: [Apache Tomcat/10.1.36]
2026-10-01 23:45:27.109  INFO [notification-service] [traceId=NO_TRACE] [tenantId=default] [           main] o.a.c.c.C.[Tomcat].[localhost].[/]       : Initializing Spring embedded WebApplicationContext
2026-10-01 23:45:27.109  INFO [notification-service] [traceId=NO_TRACE] [tenantId=default] [           main] w.s.c.ServletWebServerApplicationContext : Root WebApplicationContext: initialization completed in 12044 ms
2026-10-01 23:45:27.474  INFO [notification-service] [traceId=NO_TRACE] [tenantId=default] [           main] o.hibernate.jpa.internal.util.LogHelper  : HHH000204: Processing PersistenceUnitInfo [name: default]
2026-10-01 23:45:27.607  INFO [notification-service] [traceId=NO_TRACE] [tenantId=default] [           main] org.hibernate.Version                    : HHH000412: Hibernate ORM core version 6.6.8.Final
2026-10-01 23:45:27.655  INFO [notification-service] [traceId=NO_TRACE] [tenantId=default] [           main] o.h.c.internal.RegionFactoryInitiator    : HHH000026: Second-level cache disabled
2026-10-01 23:45:28.188  INFO [notification-service] [traceId=NO_TRACE] [tenantId=default] [           main] o.s.o.j.p.SpringPersistenceUnitInfo      : No LoadTimeWeaver setup: ignoring JPA class transformer
2026-10-01 23:45:28.241  INFO [notification-service] [traceId=NO_TRACE] [tenantId=default] [           main] com.zaxxer.hikari.HikariDataSource       : HikariPool-1 - Starting...
2026-10-01 23:45:28.454  INFO [notification-service] [traceId=NO_TRACE] [tenantId=default] [           main] com.zaxxer.hikari.pool.HikariPool        : HikariPool-1 - Added connection com.mysql.cj.jdbc.ConnectionImpl@7890324e
2026-10-01 23:45:28.458  INFO [notification-service] [traceId=NO_TRACE] [tenantId=default] [           main] com.zaxxer.hikari.HikariDataSource       : HikariPool-1 - Start completed.
2026-10-01 23:45:28.526  WARN [notification-service] [traceId=NO_TRACE] [tenantId=default] [           main] org.hibernate.orm.deprecation            : HHH90000025: MySQLDialect does not need to be specified explicitly using 'hibernate.dialect' (remove the property setting and it will be selected by default)
2026-10-01 23:45:28.670  INFO [notification-service] [traceId=NO_TRACE] [tenantId=default] [           main] org.hibernate.orm.connections.pooling    : HHH10001005: Database info:
	Database JDBC URL [Connecting through datasource 'HikariDataSource (HikariPool-1)']
	Database driver: undefined/unknown
	Database version: 8.0.33
	Autocommit mode: undefined/unknown
	Isolation level: undefined/unknown
	Minimum pool size: undefined/unknown
	Maximum pool size: undefined/unknown
2026-10-01 23:45:30.424  INFO [notification-service] [traceId=NO_TRACE] [tenantId=default] [           main] o.h.e.t.j.p.i.JtaPlatformInitiator       : HHH000489: No JTA platform available (set 'hibernate.transaction.jta.platform' to enable JTA platform integration)
2026-10-01 23:45:30.573  INFO [notification-service] [traceId=NO_TRACE] [tenantId=default] [           main] j.LocalContainerEntityManagerFactoryBean : Initialized JPA EntityManagerFactory for persistence unit 'default'
2026-10-01 23:45:31.162  INFO [notification-service] [traceId=NO_TRACE] [tenantId=default] [           main] com.liochio.common.security.JwtUtils     : [JwtUtils] Loaded RSA Private Key successfully from classpath:certs/rsa-private.pem
2026-10-01 23:45:31.276  INFO [notification-service] [traceId=NO_TRACE] [tenantId=default] [           main] com.liochio.common.security.JwtUtils     : [JwtUtils] Loaded RSA Public Key successfully from classpath:certs/rsa-public.pem
2026-10-01 23:45:34.018 DEBUG [notification-service] [traceId=NO_TRACE] [tenantId=default] [           main] c.l.c.security.JwtAuthenticationFilter   : Filter 'jwtAuthenticationFilter' configured for use
2026-10-01 23:45:34.018 DEBUG [notification-service] [traceId=NO_TRACE] [tenantId=default] [           main] c.liochio.common.filter.MdcTraceFilter   : Filter 'mdcTraceFilter' configured for use
2026-10-01 23:45:34.019 DEBUG [notification-service] [traceId=NO_TRACE] [tenantId=default] [           main] com.liochio.common.filter.TenantFilter   : Filter 'tenantFilter' configured for use
2026-10-01 23:45:34.019 DEBUG [notification-service] [traceId=NO_TRACE] [tenantId=default] [           main] c.l.c.security.RestCacheControlFilter    : Filter 'restCacheControlFilter' configured for use
2026-10-01 23:45:34.019 DEBUG [notification-service] [traceId=NO_TRACE] [tenantId=default] [           main] c.l.common.filter.AuditLoggingFilter     : Filter 'auditLoggingFilter' configured for use
2026-10-01 23:45:34.401  INFO [notification-service] [traceId=NO_TRACE] [tenantId=default] [           main] o.s.d.j.r.query.QueryEnhancerFactory     : Hibernate is in classpath; If applicable, HQL parser will be used.
2026-10-01 23:45:35.755  WARN [notification-service] [traceId=NO_TRACE] [tenantId=default] [           main] .s.s.UserDetailsServiceAutoConfiguration : 

Using generated security password: c84c7652-551a-42dd-9bfc-83262fc6bcf8

This generated password is for development use only. Your security configuration must be updated before running your application in production.

2026-10-01 23:45:35.787  INFO [notification-service] [traceId=NO_TRACE] [tenantId=default] [           main] r$InitializeUserDetailsManagerConfigurer : Global AuthenticationManager configured with UserDetailsService bean with name inMemoryUserDetailsManager
2026-10-01 23:45:39.364  INFO [notification-service] [traceId=NO_TRACE] [tenantId=default] [           main] DiscoveryClientOptionalArgsConfiguration : Eureka HTTP Client uses RestTemplate.
2026-10-01 23:45:39.569  INFO [notification-service] [traceId=NO_TRACE] [tenantId=default] [           main] o.s.m.s.b.SimpleBrokerMessageHandler     : Starting...
2026-10-01 23:45:39.571  INFO [notification-service] [traceId=NO_TRACE] [tenantId=default] [           main] o.s.m.s.b.SimpleBrokerMessageHandler     : BrokerAvailabilityEvent[available=true, SimpleBrokerMessageHandler [org.springframework.messaging.simp.broker.DefaultSubscriptionRegistry@4a6ad3c5]]
2026-10-01 23:45:39.571  INFO [notification-service] [traceId=NO_TRACE] [tenantId=default] [           main] o.s.m.s.b.SimpleBrokerMessageHandler     : Started.
2026-10-01 23:45:39.589  INFO [notification-service] [traceId=NO_TRACE] [tenantId=default] [           main] o.s.c.n.eureka.InstanceInfoFactory       : Setting initial instance status as: STARTING
2026-10-01 23:45:39.929  WARN [notification-service] [traceId=NO_TRACE] [tenantId=default] [           main] c.n.d.s.t.d.RetryableEurekaHttpClient    : Request execution failed with message: I/O error on GET request for "http://localhost:8761/eureka/apps/": Connect to http://localhost:8761 [localhost/127.0.0.1, localhost/0:0:0:0:0:0:0:1] failed: Connection refused: no further information
2026-10-01 23:45:39.929  WARN [notification-service] [traceId=NO_TRACE] [tenantId=default] [           main] com.netflix.discovery.DiscoveryClient    : Using default backup registry implementation which does not do anything.
2026-10-01 23:45:39.954  INFO [notification-service] [traceId=NO_TRACE] [tenantId=default] [           main] o.s.c.n.e.s.EurekaServiceRegistry        : Registering application NOTIFICATION-SERVICE with eureka with status UP
2026-10-01 23:45:39.973  INFO [notification-service] [traceId=NO_TRACE] [tenantId=default] [           main] o.s.b.w.embedded.tomcat.TomcatWebServer  : Tomcat started on port 8084 (http) with context path '/'
2026-10-01 23:45:39.975  INFO [notification-service] [traceId=NO_TRACE] [tenantId=default] [           main] .s.c.n.e.s.EurekaAutoServiceRegistration : Updating port to 8084
2026-10-01 23:45:39.999  WARN [notification-service] [traceId=NO_TRACE] [tenantId=default] [foReplicator-%d] c.n.d.s.t.d.RetryableEurekaHttpClient    : Request execution failed with message: I/O error on POST request for "http://localhost:8761/eureka/apps/NOTIFICATION-SERVICE": Connect to http://localhost:8761 [localhost/127.0.0.1, localhost/0:0:0:0:0:0:0:1] failed: Connection refused: no further information
2026-10-01 23:45:39.999  WARN [notification-service] [traceId=NO_TRACE] [tenantId=default] [foReplicator-%d] com.netflix.discovery.DiscoveryClient    : DiscoveryClient_NOTIFICATION-SERVICE/192.168.1.2:notification-service:8084 - registration failed Cannot execute request on any known server

com.netflix.discovery.shared.transport.TransportException: Cannot execute request on any known server
	at com.netflix.discovery.shared.transport.decorator.RetryableEurekaHttpClient.execute(RetryableEurekaHttpClient.java:112)
	at com.netflix.discovery.shared.transport.decorator.EurekaHttpClientDecorator.register(EurekaHttpClientDecorator.java:56)
	at com.netflix.discovery.shared.transport.decorator.EurekaHttpClientDecorator$1.execute(EurekaHttpClientDecorator.java:59)
	at com.netflix.discovery.shared.transport.decorator.SessionedEurekaHttpClient.execute(SessionedEurekaHttpClient.java:76)
	at com.netflix.discovery.shared.transport.decorator.EurekaHttpClientDecorator.register(EurekaHttpClientDecorator.java:56)
	at com.netflix.discovery.DiscoveryClient.register(DiscoveryClient.java:828)
	at com.netflix.discovery.InstanceInfoReplicator.run(InstanceInfoReplicator.java:125)
	at com.netflix.discovery.InstanceInfoReplicator$2.run(InstanceInfoReplicator.java:105)
	at java.base/java.util.concurrent.Executors$RunnableAdapter.call(Executors.java:539)
	at java.base/java.util.concurrent.FutureTask.run(FutureTask.java:264)
	at java.base/java.util.concurrent.ScheduledThreadPoolExecutor$ScheduledFutureTask.run(ScheduledThreadPoolExecutor.java:304)
	at java.base/java.util.concurrent.ThreadPoolExecutor.runWorker(ThreadPoolExecutor.java:1136)
	at java.base/java.util.concurrent.ThreadPoolExecutor$Worker.run(ThreadPoolExecutor.java:635)
	at java.base/java.lang.Thread.run(Thread.java:842)

2026-10-01 23:45:40.002  WARN [notification-service] [traceId=NO_TRACE] [tenantId=default] [foReplicator-%d] c.n.discovery.InstanceInfoReplicator     : There was a problem with the instance info replicator

com.netflix.discovery.shared.transport.TransportException: Cannot execute request on any known server
	at com.netflix.discovery.shared.transport.decorator.RetryableEurekaHttpClient.execute(RetryableEurekaHttpClient.java:112)
	at com.netflix.discovery.shared.transport.decorator.EurekaHttpClientDecorator.register(EurekaHttpClientDecorator.java:56)
	at com.netflix.discovery.shared.transport.decorator.EurekaHttpClientDecorator$1.execute(EurekaHttpClientDecorator.java:59)
	at com.netflix.discovery.shared.transport.decorator.SessionedEurekaHttpClient.execute(SessionedEurekaHttpClient.java:76)
	at com.netflix.discovery.shared.transport.decorator.EurekaHttpClientDecorator.register(EurekaHttpClientDecorator.java:56)
	at com.netflix.discovery.DiscoveryClient.register(DiscoveryClient.java:828)
	at com.netflix.discovery.InstanceInfoReplicator.run(InstanceInfoReplicator.java:125)
	at com.netflix.discovery.InstanceInfoReplicator$2.run(InstanceInfoReplicator.java:105)
	at java.base/java.util.concurrent.Executors$RunnableAdapter.call(Executors.java:539)
	at java.base/java.util.concurrent.FutureTask.run(FutureTask.java:264)
	at java.base/java.util.concurrent.ScheduledThreadPoolExecutor$ScheduledFutureTask.run(ScheduledThreadPoolExecutor.java:304)
	at java.base/java.util.concurrent.ThreadPoolExecutor.runWorker(ThreadPoolExecutor.java:1136)
	at java.base/java.util.concurrent.ThreadPoolExecutor$Worker.run(ThreadPoolExecutor.java:635)
	at java.base/java.lang.Thread.run(Thread.java:842)

2026-10-01 23:45:40.127  INFO [notification-service] [traceId=NO_TRACE] [tenantId=default] [           main] c.l.n.NotificationServiceApplication     : Started NotificationServiceApplication in 28.484 seconds (process running for 29.969)
2026-10-01 23:46:01.370  INFO [auth-service] [traceId=NO_TRACE] [tenantId=default] [           main] c.liochio.auth.AuthServiceApplication    : Starting AuthServiceApplication using Java 17.0.17 with PID 74744 (E:\Github\Back-end\Microservice\SpringBoot\auth-service\target\classes started by Liochio in E:\Github\Back-end\Microservice)
2026-10-01 23:46:01.373 DEBUG [auth-service] [traceId=NO_TRACE] [tenantId=default] [           main] c.liochio.auth.AuthServiceApplication    : Running with Spring Boot v3.4.3, Spring v6.2.3
2026-10-01 23:46:01.374  INFO [auth-service] [traceId=NO_TRACE] [tenantId=default] [           main] c.liochio.auth.AuthServiceApplication    : No active profile set, falling back to 1 default profile: "default"
2026-10-01 23:46:01.429  INFO [auth-service] [traceId=NO_TRACE] [tenantId=default] [           main] o.s.c.c.c.ConfigServerConfigDataLoader   : Fetching config from server at : http://localhost:8888/
2026-10-01 23:46:01.429  INFO [auth-service] [traceId=NO_TRACE] [tenantId=default] [           main] o.s.c.c.c.ConfigServerConfigDataLoader   : Exception on Url - http://localhost:8888/:org.springframework.web.client.ResourceAccessException: I/O error on GET request for "http://localhost:8888/auth-service/default": Connection refused: no further information. Will be trying the next url if available
2026-10-01 23:46:01.429  WARN [auth-service] [traceId=NO_TRACE] [tenantId=default] [           main] o.s.c.c.c.ConfigServerConfigDataLoader   : Could not locate PropertySource ([ConfigServerConfigDataResource@327120c8 uris = array<String>['http://localhost:8888/'], optional = true, profiles = 'default']): I/O error on GET request for "http://localhost:8888/auth-service/default": Connection refused: no further information
2026-10-01 23:46:01.429  INFO [auth-service] [traceId=NO_TRACE] [tenantId=default] [           main] o.s.c.c.c.ConfigServerConfigDataLoader   : Fetching config from server at : http://localhost:8888/
2026-10-01 23:46:01.431  INFO [auth-service] [traceId=NO_TRACE] [tenantId=default] [           main] o.s.c.c.c.ConfigServerConfigDataLoader   : Exception on Url - http://localhost:8888/:org.springframework.web.client.ResourceAccessException: I/O error on GET request for "http://localhost:8888/auth-service/default": Connection refused: no further information. Will be trying the next url if available
2026-10-01 23:46:01.431  WARN [auth-service] [traceId=NO_TRACE] [tenantId=default] [           main] o.s.c.c.c.ConfigServerConfigDataLoader   : Could not locate PropertySource ([ConfigServerConfigDataResource@2555fff0 uris = array<String>['http://localhost:8888/'], optional = true, profiles = 'default']): I/O error on GET request for "http://localhost:8888/auth-service/default": Connection refused: no further information
2026-10-01 23:46:01.431  INFO [auth-service] [traceId=NO_TRACE] [tenantId=default] [           main] o.s.c.c.c.ConfigServerConfigDataLoader   : Fetching config from server at : http://localhost:8888/
2026-10-01 23:46:01.431  INFO [auth-service] [traceId=NO_TRACE] [tenantId=default] [           main] o.s.c.c.c.ConfigServerConfigDataLoader   : Exception on Url - http://localhost:8888/:org.springframework.web.client.ResourceAccessException: I/O error on GET request for "http://localhost:8888/auth-service/default": Connection refused: no further information. Will be trying the next url if available
2026-10-01 23:46:01.431  WARN [auth-service] [traceId=NO_TRACE] [tenantId=default] [           main] o.s.c.c.c.ConfigServerConfigDataLoader   : Could not locate PropertySource ([ConfigServerConfigDataResource@70d2e40b uris = array<String>['http://localhost:8888/'], optional = true, profiles = 'default']): I/O error on GET request for "http://localhost:8888/auth-service/default": Connection refused: no further information
2026-10-01 23:46:09.168  INFO [auth-service] [traceId=NO_TRACE] [tenantId=default] [           main] .s.d.r.c.RepositoryConfigurationDelegate : Multiple Spring Data modules found, entering strict repository configuration mode
2026-10-01 23:46:09.170  INFO [auth-service] [traceId=NO_TRACE] [tenantId=default] [           main] .s.d.r.c.RepositoryConfigurationDelegate : Bootstrapping Spring Data JPA repositories in DEFAULT mode.
2026-10-01 23:46:09.669  INFO [auth-service] [traceId=NO_TRACE] [tenantId=default] [           main] .s.d.r.c.RepositoryConfigurationDelegate : Finished Spring Data repository scanning in 478 ms. Found 22 JPA repository interfaces.
2026-10-01 23:46:09.954  WARN [notification-service] [traceId=NO_TRACE] [tenantId=default] [reshExecutor-%d] c.n.d.s.t.d.RetryableEurekaHttpClient    : Request execution failed with message: I/O error on GET request for "http://localhost:8761/eureka/apps/": Connect to http://localhost:8761 [localhost/127.0.0.1, localhost/0:0:0:0:0:0:0:1] failed: Connection refused: no further information
2026-10-01 23:46:09.956  WARN [notification-service] [traceId=NO_TRACE] [tenantId=default] [beatExecutor-%d] c.n.d.s.t.d.RetryableEurekaHttpClient    : Request execution failed with message: I/O error on PUT request for "http://localhost:8761/eureka/apps/NOTIFICATION-SERVICE/192.168.1.2:notification-service:8084": Connect to http://localhost:8761 [localhost/127.0.0.1, localhost/0:0:0:0:0:0:0:1] failed: Connection refused: no further information
2026-10-01 23:46:09.956 ERROR [notification-service] [traceId=NO_TRACE] [tenantId=default] [beatExecutor-%d] com.netflix.discovery.DiscoveryClient    : DiscoveryClient_NOTIFICATION-SERVICE/192.168.1.2:notification-service:8084 - was unable to send heartbeat!

com.netflix.discovery.shared.transport.TransportException: Cannot execute request on any known server
	at com.netflix.discovery.shared.transport.decorator.RetryableEurekaHttpClient.execute(RetryableEurekaHttpClient.java:112)
	at com.netflix.discovery.shared.transport.decorator.EurekaHttpClientDecorator.sendHeartBeat(EurekaHttpClientDecorator.java:89)
	at com.netflix.discovery.shared.transport.decorator.EurekaHttpClientDecorator$3.execute(EurekaHttpClientDecorator.java:92)
	at com.netflix.discovery.shared.transport.decorator.SessionedEurekaHttpClient.execute(SessionedEurekaHttpClient.java:76)
	at com.netflix.discovery.shared.transport.decorator.EurekaHttpClientDecorator.sendHeartBeat(EurekaHttpClientDecorator.java:89)
	at com.netflix.discovery.DiscoveryClient.renew(DiscoveryClient.java:845)
	at com.netflix.discovery.DiscoveryClient$HeartbeatThread.run(DiscoveryClient.java:1402)
	at java.base/java.util.concurrent.Executors$RunnableAdapter.call(Executors.java:539)
	at java.base/java.util.concurrent.FutureTask.run(FutureTask.java:264)
	at java.base/java.util.concurrent.ThreadPoolExecutor.runWorker(ThreadPoolExecutor.java:1136)
	at java.base/java.util.concurrent.ThreadPoolExecutor$Worker.run(ThreadPoolExecutor.java:635)
	at java.base/java.lang.Thread.run(Thread.java:842)

2026-10-01 23:46:10.035  WARN [notification-service] [traceId=NO_TRACE] [tenantId=default] [foReplicator-%d] c.n.d.s.t.d.RetryableEurekaHttpClient    : Request execution failed with message: I/O error on POST request for "http://localhost:8761/eureka/apps/NOTIFICATION-SERVICE": Connect to http://localhost:8761 [localhost/127.0.0.1, localhost/0:0:0:0:0:0:0:1] failed: Connection refused: no further information
2026-10-01 23:46:10.036  WARN [notification-service] [traceId=NO_TRACE] [tenantId=default] [foReplicator-%d] com.netflix.discovery.DiscoveryClient    : DiscoveryClient_NOTIFICATION-SERVICE/192.168.1.2:notification-service:8084 - registration failed Cannot execute request on any known server

com.netflix.discovery.shared.transport.TransportException: Cannot execute request on any known server
	at com.netflix.discovery.shared.transport.decorator.RetryableEurekaHttpClient.execute(RetryableEurekaHttpClient.java:112)
	at com.netflix.discovery.shared.transport.decorator.EurekaHttpClientDecorator.register(EurekaHttpClientDecorator.java:56)
	at com.netflix.discovery.shared.transport.decorator.EurekaHttpClientDecorator$1.execute(EurekaHttpClientDecorator.java:59)
	at com.netflix.discovery.shared.transport.decorator.SessionedEurekaHttpClient.execute(SessionedEurekaHttpClient.java:76)
	at com.netflix.discovery.shared.transport.decorator.EurekaHttpClientDecorator.register(EurekaHttpClientDecorator.java:56)
	at com.netflix.discovery.DiscoveryClient.register(DiscoveryClient.java:828)
	at com.netflix.discovery.InstanceInfoReplicator.run(InstanceInfoReplicator.java:125)
	at java.base/java.util.concurrent.Executors$RunnableAdapter.call(Executors.java:539)
	at java.base/java.util.concurrent.FutureTask.run(FutureTask.java:264)
	at java.base/java.util.concurrent.ScheduledThreadPoolExecutor$ScheduledFutureTask.run(ScheduledThreadPoolExecutor.java:304)
	at java.base/java.util.concurrent.ThreadPoolExecutor.runWorker(ThreadPoolExecutor.java:1136)
	at java.base/java.util.concurrent.ThreadPoolExecutor$Worker.run(ThreadPoolExecutor.java:635)
	at java.base/java.lang.Thread.run(Thread.java:842)

2026-10-01 23:46:10.036  WARN [notification-service] [traceId=NO_TRACE] [tenantId=default] [foReplicator-%d] c.n.discovery.InstanceInfoReplicator     : There was a problem with the instance info replicator

com.netflix.discovery.shared.transport.TransportException: Cannot execute request on any known server
	at com.netflix.discovery.shared.transport.decorator.RetryableEurekaHttpClient.execute(RetryableEurekaHttpClient.java:112)
	at com.netflix.discovery.shared.transport.decorator.EurekaHttpClientDecorator.register(EurekaHttpClientDecorator.java:56)
	at com.netflix.discovery.shared.transport.decorator.EurekaHttpClientDecorator$1.execute(EurekaHttpClientDecorator.java:59)
	at com.netflix.discovery.shared.transport.decorator.SessionedEurekaHttpClient.execute(SessionedEurekaHttpClient.java:76)
	at com.netflix.discovery.shared.transport.decorator.EurekaHttpClientDecorator.register(EurekaHttpClientDecorator.java:56)
	at com.netflix.discovery.DiscoveryClient.register(DiscoveryClient.java:828)
	at com.netflix.discovery.InstanceInfoReplicator.run(InstanceInfoReplicator.java:125)
	at java.base/java.util.concurrent.Executors$RunnableAdapter.call(Executors.java:539)
	at java.base/java.util.concurrent.FutureTask.run(FutureTask.java:264)
	at java.base/java.util.concurrent.ScheduledThreadPoolExecutor$ScheduledFutureTask.run(ScheduledThreadPoolExecutor.java:304)
	at java.base/java.util.concurrent.ThreadPoolExecutor.runWorker(ThreadPoolExecutor.java:1136)
	at java.base/java.util.concurrent.ThreadPoolExecutor$Worker.run(ThreadPoolExecutor.java:635)
	at java.base/java.lang.Thread.run(Thread.java:842)

2026-10-01 23:46:10.549  INFO [auth-service] [traceId=NO_TRACE] [tenantId=default] [           main] .s.d.r.c.RepositoryConfigurationDelegate : Multiple Spring Data modules found, entering strict repository configuration mode
2026-10-01 23:46:10.553  INFO [auth-service] [traceId=NO_TRACE] [tenantId=default] [           main] .s.d.r.c.RepositoryConfigurationDelegate : Bootstrapping Spring Data Redis repositories in DEFAULT mode.
2026-10-01 23:46:10.604  INFO [auth-service] [traceId=NO_TRACE] [tenantId=default] [           main] .RepositoryConfigurationExtensionSupport : Spring Data Redis - Could not safely identify store assignment for repository candidate interface com.liochio.auth.repository.ApprovalHistoryRepository; If you want this repository to be a Redis repository, consider annotating your entities with one of these annotations: org.springframework.data.redis.core.RedisHash (preferred), or consider extending one of the following types with your repository: org.springframework.data.keyvalue.repository.KeyValueRepository
2026-10-01 23:46:10.605  INFO [auth-service] [traceId=NO_TRACE] [tenantId=default] [           main] .RepositoryConfigurationExtensionSupport : Spring Data Redis - Could not safely identify store assignment for repository candidate interface com.liochio.auth.repository.ApprovalRequestRepository; If you want this repository to be a Redis repository, consider annotating your entities with one of these annotations: org.springframework.data.redis.core.RedisHash (preferred), or consider extending one of the following types with your repository: org.springframework.data.keyvalue.repository.KeyValueRepository
2026-10-01 23:46:10.606  INFO [auth-service] [traceId=NO_TRACE] [tenantId=default] [           main] .RepositoryConfigurationExtensionSupport : Spring Data Redis - Could not safely identify store assignment for repository candidate interface com.liochio.auth.repository.CustomerOnboardingGateRepository; If you want this repository to be a Redis repository, consider annotating your entities with one of these annotations: org.springframework.data.redis.core.RedisHash (preferred), or consider extending one of the following types with your repository: org.springframework.data.keyvalue.repository.KeyValueRepository
2026-10-01 23:46:10.606  INFO [auth-service] [traceId=NO_TRACE] [tenantId=default] [           main] .RepositoryConfigurationExtensionSupport : Spring Data Redis - Could not safely identify store assignment for repository candidate interface com.liochio.auth.repository.MasterPermissionRepository; If you want this repository to be a Redis repository, consider annotating your entities with one of these annotations: org.springframework.data.redis.core.RedisHash (preferred), or consider extending one of the following types with your repository: org.springframework.data.keyvalue.repository.KeyValueRepository
2026-10-01 23:46:10.615  INFO [auth-service] [traceId=NO_TRACE] [tenantId=default] [           main] .RepositoryConfigurationExtensionSupport : Spring Data Redis - Could not safely identify store assignment for repository candidate interface com.liochio.auth.repository.PermissionRepository; If you want this repository to be a Redis repository, consider annotating your entities with one of these annotations: org.springframework.data.redis.core.RedisHash (preferred), or consider extending one of the following types with your repository: org.springframework.data.keyvalue.repository.KeyValueRepository
2026-10-01 23:46:10.617  INFO [auth-service] [traceId=NO_TRACE] [tenantId=default] [           main] .RepositoryConfigurationExtensionSupport : Spring Data Redis - Could not safely identify store assignment for repository candidate interface com.liochio.auth.repository.QrLoginSessionRepository; If you want this repository to be a Redis repository, consider annotating your entities with one of these annotations: org.springframework.data.redis.core.RedisHash (preferred), or consider extending one of the following types with your repository: org.springframework.data.keyvalue.repository.KeyValueRepository
2026-10-01 23:46:10.618  INFO [auth-service] [traceId=NO_TRACE] [tenantId=default] [           main] .RepositoryConfigurationExtensionSupport : Spring Data Redis - Could not safely identify store assignment for repository candidate interface com.liochio.auth.repository.RoleRepository; If you want this repository to be a Redis repository, consider annotating your entities with one of these annotations: org.springframework.data.redis.core.RedisHash (preferred), or consider extending one of the following types with your repository: org.springframework.data.keyvalue.repository.KeyValueRepository
2026-10-01 23:46:10.618  INFO [auth-service] [traceId=NO_TRACE] [tenantId=default] [           main] .RepositoryConfigurationExtensionSupport : Spring Data Redis - Could not safely identify store assignment for repository candidate interface com.liochio.auth.repository.SecurityLoginHistoryRepository; If you want this repository to be a Redis repository, consider annotating your entities with one of these annotations: org.springframework.data.redis.core.RedisHash (preferred), or consider extending one of the following types with your repository: org.springframework.data.keyvalue.repository.KeyValueRepository
2026-10-01 23:46:10.619  INFO [auth-service] [traceId=NO_TRACE] [tenantId=default] [           main] .RepositoryConfigurationExtensionSupport : Spring Data Redis - Could not safely identify store assignment for repository candidate interface com.liochio.auth.repository.SystemFeatureRepository; If you want this repository to be a Redis repository, consider annotating your entities with one of these annotations: org.springframework.data.redis.core.RedisHash (preferred), or consider extending one of the following types with your repository: org.springframework.data.keyvalue.repository.KeyValueRepository
2026-10-01 23:46:10.619  INFO [auth-service] [traceId=NO_TRACE] [tenantId=default] [           main] .RepositoryConfigurationExtensionSupport : Spring Data Redis - Could not safely identify store assignment for repository candidate interface com.liochio.auth.repository.TenantFeatureRepository; If you want this repository to be a Redis repository, consider annotating your entities with one of these annotations: org.springframework.data.redis.core.RedisHash (preferred), or consider extending one of the following types with your repository: org.springframework.data.keyvalue.repository.KeyValueRepository
2026-10-01 23:46:10.620  INFO [auth-service] [traceId=NO_TRACE] [tenantId=default] [           main] .RepositoryConfigurationExtensionSupport : Spring Data Redis - Could not safely identify store assignment for repository candidate interface com.liochio.auth.repository.TenantRepository; If you want this repository to be a Redis repository, consider annotating your entities with one of these annotations: org.springframework.data.redis.core.RedisHash (preferred), or consider extending one of the following types with your repository: org.springframework.data.keyvalue.repository.KeyValueRepository
2026-10-01 23:46:10.621  INFO [auth-service] [traceId=NO_TRACE] [tenantId=default] [           main] .RepositoryConfigurationExtensionSupport : Spring Data Redis - Could not safely identify store assignment for repository candidate interface com.liochio.auth.repository.TenantRoleRepository; If you want this repository to be a Redis repository, consider annotating your entities with one of these annotations: org.springframework.data.redis.core.RedisHash (preferred), or consider extending one of the following types with your repository: org.springframework.data.keyvalue.repository.KeyValueRepository
2026-10-01 23:46:10.621  INFO [auth-service] [traceId=NO_TRACE] [tenantId=default] [           main] .RepositoryConfigurationExtensionSupport : Spring Data Redis - Could not safely identify store assignment for repository candidate interface com.liochio.auth.repository.TenantUserRoleRepository; If you want this repository to be a Redis repository, consider annotating your entities with one of these annotations: org.springframework.data.redis.core.RedisHash (preferred), or consider extending one of the following types with your repository: org.springframework.data.keyvalue.repository.KeyValueRepository
2026-10-01 23:46:10.622  INFO [auth-service] [traceId=NO_TRACE] [tenantId=default] [           main] .RepositoryConfigurationExtensionSupport : Spring Data Redis - Could not safely identify store assignment for repository candidate interface com.liochio.auth.repository.UserDeviceRepository; If you want this repository to be a Redis repository, consider annotating your entities with one of these annotations: org.springframework.data.redis.core.RedisHash (preferred), or consider extending one of the following types with your repository: org.springframework.data.keyvalue.repository.KeyValueRepository
2026-10-01 23:46:10.622  INFO [auth-service] [traceId=NO_TRACE] [tenantId=default] [           main] .RepositoryConfigurationExtensionSupport : Spring Data Redis - Could not safely identify store assignment for repository candidate interface com.liochio.auth.repository.UserRepository; If you want this repository to be a Redis repository, consider annotating your entities with one of these annotations: org.springframework.data.redis.core.RedisHash (preferred), or consider extending one of the following types with your repository: org.springframework.data.keyvalue.repository.KeyValueRepository
2026-10-01 23:46:10.626  INFO [auth-service] [traceId=NO_TRACE] [tenantId=default] [           main] .RepositoryConfigurationExtensionSupport : Spring Data Redis - Could not safely identify store assignment for repository candidate interface com.liochio.auth.repository.UserSessionRepository; If you want this repository to be a Redis repository, consider annotating your entities with one of these annotations: org.springframework.data.redis.core.RedisHash (preferred), or consider extending one of the following types with your repository: org.springframework.data.keyvalue.repository.KeyValueRepository
2026-10-01 23:46:10.626  INFO [auth-service] [traceId=NO_TRACE] [tenantId=default] [           main] .s.d.r.c.RepositoryConfigurationDelegate : Finished Spring Data repository scanning in 50 ms. Found 0 Redis repository interfaces.
2026-10-01 23:46:11.214  INFO [auth-service] [traceId=NO_TRACE] [tenantId=default] [           main] o.s.cloud.context.scope.GenericScope     : BeanFactory id=3350c86f-138f-3c41-854c-8576b987e8d6
2026-10-01 23:46:12.406  INFO [auth-service] [traceId=NO_TRACE] [tenantId=default] [           main] o.s.b.w.embedded.tomcat.TomcatWebServer  : Tomcat initialized with port 8081 (http)
2026-10-01 23:46:12.423  INFO [auth-service] [traceId=NO_TRACE] [tenantId=default] [           main] o.apache.catalina.core.StandardService   : Starting service [Tomcat]
2026-10-01 23:46:12.423  INFO [auth-service] [traceId=NO_TRACE] [tenantId=default] [           main] o.apache.catalina.core.StandardEngine    : Starting Servlet engine: [Apache Tomcat/10.1.36]
2026-10-01 23:46:12.571  INFO [auth-service] [traceId=NO_TRACE] [tenantId=default] [           main] o.a.c.c.C.[Tomcat].[localhost].[/]       : Initializing Spring embedded WebApplicationContext
2026-10-01 23:46:12.577  INFO [auth-service] [traceId=NO_TRACE] [tenantId=default] [           main] w.s.c.ServletWebServerApplicationContext : Root WebApplicationContext: initialization completed in 11143 ms
2026-10-01 23:46:13.390  INFO [auth-service] [traceId=NO_TRACE] [tenantId=default] [           main] o.hibernate.jpa.internal.util.LogHelper  : HHH000204: Processing PersistenceUnitInfo [name: default]
2026-10-01 23:46:13.518  INFO [auth-service] [traceId=NO_TRACE] [tenantId=default] [           main] org.hibernate.Version                    : HHH000412: Hibernate ORM core version 6.6.8.Final
2026-10-01 23:46:13.588  INFO [auth-service] [traceId=NO_TRACE] [tenantId=default] [           main] o.h.c.internal.RegionFactoryInitiator    : HHH000026: Second-level cache disabled
2026-10-01 23:46:14.209  INFO [auth-service] [traceId=NO_TRACE] [tenantId=default] [           main] o.s.o.j.p.SpringPersistenceUnitInfo      : No LoadTimeWeaver setup: ignoring JPA class transformer
2026-10-01 23:46:14.249  INFO [auth-service] [traceId=NO_TRACE] [tenantId=default] [           main] com.zaxxer.hikari.HikariDataSource       : HikariPool-1 - Starting...
2026-10-01 23:46:14.475  INFO [auth-service] [traceId=NO_TRACE] [tenantId=default] [           main] com.zaxxer.hikari.pool.HikariPool        : HikariPool-1 - Added connection com.mysql.cj.jdbc.ConnectionImpl@648f48d3
2026-10-01 23:46:14.478  INFO [auth-service] [traceId=NO_TRACE] [tenantId=default] [           main] com.zaxxer.hikari.HikariDataSource       : HikariPool-1 - Start completed.
2026-10-01 23:46:14.560  WARN [auth-service] [traceId=NO_TRACE] [tenantId=default] [           main] org.hibernate.orm.deprecation            : HHH90000025: MySQLDialect does not need to be specified explicitly using 'hibernate.dialect' (remove the property setting and it will be selected by default)
2026-10-01 23:46:14.591  INFO [auth-service] [traceId=NO_TRACE] [tenantId=default] [           main] org.hibernate.orm.connections.pooling    : HHH10001005: Database info:
	Database JDBC URL [Connecting through datasource 'HikariDataSource (HikariPool-1)']
	Database driver: undefined/unknown
	Database version: 8.0.33
	Autocommit mode: undefined/unknown
	Isolation level: undefined/unknown
	Minimum pool size: undefined/unknown
	Maximum pool size: undefined/unknown
2026-10-01 23:46:16.956  INFO [auth-service] [traceId=NO_TRACE] [tenantId=default] [           main] o.h.e.t.j.p.i.JtaPlatformInitiator       : HHH000489: No JTA platform available (set 'hibernate.transaction.jta.platform' to enable JTA platform integration)
2026-10-01 23:46:17.177  WARN [auth-service] [traceId=NO_TRACE] [tenantId=default] [           main] o.h.t.s.i.ExceptionHandlerLoggedImpl     : GenerationTarget encountered exception accepting command : Error executing DDL "alter table outbox_events modify column status enum ('FAILED','PENDING','PROCESSING','PUBLISHED') not null" via JDBC [Data truncated for column 'status' at row 1]

org.hibernate.tool.schema.spi.CommandAcceptanceException: Error executing DDL "alter table outbox_events modify column status enum ('FAILED','PENDING','PROCESSING','PUBLISHED') not null" via JDBC [Data truncated for column 'status' at row 1]
	at org.hibernate.tool.schema.internal.exec.GenerationTargetToDatabase.accept(GenerationTargetToDatabase.java:94)
	at org.hibernate.tool.schema.internal.AbstractSchemaMigrator.applySqlString(AbstractSchemaMigrator.java:576)
	at org.hibernate.tool.schema.internal.AbstractSchemaMigrator.applySqlStrings(AbstractSchemaMigrator.java:516)
	at org.hibernate.tool.schema.internal.AbstractSchemaMigrator.migrateTable(AbstractSchemaMigrator.java:334)
	at org.hibernate.tool.schema.internal.GroupedSchemaMigratorImpl.performTablesMigration(GroupedSchemaMigratorImpl.java:84)
	at org.hibernate.tool.schema.internal.AbstractSchemaMigrator.performMigration(AbstractSchemaMigrator.java:233)
	at org.hibernate.tool.schema.internal.AbstractSchemaMigrator.doMigration(AbstractSchemaMigrator.java:112)
	at org.hibernate.tool.schema.spi.SchemaManagementToolCoordinator.performDatabaseAction(SchemaManagementToolCoordinator.java:280)
	at org.hibernate.tool.schema.spi.SchemaManagementToolCoordinator.lambda$process$5(SchemaManagementToolCoordinator.java:144)
	at java.base/java.util.HashMap.forEach(HashMap.java:1421)
	at org.hibernate.tool.schema.spi.SchemaManagementToolCoordinator.process(SchemaManagementToolCoordinator.java:141)
	at org.hibernate.boot.internal.SessionFactoryObserverForSchemaExport.sessionFactoryCreated(SessionFactoryObserverForSchemaExport.java:37)
	at org.hibernate.internal.SessionFactoryObserverChain.sessionFactoryCreated(SessionFactoryObserverChain.java:35)
	at org.hibernate.internal.SessionFactoryImpl.<init>(SessionFactoryImpl.java:324)
	at org.hibernate.boot.internal.SessionFactoryBuilderImpl.build(SessionFactoryBuilderImpl.java:463)
	at org.hibernate.jpa.boot.internal.EntityManagerFactoryBuilderImpl.build(EntityManagerFactoryBuilderImpl.java:1517)
	at org.springframework.orm.jpa.vendor.SpringHibernateJpaPersistenceProvider.createContainerEntityManagerFactory(SpringHibernateJpaPersistenceProvider.java:66)
	at org.springframework.orm.jpa.LocalContainerEntityManagerFactoryBean.createNativeEntityManagerFactory(LocalContainerEntityManagerFactoryBean.java:390)
	at org.springframework.orm.jpa.AbstractEntityManagerFactoryBean.buildNativeEntityManagerFactory(AbstractEntityManagerFactoryBean.java:419)
	at org.springframework.orm.jpa.AbstractEntityManagerFactoryBean.afterPropertiesSet(AbstractEntityManagerFactoryBean.java:400)
	at org.springframework.orm.jpa.LocalContainerEntityManagerFactoryBean.afterPropertiesSet(LocalContainerEntityManagerFactoryBean.java:366)
	at org.springframework.beans.factory.support.AbstractAutowireCapableBeanFactory.invokeInitMethods(AbstractAutowireCapableBeanFactory.java:1859)
	at org.springframework.beans.factory.support.AbstractAutowireCapableBeanFactory.initializeBean(AbstractAutowireCapableBeanFactory.java:1808)
	at org.springframework.beans.factory.support.AbstractAutowireCapableBeanFactory.doCreateBean(AbstractAutowireCapableBeanFactory.java:601)
	at org.springframework.beans.factory.support.AbstractAutowireCapableBeanFactory.createBean(AbstractAutowireCapableBeanFactory.java:523)
	at org.springframework.beans.factory.support.AbstractBeanFactory.lambda$doGetBean$0(AbstractBeanFactory.java:339)
	at org.springframework.beans.factory.support.DefaultSingletonBeanRegistry.getSingleton(DefaultSingletonBeanRegistry.java:346)
	at org.springframework.beans.factory.support.AbstractBeanFactory.doGetBean(AbstractBeanFactory.java:337)
	at org.springframework.beans.factory.support.AbstractBeanFactory.getBean(AbstractBeanFactory.java:202)
	at org.springframework.beans.factory.support.BeanDefinitionValueResolver.resolveReference(BeanDefinitionValueResolver.java:365)
	at org.springframework.beans.factory.support.BeanDefinitionValueResolver.resolveValueIfNecessary(BeanDefinitionValueResolver.java:135)
	at org.springframework.beans.factory.support.ConstructorResolver.resolveConstructorArguments(ConstructorResolver.java:691)
	at org.springframework.beans.factory.support.ConstructorResolver.instantiateUsingFactoryMethod(ConstructorResolver.java:513)
	at org.springframework.beans.factory.support.AbstractAutowireCapableBeanFactory.instantiateUsingFactoryMethod(AbstractAutowireCapableBeanFactory.java:1361)
	at org.springframework.beans.factory.support.AbstractAutowireCapableBeanFactory.createBeanInstance(AbstractAutowireCapableBeanFactory.java:1191)
	at org.springframework.beans.factory.support.AbstractAutowireCapableBeanFactory.doCreateBean(AbstractAutowireCapableBeanFactory.java:563)
	at org.springframework.beans.factory.support.AbstractAutowireCapableBeanFactory.createBean(AbstractAutowireCapableBeanFactory.java:523)
	at org.springframework.beans.factory.support.AbstractBeanFactory.lambda$doGetBean$0(AbstractBeanFactory.java:339)
	at org.springframework.beans.factory.support.DefaultSingletonBeanRegistry.getSingleton(DefaultSingletonBeanRegistry.java:346)
	at org.springframework.beans.factory.support.AbstractBeanFactory.doGetBean(AbstractBeanFactory.java:337)
	at org.springframework.beans.factory.support.AbstractBeanFactory.getBean(AbstractBeanFactory.java:202)
	at org.springframework.beans.factory.support.BeanDefinitionValueResolver.resolveReference(BeanDefinitionValueResolver.java:365)
	at org.springframework.beans.factory.support.BeanDefinitionValueResolver.resolveValueIfNecessary(BeanDefinitionValueResolver.java:135)
	at org.springframework.beans.factory.support.AbstractAutowireCapableBeanFactory.applyPropertyValues(AbstractAutowireCapableBeanFactory.java:1711)
	at org.springframework.beans.factory.support.AbstractAutowireCapableBeanFactory.populateBean(AbstractAutowireCapableBeanFactory.java:1460)
	at org.springframework.beans.factory.support.AbstractAutowireCapableBeanFactory.doCreateBean(AbstractAutowireCapableBeanFactory.java:600)
	at org.springframework.beans.factory.support.AbstractAutowireCapableBeanFactory.createBean(AbstractAutowireCapableBeanFactory.java:523)
	at org.springframework.beans.factory.support.AbstractBeanFactory.lambda$doGetBean$0(AbstractBeanFactory.java:339)
	at org.springframework.beans.factory.support.DefaultSingletonBeanRegistry.getSingleton(DefaultSingletonBeanRegistry.java:346)
	at org.springframework.beans.factory.support.AbstractBeanFactory.doGetBean(AbstractBeanFactory.java:337)
	at org.springframework.beans.factory.support.AbstractBeanFactory.getBean(AbstractBeanFactory.java:202)
	at org.springframework.beans.factory.support.DefaultListableBeanFactory.doResolveDependency(DefaultListableBeanFactory.java:1606)
	at org.springframework.beans.factory.support.DefaultListableBeanFactory.resolveDependency(DefaultListableBeanFactory.java:1552)
	at org.springframework.beans.factory.annotation.AutowiredAnnotationBeanPostProcessor$AutowiredFieldElement.resolveFieldValue(AutowiredAnnotationBeanPostProcessor.java:785)
	at org.springframework.beans.factory.annotation.AutowiredAnnotationBeanPostProcessor$AutowiredFieldElement.inject(AutowiredAnnotationBeanPostProcessor.java:768)
	at org.springframework.beans.factory.annotation.InjectionMetadata.inject(InjectionMetadata.java:146)
	at org.springframework.beans.factory.annotation.AutowiredAnnotationBeanPostProcessor.postProcessProperties(AutowiredAnnotationBeanPostProcessor.java:509)
	at org.springframework.beans.factory.support.AbstractAutowireCapableBeanFactory.populateBean(AbstractAutowireCapableBeanFactory.java:1445)
	at org.springframework.beans.factory.support.AbstractAutowireCapableBeanFactory.doCreateBean(AbstractAutowireCapableBeanFactory.java:600)
	at org.springframework.beans.factory.support.AbstractAutowireCapableBeanFactory.createBean(AbstractAutowireCapableBeanFactory.java:523)
	at org.springframework.beans.factory.support.AbstractBeanFactory.lambda$doGetBean$0(AbstractBeanFactory.java:339)
	at org.springframework.beans.factory.support.DefaultSingletonBeanRegistry.getSingleton(DefaultSingletonBeanRegistry.java:346)
	at org.springframework.beans.factory.support.AbstractBeanFactory.doGetBean(AbstractBeanFactory.java:337)
	at org.springframework.beans.factory.support.AbstractBeanFactory.getBean(AbstractBeanFactory.java:207)
	at org.springframework.boot.web.servlet.ServletContextInitializerBeans.getOrderedBeansOfType(ServletContextInitializerBeans.java:211)
	at org.springframework.boot.web.servlet.ServletContextInitializerBeans.addAsRegistrationBean(ServletContextInitializerBeans.java:174)
	at org.springframework.boot.web.servlet.ServletContextInitializerBeans.addAsRegistrationBean(ServletContextInitializerBeans.java:169)
	at org.springframework.boot.web.servlet.ServletContextInitializerBeans.addAdaptableBeans(ServletContextInitializerBeans.java:154)
	at org.springframework.boot.web.servlet.ServletContextInitializerBeans.<init>(ServletContextInitializerBeans.java:87)
	at org.springframework.boot.web.servlet.context.ServletWebServerApplicationContext.getServletContextInitializerBeans(ServletWebServerApplicationContext.java:271)
	at org.springframework.boot.web.servlet.context.ServletWebServerApplicationContext.selfInitialize(ServletWebServerApplicationContext.java:245)
	at org.springframework.boot.web.embedded.tomcat.TomcatStarter.onStartup(TomcatStarter.java:52)
	at org.apache.catalina.core.StandardContext.startInternal(StandardContext.java:4467)
	at org.apache.catalina.util.LifecycleBase.start(LifecycleBase.java:164)
	at org.apache.catalina.core.ContainerBase$StartChild.call(ContainerBase.java:1203)
	at org.apache.catalina.core.ContainerBase$StartChild.call(ContainerBase.java:1193)
	at java.base/java.util.concurrent.FutureTask.run(FutureTask.java:264)
	at org.apache.tomcat.util.threads.InlineExecutorService.execute(InlineExecutorService.java:75)
	at java.base/java.util.concurrent.AbstractExecutorService.submit(AbstractExecutorService.java:145)
	at org.apache.catalina.core.ContainerBase.startInternal(ContainerBase.java:749)
	at org.apache.catalina.core.StandardHost.startInternal(StandardHost.java:772)
	at org.apache.catalina.util.LifecycleBase.start(LifecycleBase.java:164)
	at org.apache.catalina.core.ContainerBase$StartChild.call(ContainerBase.java:1203)
	at org.apache.catalina.core.ContainerBase$StartChild.call(ContainerBase.java:1193)
	at java.base/java.util.concurrent.FutureTask.run(FutureTask.java:264)
	at org.apache.tomcat.util.threads.InlineExecutorService.execute(InlineExecutorService.java:75)
	at java.base/java.util.concurrent.AbstractExecutorService.submit(AbstractExecutorService.java:145)
	at org.apache.catalina.core.ContainerBase.startInternal(ContainerBase.java:749)
	at org.apache.catalina.core.StandardEngine.startInternal(StandardEngine.java:203)
	at org.apache.catalina.util.LifecycleBase.start(LifecycleBase.java:164)
	at org.apache.catalina.core.StandardService.startInternal(StandardService.java:415)
	at org.apache.catalina.util.LifecycleBase.start(LifecycleBase.java:164)
	at org.apache.catalina.core.StandardServer.startInternal(StandardServer.java:870)
	at org.apache.catalina.util.LifecycleBase.start(LifecycleBase.java:164)
	at org.apache.catalina.startup.Tomcat.start(Tomcat.java:437)
	at org.springframework.boot.web.embedded.tomcat.TomcatWebServer.initialize(TomcatWebServer.java:128)
	at org.springframework.boot.web.embedded.tomcat.TomcatWebServer.<init>(TomcatWebServer.java:107)
	at org.springframework.boot.web.embedded.tomcat.TomcatServletWebServerFactory.getTomcatWebServer(TomcatServletWebServerFactory.java:520)
	at org.springframework.boot.web.embedded.tomcat.TomcatServletWebServerFactory.getWebServer(TomcatServletWebServerFactory.java:222)
	at org.springframework.boot.web.servlet.context.ServletWebServerApplicationContext.createWebServer(ServletWebServerApplicationContext.java:193)
	at org.springframework.boot.web.servlet.context.ServletWebServerApplicationContext.onRefresh(ServletWebServerApplicationContext.java:167)
	at org.springframework.context.support.AbstractApplicationContext.refresh(AbstractApplicationContext.java:621)
	at org.springframework.boot.web.servlet.context.ServletWebServerApplicationContext.refresh(ServletWebServerApplicationContext.java:146)
	at org.springframework.boot.SpringApplication.refresh(SpringApplication.java:752)
	at org.springframework.boot.SpringApplication.refreshContext(SpringApplication.java:439)
	at org.springframework.boot.SpringApplication.run(SpringApplication.java:318)
	at org.springframework.boot.SpringApplication.run(SpringApplication.java:1361)
	at org.springframework.boot.SpringApplication.run(SpringApplication.java:1350)
	at com.liochio.auth.AuthServiceApplication.main(AuthServiceApplication.java:29)
Caused by: java.sql.SQLException: Data truncated for column 'status' at row 1
	at com.mysql.cj.jdbc.exceptions.SQLError.createSQLException(SQLError.java:130)
	at com.mysql.cj.jdbc.exceptions.SQLExceptionsMapping.translateException(SQLExceptionsMapping.java:122)
	at com.mysql.cj.jdbc.StatementImpl.executeInternal(StatementImpl.java:770)
	at com.mysql.cj.jdbc.StatementImpl.execute(StatementImpl.java:653)
	at com.zaxxer.hikari.pool.ProxyStatement.execute(ProxyStatement.java:94)
	at com.zaxxer.hikari.pool.HikariProxyStatement.execute(HikariProxyStatement.java)
	at org.hibernate.tool.schema.internal.exec.GenerationTargetToDatabase.accept(GenerationTargetToDatabase.java:80)
	... 108 common frames omitted

2026-10-01 23:46:17.396  INFO [auth-service] [traceId=NO_TRACE] [tenantId=default] [           main] j.LocalContainerEntityManagerFactoryBean : Initialized JPA EntityManagerFactory for persistence unit 'default'
2026-10-01 23:46:18.370  INFO [auth-service] [traceId=NO_TRACE] [tenantId=default] [           main] com.liochio.common.security.JwtUtils     : [JwtUtils] Loaded RSA Private Key successfully from classpath:certs/rsa-private.pem
2026-10-01 23:46:18.450  INFO [auth-service] [traceId=NO_TRACE] [tenantId=default] [           main] com.liochio.common.security.JwtUtils     : [JwtUtils] Loaded RSA Public Key successfully from classpath:certs/rsa-public.pem
2026-10-01 23:46:19.377 DEBUG [auth-service] [traceId=NO_TRACE] [tenantId=default] [           main] c.l.c.security.JwtAuthenticationFilter   : Filter 'jwtAuthenticationFilter' configured for use
2026-10-01 23:46:19.378 DEBUG [auth-service] [traceId=NO_TRACE] [tenantId=default] [           main] c.liochio.common.filter.MdcTraceFilter   : Filter 'mdcTraceFilter' configured for use
2026-10-01 23:46:19.378 DEBUG [auth-service] [traceId=NO_TRACE] [tenantId=default] [           main] com.liochio.common.filter.TenantFilter   : Filter 'tenantFilter' configured for use
2026-10-01 23:46:19.378 DEBUG [auth-service] [traceId=NO_TRACE] [tenantId=default] [           main] c.l.c.security.RestCacheControlFilter    : Filter 'restCacheControlFilter' configured for use
2026-10-01 23:46:19.378 DEBUG [auth-service] [traceId=NO_TRACE] [tenantId=default] [           main] c.l.common.filter.AuditLoggingFilter     : Filter 'auditLoggingFilter' configured for use
2026-10-01 23:46:19.611  INFO [auth-service] [traceId=NO_TRACE] [tenantId=default] [           main] o.s.d.j.r.query.QueryEnhancerFactory     : Hibernate is in classpath; If applicable, HQL parser will be used.
2026-10-01 23:46:25.776  WARN [auth-service] [traceId=NO_TRACE] [tenantId=default] [           main] .s.s.UserDetailsServiceAutoConfiguration : 

Using generated security password: 9c799e9e-da03-42a0-bcd9-0f7d3830f665

This generated password is for development use only. Your security configuration must be updated before running your application in production.

2026-10-01 23:46:25.826  INFO [auth-service] [traceId=NO_TRACE] [tenantId=default] [           main] r$InitializeUserDetailsManagerConfigurer : Global AuthenticationManager configured with UserDetailsService bean with name inMemoryUserDetailsManager
2026-10-01 23:46:33.424  INFO [auth-service] [traceId=NO_TRACE] [tenantId=default] [           main] DiscoveryClientOptionalArgsConfiguration : Eureka HTTP Client uses RestTemplate.
2026-10-01 23:46:33.784  INFO [auth-service] [traceId=NO_TRACE] [tenantId=default] [           main] o.s.b.w.embedded.tomcat.TomcatWebServer  : Tomcat started on port 8081 (http) with context path '/'
2026-10-01 23:46:33.997  INFO [auth-service] [traceId=NO_TRACE] [tenantId=default] [           main] c.liochio.auth.AuthServiceApplication    : Started AuthServiceApplication in 34.08 seconds (process running for 40.256)
2026-10-01 23:46:39.564  INFO [notification-service] [traceId=NO_TRACE] [tenantId=default] [MessageBroker-1] o.s.w.s.c.WebSocketMessageBrokerStats    : WebSocketSession[0 current WS(0)-HttpStream(0)-HttpPoll(0), 0 total, 0 closed abnormally (0 connect failure, 0 send limit, 0 transport error)], stompSubProtocol[processed CONNECT(0)-CONNECTED(0)-DISCONNECT(0)], stompBrokerRelay[null], inboundChannel[pool size = 0, active threads = 0, queued tasks = 0, completed tasks = 0], outboundChannel[pool size = 0, active threads = 0, queued tasks = 0, completed tasks = 0], sockJsScheduler[pool size = 1, active threads = 1, queued tasks = 0, completed tasks = 0]
2026-10-01 23:46:40.089  WARN [notification-service] [traceId=NO_TRACE] [tenantId=default] [reshExecutor-%d] c.n.d.s.t.d.RetryableEurekaHttpClient    : Request execution failed with message: I/O error on GET request for "http://localhost:8761/eureka/apps/": Connect to http://localhost:8761 [localhost/127.0.0.1, localhost/0:0:0:0:0:0:0:1] failed: Connection refused: no further information
2026-10-01 23:46:40.109  WARN [notification-service] [traceId=NO_TRACE] [tenantId=default] [beatExecutor-%d] c.n.d.s.t.d.RetryableEurekaHttpClient    : Request execution failed with message: I/O error on PUT request for "http://localhost:8761/eureka/apps/NOTIFICATION-SERVICE/192.168.1.2:notification-service:8084": Connect to http://localhost:8761 [localhost/127.0.0.1, localhost/0:0:0:0:0:0:0:1] failed: Connection refused: no further information
2026-10-01 23:46:40.109 ERROR [notification-service] [traceId=NO_TRACE] [tenantId=default] [beatExecutor-%d] com.netflix.discovery.DiscoveryClient    : DiscoveryClient_NOTIFICATION-SERVICE/192.168.1.2:notification-service:8084 - was unable to send heartbeat!

com.netflix.discovery.shared.transport.TransportException: Cannot execute request on any known server
	at com.netflix.discovery.shared.transport.decorator.RetryableEurekaHttpClient.execute(RetryableEurekaHttpClient.java:112)
	at com.netflix.discovery.shared.transport.decorator.EurekaHttpClientDecorator.sendHeartBeat(EurekaHttpClientDecorator.java:89)
	at com.netflix.discovery.shared.transport.decorator.EurekaHttpClientDecorator$3.execute(EurekaHttpClientDecorator.java:92)
	at com.netflix.discovery.shared.transport.decorator.SessionedEurekaHttpClient.execute(SessionedEurekaHttpClient.java:76)
	at com.netflix.discovery.shared.transport.decorator.EurekaHttpClientDecorator.sendHeartBeat(EurekaHttpClientDecorator.java:89)
	at com.netflix.discovery.DiscoveryClient.renew(DiscoveryClient.java:845)
	at com.netflix.discovery.DiscoveryClient$HeartbeatThread.run(DiscoveryClient.java:1402)
	at java.base/java.util.concurrent.Executors$RunnableAdapter.call(Executors.java:539)
	at java.base/java.util.concurrent.FutureTask.run(FutureTask.java:264)
	at java.base/java.util.concurrent.ThreadPoolExecutor.runWorker(ThreadPoolExecutor.java:1136)
	at java.base/java.util.concurrent.ThreadPoolExecutor$Worker.run(ThreadPoolExecutor.java:635)
	at java.base/java.lang.Thread.run(Thread.java:842)

2026-10-01 23:46:40.117  WARN [notification-service] [traceId=NO_TRACE] [tenantId=default] [foReplicator-%d] c.n.d.s.t.d.RetryableEurekaHttpClient    : Request execution failed with message: I/O error on POST request for "http://localhost:8761/eureka/apps/NOTIFICATION-SERVICE": Connect to http://localhost:8761 [localhost/127.0.0.1, localhost/0:0:0:0:0:0:0:1] failed: Connection refused: no further information
2026-10-01 23:46:40.119  WARN [notification-service] [traceId=NO_TRACE] [tenantId=default] [foReplicator-%d] com.netflix.discovery.DiscoveryClient    : DiscoveryClient_NOTIFICATION-SERVICE/192.168.1.2:notification-service:8084 - registration failed Cannot execute request on any known server

com.netflix.discovery.shared.transport.TransportException: Cannot execute request on any known server
	at com.netflix.discovery.shared.transport.decorator.RetryableEurekaHttpClient.execute(RetryableEurekaHttpClient.java:112)
	at com.netflix.discovery.shared.transport.decorator.EurekaHttpClientDecorator.register(EurekaHttpClientDecorator.java:56)
	at com.netflix.discovery.shared.transport.decorator.EurekaHttpClientDecorator$1.execute(EurekaHttpClientDecorator.java:59)
	at com.netflix.discovery.shared.transport.decorator.SessionedEurekaHttpClient.execute(SessionedEurekaHttpClient.java:76)
	at com.netflix.discovery.shared.transport.decorator.EurekaHttpClientDecorator.register(EurekaHttpClientDecorator.java:56)
	at com.netflix.discovery.DiscoveryClient.register(DiscoveryClient.java:828)
	at com.netflix.discovery.InstanceInfoReplicator.run(InstanceInfoReplicator.java:125)
	at java.base/java.util.concurrent.Executors$RunnableAdapter.call(Executors.java:539)
	at java.base/java.util.concurrent.FutureTask.run(FutureTask.java:264)
	at java.base/java.util.concurrent.ScheduledThreadPoolExecutor$ScheduledFutureTask.run(ScheduledThreadPoolExecutor.java:304)
	at java.base/java.util.concurrent.ThreadPoolExecutor.runWorker(ThreadPoolExecutor.java:1136)
	at java.base/java.util.concurrent.ThreadPoolExecutor$Worker.run(ThreadPoolExecutor.java:635)
	at java.base/java.lang.Thread.run(Thread.java:842)

2026-10-01 23:46:40.120  WARN [notification-service] [traceId=NO_TRACE] [tenantId=default] [foReplicator-%d] c.n.discovery.InstanceInfoReplicator     : There was a problem with the instance info replicator

com.netflix.discovery.shared.transport.TransportException: Cannot execute request on any known server
	at com.netflix.discovery.shared.transport.decorator.RetryableEurekaHttpClient.execute(RetryableEurekaHttpClient.java:112)
	at com.netflix.discovery.shared.transport.decorator.EurekaHttpClientDecorator.register(EurekaHttpClientDecorator.java:56)
	at com.netflix.discovery.shared.transport.decorator.EurekaHttpClientDecorator$1.execute(EurekaHttpClientDecorator.java:59)
	at com.netflix.discovery.shared.transport.decorator.SessionedEurekaHttpClient.execute(SessionedEurekaHttpClient.java:76)
	at com.netflix.discovery.shared.transport.decorator.EurekaHttpClientDecorator.register(EurekaHttpClientDecorator.java:56)
	at com.netflix.discovery.DiscoveryClient.register(DiscoveryClient.java:828)
	at com.netflix.discovery.InstanceInfoReplicator.run(InstanceInfoReplicator.java:125)
	at java.base/java.util.concurrent.Executors$RunnableAdapter.call(Executors.java:539)
	at java.base/java.util.concurrent.FutureTask.run(FutureTask.java:264)
	at java.base/java.util.concurrent.ScheduledThreadPoolExecutor$ScheduledFutureTask.run(ScheduledThreadPoolExecutor.java:304)
	at java.base/java.util.concurrent.ThreadPoolExecutor.runWorker(ThreadPoolExecutor.java:1136)
	at java.base/java.util.concurrent.ThreadPoolExecutor$Worker.run(ThreadPoolExecutor.java:635)
	at java.base/java.lang.Thread.run(Thread.java:842)

2026-10-01 23:47:10.123  WARN [notification-service] [traceId=NO_TRACE] [tenantId=default] [reshExecutor-%d] c.n.d.s.t.d.RetryableEurekaHttpClient    : Request execution failed with message: I/O error on GET request for "http://localhost:8761/eureka/apps/": Connect to http://localhost:8761 [localhost/127.0.0.1, localhost/0:0:0:0:0:0:0:1] failed: Connection refused: no further information
2026-10-01 23:47:10.133  WARN [notification-service] [traceId=NO_TRACE] [tenantId=default] [beatExecutor-%d] c.n.d.s.t.d.RetryableEurekaHttpClient    : Request execution failed with message: I/O error on PUT request for "http://localhost:8761/eureka/apps/NOTIFICATION-SERVICE/192.168.1.2:notification-service:8084": Connect to http://localhost:8761 [localhost/127.0.0.1, localhost/0:0:0:0:0:0:0:1] failed: Connection refused: no further information
2026-10-01 23:47:10.133 ERROR [notification-service] [traceId=NO_TRACE] [tenantId=default] [beatExecutor-%d] com.netflix.discovery.DiscoveryClient    : DiscoveryClient_NOTIFICATION-SERVICE/192.168.1.2:notification-service:8084 - was unable to send heartbeat!

com.netflix.discovery.shared.transport.TransportException: Cannot execute request on any known server
	at com.netflix.discovery.shared.transport.decorator.RetryableEurekaHttpClient.execute(RetryableEurekaHttpClient.java:112)
	at com.netflix.discovery.shared.transport.decorator.EurekaHttpClientDecorator.sendHeartBeat(EurekaHttpClientDecorator.java:89)
	at com.netflix.discovery.shared.transport.decorator.EurekaHttpClientDecorator$3.execute(EurekaHttpClientDecorator.java:92)
	at com.netflix.discovery.shared.transport.decorator.SessionedEurekaHttpClient.execute(SessionedEurekaHttpClient.java:76)
	at com.netflix.discovery.shared.transport.decorator.EurekaHttpClientDecorator.sendHeartBeat(EurekaHttpClientDecorator.java:89)
	at com.netflix.discovery.DiscoveryClient.renew(DiscoveryClient.java:845)
	at com.netflix.discovery.DiscoveryClient$HeartbeatThread.run(DiscoveryClient.java:1402)
	at java.base/java.util.concurrent.Executors$RunnableAdapter.call(Executors.java:539)
	at java.base/java.util.concurrent.FutureTask.run(FutureTask.java:264)
	at java.base/java.util.concurrent.ThreadPoolExecutor.runWorker(ThreadPoolExecutor.java:1136)
	at java.base/java.util.concurrent.ThreadPoolExecutor$Worker.run(ThreadPoolExecutor.java:635)
	at java.base/java.lang.Thread.run(Thread.java:842)

2026-10-01 23:47:10.136  WARN [notification-service] [traceId=NO_TRACE] [tenantId=default] [foReplicator-%d] c.n.d.s.t.d.RetryableEurekaHttpClient    : Request execution failed with message: I/O error on POST request for "http://localhost:8761/eureka/apps/NOTIFICATION-SERVICE": Connect to http://localhost:8761 [localhost/127.0.0.1, localhost/0:0:0:0:0:0:0:1] failed: Connection refused: no further information
2026-10-01 23:47:10.136  WARN [notification-service] [traceId=NO_TRACE] [tenantId=default] [foReplicator-%d] com.netflix.discovery.DiscoveryClient    : DiscoveryClient_NOTIFICATION-SERVICE/192.168.1.2:notification-service:8084 - registration failed Cannot execute request on any known server

com.netflix.discovery.shared.transport.TransportException: Cannot execute request on any known server
	at com.netflix.discovery.shared.transport.decorator.RetryableEurekaHttpClient.execute(RetryableEurekaHttpClient.java:112)
	at com.netflix.discovery.shared.transport.decorator.EurekaHttpClientDecorator.register(EurekaHttpClientDecorator.java:56)
	at com.netflix.discovery.shared.transport.decorator.EurekaHttpClientDecorator$1.execute(EurekaHttpClientDecorator.java:59)
	at com.netflix.discovery.shared.transport.decorator.SessionedEurekaHttpClient.execute(SessionedEurekaHttpClient.java:76)
	at com.netflix.discovery.shared.transport.decorator.EurekaHttpClientDecorator.register(EurekaHttpClientDecorator.java:56)
	at com.netflix.discovery.DiscoveryClient.register(DiscoveryClient.java:828)
	at com.netflix.discovery.InstanceInfoReplicator.run(InstanceInfoReplicator.java:125)
	at java.base/java.util.concurrent.Executors$RunnableAdapter.call(Executors.java:539)
	at java.base/java.util.concurrent.FutureTask.run(FutureTask.java:264)
	at java.base/java.util.concurrent.ScheduledThreadPoolExecutor$ScheduledFutureTask.run(ScheduledThreadPoolExecutor.java:304)
	at java.base/java.util.concurrent.ThreadPoolExecutor.runWorker(ThreadPoolExecutor.java:1136)
	at java.base/java.util.concurrent.ThreadPoolExecutor$Worker.run(ThreadPoolExecutor.java:635)
	at java.base/java.lang.Thread.run(Thread.java:842)

2026-10-01 23:47:10.136  WARN [notification-service] [traceId=NO_TRACE] [tenantId=default] [foReplicator-%d] c.n.discovery.InstanceInfoReplicator     : There was a problem with the instance info replicator

com.netflix.discovery.shared.transport.TransportException: Cannot execute request on any known server
	at com.netflix.discovery.shared.transport.decorator.RetryableEurekaHttpClient.execute(RetryableEurekaHttpClient.java:112)
	at com.netflix.discovery.shared.transport.decorator.EurekaHttpClientDecorator.register(EurekaHttpClientDecorator.java:56)
	at com.netflix.discovery.shared.transport.decorator.EurekaHttpClientDecorator$1.execute(EurekaHttpClientDecorator.java:59)
	at com.netflix.discovery.shared.transport.decorator.SessionedEurekaHttpClient.execute(SessionedEurekaHttpClient.java:76)
	at com.netflix.discovery.shared.transport.decorator.EurekaHttpClientDecorator.register(EurekaHttpClientDecorator.java:56)
	at com.netflix.discovery.DiscoveryClient.register(DiscoveryClient.java:828)
	at com.netflix.discovery.InstanceInfoReplicator.run(InstanceInfoReplicator.java:125)
	at java.base/java.util.concurrent.Executors$RunnableAdapter.call(Executors.java:539)
	at java.base/java.util.concurrent.FutureTask.run(FutureTask.java:264)
	at java.base/java.util.concurrent.ScheduledThreadPoolExecutor$ScheduledFutureTask.run(ScheduledThreadPoolExecutor.java:304)
	at java.base/java.util.concurrent.ThreadPoolExecutor.runWorker(ThreadPoolExecutor.java:1136)
	at java.base/java.util.concurrent.ThreadPoolExecutor$Worker.run(ThreadPoolExecutor.java:635)
	at java.base/java.lang.Thread.run(Thread.java:842)

2026-10-01 23:47:40.157  WARN [notification-service] [traceId=NO_TRACE] [tenantId=default] [beatExecutor-%d] c.n.d.s.t.d.RetryableEurekaHttpClient    : Request execution failed with message: I/O error on PUT request for "http://localhost:8761/eureka/apps/NOTIFICATION-SERVICE/192.168.1.2:notification-service:8084": Connect to http://localhost:8761 [localhost/127.0.0.1, localhost/0:0:0:0:0:0:0:1] failed: Connection refused: no further information
2026-10-01 23:47:40.157  WARN [notification-service] [traceId=NO_TRACE] [tenantId=default] [reshExecutor-%d] c.n.d.s.t.d.RetryableEurekaHttpClient    : Request execution failed with message: I/O error on GET request for "http://localhost:8761/eureka/apps/": Connect to http://localhost:8761 [localhost/127.0.0.1, localhost/0:0:0:0:0:0:0:1] failed: Connection refused: no further information
2026-10-01 23:47:40.157 ERROR [notification-service] [traceId=NO_TRACE] [tenantId=default] [beatExecutor-%d] com.netflix.discovery.DiscoveryClient    : DiscoveryClient_NOTIFICATION-SERVICE/192.168.1.2:notification-service:8084 - was unable to send heartbeat!

com.netflix.discovery.shared.transport.TransportException: Cannot execute request on any known server
	at com.netflix.discovery.shared.transport.decorator.RetryableEurekaHttpClient.execute(RetryableEurekaHttpClient.java:112)
	at com.netflix.discovery.shared.transport.decorator.EurekaHttpClientDecorator.sendHeartBeat(EurekaHttpClientDecorator.java:89)
	at com.netflix.discovery.shared.transport.decorator.EurekaHttpClientDecorator$3.execute(EurekaHttpClientDecorator.java:92)
	at com.netflix.discovery.shared.transport.decorator.SessionedEurekaHttpClient.execute(SessionedEurekaHttpClient.java:76)
	at com.netflix.discovery.shared.transport.decorator.EurekaHttpClientDecorator.sendHeartBeat(EurekaHttpClientDecorator.java:89)
	at com.netflix.discovery.DiscoveryClient.renew(DiscoveryClient.java:845)
	at com.netflix.discovery.DiscoveryClient$HeartbeatThread.run(DiscoveryClient.java:1402)
	at java.base/java.util.concurrent.Executors$RunnableAdapter.call(Executors.java:539)
	at java.base/java.util.concurrent.FutureTask.run(FutureTask.java:264)
	at java.base/java.util.concurrent.ThreadPoolExecutor.runWorker(ThreadPoolExecutor.java:1136)
	at java.base/java.util.concurrent.ThreadPoolExecutor$Worker.run(ThreadPoolExecutor.java:635)
	at java.base/java.lang.Thread.run(Thread.java:842)

2026-10-01 23:47:40.169  WARN [notification-service] [traceId=NO_TRACE] [tenantId=default] [foReplicator-%d] c.n.d.s.t.d.RetryableEurekaHttpClient    : Request execution failed with message: I/O error on POST request for "http://localhost:8761/eureka/apps/NOTIFICATION-SERVICE": Connect to http://localhost:8761 [localhost/127.0.0.1, localhost/0:0:0:0:0:0:0:1] failed: Connection refused: no further information
2026-10-01 23:47:40.170  WARN [notification-service] [traceId=NO_TRACE] [tenantId=default] [foReplicator-%d] com.netflix.discovery.DiscoveryClient    : DiscoveryClient_NOTIFICATION-SERVICE/192.168.1.2:notification-service:8084 - registration failed Cannot execute request on any known server

com.netflix.discovery.shared.transport.TransportException: Cannot execute request on any known server
	at com.netflix.discovery.shared.transport.decorator.RetryableEurekaHttpClient.execute(RetryableEurekaHttpClient.java:112)
	at com.netflix.discovery.shared.transport.decorator.EurekaHttpClientDecorator.register(EurekaHttpClientDecorator.java:56)
	at com.netflix.discovery.shared.transport.decorator.EurekaHttpClientDecorator$1.execute(EurekaHttpClientDecorator.java:59)
	at com.netflix.discovery.shared.transport.decorator.SessionedEurekaHttpClient.execute(SessionedEurekaHttpClient.java:76)
	at com.netflix.discovery.shared.transport.decorator.EurekaHttpClientDecorator.register(EurekaHttpClientDecorator.java:56)
	at com.netflix.discovery.DiscoveryClient.register(DiscoveryClient.java:828)
	at com.netflix.discovery.InstanceInfoReplicator.run(InstanceInfoReplicator.java:125)
	at java.base/java.util.concurrent.Executors$RunnableAdapter.call(Executors.java:539)
	at java.base/java.util.concurrent.FutureTask.run(FutureTask.java:264)
	at java.base/java.util.concurrent.ScheduledThreadPoolExecutor$ScheduledFutureTask.run(ScheduledThreadPoolExecutor.java:304)
	at java.base/java.util.concurrent.ThreadPoolExecutor.runWorker(ThreadPoolExecutor.java:1136)
	at java.base/java.util.concurrent.ThreadPoolExecutor$Worker.run(ThreadPoolExecutor.java:635)
	at java.base/java.lang.Thread.run(Thread.java:842)

2026-10-01 23:47:40.170  WARN [notification-service] [traceId=NO_TRACE] [tenantId=default] [foReplicator-%d] c.n.discovery.InstanceInfoReplicator     : There was a problem with the instance info replicator

com.netflix.discovery.shared.transport.TransportException: Cannot execute request on any known server
	at com.netflix.discovery.shared.transport.decorator.RetryableEurekaHttpClient.execute(RetryableEurekaHttpClient.java:112)
	at com.netflix.discovery.shared.transport.decorator.EurekaHttpClientDecorator.register(EurekaHttpClientDecorator.java:56)
	at com.netflix.discovery.shared.transport.decorator.EurekaHttpClientDecorator$1.execute(EurekaHttpClientDecorator.java:59)
	at com.netflix.discovery.shared.transport.decorator.SessionedEurekaHttpClient.execute(SessionedEurekaHttpClient.java:76)
	at com.netflix.discovery.shared.transport.decorator.EurekaHttpClientDecorator.register(EurekaHttpClientDecorator.java:56)
	at com.netflix.discovery.DiscoveryClient.register(DiscoveryClient.java:828)
	at com.netflix.discovery.InstanceInfoReplicator.run(InstanceInfoReplicator.java:125)
	at java.base/java.util.concurrent.Executors$RunnableAdapter.call(Executors.java:539)
	at java.base/java.util.concurrent.FutureTask.run(FutureTask.java:264)
	at java.base/java.util.concurrent.ScheduledThreadPoolExecutor$ScheduledFutureTask.run(ScheduledThreadPoolExecutor.java:304)
	at java.base/java.util.concurrent.ThreadPoolExecutor.runWorker(ThreadPoolExecutor.java:1136)
	at java.base/java.util.concurrent.ThreadPoolExecutor$Worker.run(ThreadPoolExecutor.java:635)
	at java.base/java.lang.Thread.run(Thread.java:842)

2026-10-01 23:49:26.932  INFO [auth-service] [traceId=NO_TRACE] [tenantId=default] [nio-8081-exec-2] o.a.c.c.C.[Tomcat].[localhost].[/]       : Initializing Spring DispatcherServlet 'dispatcherServlet'
2026-10-01 23:49:26.942  INFO [auth-service] [traceId=NO_TRACE] [tenantId=default] [nio-8081-exec-2] o.s.web.servlet.DispatcherServlet        : Initializing Servlet 'dispatcherServlet'
2026-10-01 23:49:27.066  INFO [auth-service] [traceId=NO_TRACE] [tenantId=default] [nio-8081-exec-2] o.s.web.servlet.DispatcherServlet        : Completed initialization in 121 ms
2026-10-01 23:49:27.103 DEBUG [auth-service] [traceId=36d16adbd4514241] [tenantId=SYSTEM] [nio-8081-exec-2] com.liochio.common.filter.TenantFilter   : [TenantFilter] Đã nạp Tenant ID: 'SYSTEM' cho URI: /api/v1/auth/login
2026-10-01 23:49:28.015 ERROR [auth-service] [traceId=36d16adbd4514241] [tenantId=SYSTEM] [nio-8081-exec-2] c.liochio.common.advice.LoggingAspect    : [EXCEPTION] com.liochio.auth.service.AuthService.login() ném ngoại lệ sau 372 ms: Tài khoản Khách Hàng Cá Nhân không tồn tại.
2026-10-01 23:49:28.026 ERROR [auth-service] [traceId=36d16adbd4514241] [tenantId=SYSTEM] [nio-8081-exec-2] c.liochio.common.advice.LoggingAspect    : [EXCEPTION] com.liochio.auth.controller.AuthController.login() ném ngoại lệ sau 435 ms: Tài khoản Khách Hàng Cá Nhân không tồn tại.
2026-10-01 23:49:28.174  WARN [auth-service] [traceId=36d16adbd4514241] [tenantId=SYSTEM] [nio-8081-exec-2] c.l.c.exception.GlobalExceptionHandler   : [AppException] Code: 1005 - Message: Tài khoản Khách Hàng Cá Nhân không tồn tại.
2026-10-01 23:49:45.409 DEBUG [auth-service] [traceId=ab19663302d2464c] [tenantId=SYSTEM] [nio-8081-exec-3] com.liochio.common.filter.TenantFilter   : [TenantFilter] Đã nạp Tenant ID: 'SYSTEM' cho URI: /api/v1/auth/login
2026-10-01 23:49:48.200  INFO [auth-service] [traceId=ab19663302d2464c] [tenantId=SYSTEM] [nio-8081-exec-3] c.liochio.auth.service.SessionService    : [SessionService] Tạo phiên mới: SessionID=sess_fac363b6ff924b83a574769d80d9ae4e, UserID=17, DeviceID=fp_postman_client_01
2026-10-01 23:49:48.201 DEBUG [auth-service] [traceId=ab19663302d2464c] [tenantId=SYSTEM] [nio-8081-exec-3] c.liochio.common.advice.LoggingAspect    : [EXECUTION] com.liochio.auth.service.SessionService.createSession() hoàn tất trong 32 ms
2026-10-01 23:49:48.275  WARN [auth-service] [traceId=ab19663302d2464c] [tenantId=SYSTEM] [nio-8081-exec-3] c.liochio.common.advice.LoggingAspect    : [SLOW_EXECUTION] com.liochio.auth.service.AuthService.login() thực thi mất 2856 ms
2026-10-01 23:49:48.326 DEBUG [auth-service] [traceId=ab19663302d2464c] [tenantId=SYSTEM] [nio-8081-exec-3] c.liochio.common.advice.LoggingAspect    : [EXECUTION] com.liochio.common.i18n.MessageService.getMessage() hoàn tất trong 40 ms
2026-10-01 23:49:48.327  WARN [auth-service] [traceId=ab19663302d2464c] [tenantId=SYSTEM] [nio-8081-exec-3] c.liochio.common.advice.LoggingAspect    : [SLOW_EXECUTION] com.liochio.auth.controller.AuthController.login() thực thi mất 2910 ms
2026-10-01 23:50:54.120 DEBUG [auth-service] [traceId=1b47a18fbcb34fa5] [tenantId=default] [nio-8081-exec-6] com.liochio.common.filter.TenantFilter   : [TenantFilter] Đã nạp Tenant ID: 'default' cho URI: /api/v1/auth/login
2026-10-01 23:50:54.129 DEBUG [auth-service] [traceId=5fb124f1cebf4dee] [tenantId=default] [nio-8081-exec-4] com.liochio.common.filter.TenantFilter   : [TenantFilter] Đã nạp Tenant ID: 'default' cho URI: /api/v1/auth/login
2026-10-01 23:50:54.483  INFO [auth-service] [traceId=5fb124f1cebf4dee] [tenantId=default] [nio-8081-exec-4] c.liochio.auth.service.SessionService    : [SessionService] Tạo phiên mới: SessionID=sess_1fa5a3f4bd594adf89d7e413153e1992, UserID=17, DeviceID=fp_2d07218d70a99b81
2026-10-01 23:50:54.483 DEBUG [auth-service] [traceId=5fb124f1cebf4dee] [tenantId=default] [nio-8081-exec-4] c.liochio.common.advice.LoggingAspect    : [EXECUTION] com.liochio.auth.service.SessionService.createSession() hoàn tất trong 3 ms
2026-10-01 23:50:54.502 DEBUG [auth-service] [traceId=5fb124f1cebf4dee] [tenantId=default] [nio-8081-exec-4] c.liochio.common.advice.LoggingAspect    : [EXECUTION] com.liochio.auth.service.AuthService.login() hoàn tất trong 368 ms
2026-10-01 23:50:54.547 DEBUG [auth-service] [traceId=5fb124f1cebf4dee] [tenantId=default] [nio-8081-exec-4] c.liochio.common.advice.LoggingAspect    : [EXECUTION] com.liochio.common.i18n.MessageService.getMessage() hoàn tất trong 42 ms
2026-10-01 23:50:54.547 DEBUG [auth-service] [traceId=5fb124f1cebf4dee] [tenantId=default] [nio-8081-exec-4] c.liochio.common.advice.LoggingAspect    : [EXECUTION] com.liochio.auth.controller.AuthController.login() hoàn tất trong 413 ms
2026-10-01 23:50:54.780 DEBUG [auth-service] [traceId=9ea2001f98ce4b07] [tenantId=default] [nio-8081-exec-8] com.liochio.common.filter.TenantFilter   : [TenantFilter] Đã nạp Tenant ID: 'default' cho URI: /.well-known/jwks.json
2026-10-01 23:50:54.788 DEBUG [auth-service] [traceId=9ea2001f98ce4b07] [tenantId=default] [nio-8081-exec-8] c.liochio.common.advice.LoggingAspect    : [EXECUTION] com.liochio.auth.controller.JwksController.getJwks() hoàn tất trong 4 ms
2026-10-01 23:51:17.173 DEBUG [auth-service] [traceId=98746fb2e127492d] [tenantId=default] [nio-8081-exec-7] com.liochio.common.filter.TenantFilter   : [TenantFilter] Đã nạp Tenant ID: 'default' cho URI: /api/v1/auth/login
2026-10-01 23:51:17.545  INFO [auth-service] [traceId=98746fb2e127492d] [tenantId=default] [nio-8081-exec-7] c.l.auth.service.LoginSecurityService    : [LoginSecurityService] Đã ghi nhận lịch sử bảo mật: User='superadmin', Status='WRONG_PASSWORD', Reason='Mật khẩu không chính xác (Lần thử 1/5)'
2026-10-01 23:51:17.547 DEBUG [auth-service] [traceId=98746fb2e127492d] [tenantId=default] [nio-8081-exec-7] c.liochio.common.advice.LoggingAspect    : [EXECUTION] com.liochio.auth.service.LoginSecurityService.recordFailedLogin() hoàn tất trong 34 ms
2026-10-01 23:51:17.566 ERROR [auth-service] [traceId=98746fb2e127492d] [tenantId=default] [nio-8081-exec-7] c.liochio.common.advice.LoggingAspect    : [EXCEPTION] com.liochio.auth.service.AuthService.login() ném ngoại lệ sau 388 ms: Mật khẩu không chính xác.
2026-10-01 23:51:17.568 ERROR [auth-service] [traceId=98746fb2e127492d] [tenantId=default] [nio-8081-exec-7] c.liochio.common.advice.LoggingAspect    : [EXCEPTION] com.liochio.auth.controller.AuthController.login() ném ngoại lệ sau 391 ms: Mật khẩu không chính xác.
2026-10-01 23:51:17.577  WARN [auth-service] [traceId=98746fb2e127492d] [tenantId=default] [nio-8081-exec-7] c.l.c.exception.GlobalExceptionHandler   : [AppException] Code: 1007 - Message: Mật khẩu không chính xác.
2026-10-01 23:51:19.987 DEBUG [auth-service] [traceId=f90ef944e8124aa6] [tenantId=default] [nio-8081-exec-9] com.liochio.common.filter.TenantFilter   : [TenantFilter] Đã nạp Tenant ID: 'default' cho URI: /api/v1/auth/login
2026-10-01 23:51:20.317  INFO [auth-service] [traceId=f90ef944e8124aa6] [tenantId=default] [nio-8081-exec-9] c.l.auth.service.LoginSecurityService    : [LoginSecurityService] Đã ghi nhận lịch sử bảo mật: User='superadmin', Status='SUCCESS', Reason='Đăng nhập thành công'
2026-10-01 23:51:20.317 DEBUG [auth-service] [traceId=f90ef944e8124aa6] [tenantId=default] [nio-8081-exec-9] c.liochio.common.advice.LoggingAspect    : [EXECUTION] com.liochio.auth.service.LoginSecurityService.recordSuccessfulLogin() hoàn tất trong 8 ms
2026-10-01 23:51:20.331 DEBUG [auth-service] [traceId=f90ef944e8124aa6] [tenantId=default] [nio-8081-exec-9] c.liochio.common.advice.LoggingAspect    : [EXECUTION] com.liochio.auth.service.DeviceService.getOrCreateDevice() hoàn tất trong 8 ms
2026-10-01 23:51:20.350 DEBUG [auth-service] [traceId=f90ef944e8124aa6] [tenantId=default] [nio-8081-exec-9] c.liochio.common.advice.LoggingAspect    : [EXECUTION] com.liochio.auth.service.SessionService.kickOutOtherMobileSessions() hoàn tất trong 7 ms
2026-10-01 23:51:20.351  INFO [auth-service] [traceId=f90ef944e8124aa6] [tenantId=default] [nio-8081-exec-9] c.liochio.auth.service.SessionService    : [SessionService] Tạo phiên mới: SessionID=sess_b9cb0e43f28944ce9df644b0401710b3, UserID=1, DeviceID=fp_2d07218d70a99b81
2026-10-01 23:51:20.351 DEBUG [auth-service] [traceId=f90ef944e8124aa6] [tenantId=default] [nio-8081-exec-9] c.liochio.common.advice.LoggingAspect    : [EXECUTION] com.liochio.auth.service.SessionService.createSession() hoàn tất trong 1 ms
2026-10-01 23:51:20.367 DEBUG [auth-service] [traceId=f90ef944e8124aa6] [tenantId=default] [nio-8081-exec-9] c.liochio.common.advice.LoggingAspect    : [EXECUTION] com.liochio.auth.service.AuthService.login() hoàn tất trong 376 ms
2026-10-01 23:51:20.372 DEBUG [auth-service] [traceId=f90ef944e8124aa6] [tenantId=default] [nio-8081-exec-9] c.liochio.common.advice.LoggingAspect    : [EXECUTION] com.liochio.common.i18n.MessageService.getMessage() hoàn tất trong 0 ms
2026-10-01 23:51:20.372 DEBUG [auth-service] [traceId=f90ef944e8124aa6] [tenantId=default] [nio-8081-exec-9] c.liochio.common.advice.LoggingAspect    : [EXECUTION] com.liochio.auth.controller.AuthController.login() hoàn tất trong 383 ms
2026-10-01 23:51:31.964 DEBUG [auth-service] [traceId=6c8a1277e1db49bb] [tenantId=default] [io-8081-exec-10] com.liochio.common.filter.TenantFilter   : [TenantFilter] Đã nạp Tenant ID: 'default' cho URI: /api/v1/auth/login
2026-10-01 23:51:32.278  INFO [auth-service] [traceId=6c8a1277e1db49bb] [tenantId=default] [io-8081-exec-10] c.liochio.auth.service.SessionService    : [SessionService] Tạo phiên mới: SessionID=sess_69f446c2765e4917b6631ac7b0ce018d, UserID=17, DeviceID=fp_2d07218d70a99b81
2026-10-01 23:51:32.278 DEBUG [auth-service] [traceId=6c8a1277e1db49bb] [tenantId=default] [io-8081-exec-10] c.liochio.common.advice.LoggingAspect    : [EXECUTION] com.liochio.auth.service.SessionService.createSession() hoàn tất trong 2 ms
2026-10-01 23:51:32.294 DEBUG [auth-service] [traceId=6c8a1277e1db49bb] [tenantId=default] [io-8081-exec-10] c.liochio.common.advice.LoggingAspect    : [EXECUTION] com.liochio.auth.service.AuthService.login() hoàn tất trong 326 ms
2026-10-01 23:51:32.297 DEBUG [auth-service] [traceId=6c8a1277e1db49bb] [tenantId=default] [io-8081-exec-10] c.liochio.common.advice.LoggingAspect    : [EXECUTION] com.liochio.common.i18n.MessageService.getMessage() hoàn tất trong 0 ms
2026-10-01 23:51:32.297 DEBUG [auth-service] [traceId=6c8a1277e1db49bb] [tenantId=default] [io-8081-exec-10] c.liochio.common.advice.LoggingAspect    : [EXECUTION] com.liochio.auth.controller.AuthController.login() hoàn tất trong 329 ms
2026-10-01 23:56:05.540 DEBUG [auth-service] [traceId=f0cdfa8a518d4e50] [tenantId=SYSTEM] [nio-8081-exec-1] com.liochio.common.filter.TenantFilter   : [TenantFilter] Đã nạp Tenant ID: 'SYSTEM' cho URI: /api/payments/create-url
2026-10-01 23:56:05.623  WARN [auth-service] [traceId=f0cdfa8a518d4e50] [tenantId=SYSTEM] [nio-8081-exec-1] c.l.c.s.CustomAuthenticationEntryPoint   : [AuthenticationEntryPoint] 401 Unauthorized tại URI: /api/payments/create-url - Lý do: Full authentication is required to access this resource
2026-10-01 23:56:05.624 DEBUG [auth-service] [traceId=f0cdfa8a518d4e50] [tenantId=SYSTEM] [nio-8081-exec-1] c.liochio.common.advice.LoggingAspect    : [EXECUTION] com.liochio.common.i18n.MessageService.getMessage() hoàn tất trong 0 ms
2026-10-01 23:56:23.758 DEBUG [auth-service] [traceId=a3205cd93992492c] [tenantId=SYSTEM] [nio-8081-exec-3] com.liochio.common.filter.TenantFilter   : [TenantFilter] Đã nạp Tenant ID: 'SYSTEM' cho URI: /api/v1/auth/login
2026-10-01 23:56:23.764 ERROR [auth-service] [traceId=a3205cd93992492c] [tenantId=SYSTEM] [nio-8081-exec-3] c.liochio.common.advice.LoggingAspect    : [EXCEPTION] com.liochio.auth.service.AuthService.login() ném ngoại lệ sau 0 ms: Truy cập bị từ chối: Tài khoản SuperAdmin không được phép đăng nhập vào Cổng Khách Hàng Cá Nhân (Retail FinTech Portal).
2026-10-01 23:56:23.767 ERROR [auth-service] [traceId=a3205cd93992492c] [tenantId=SYSTEM] [nio-8081-exec-3] c.liochio.common.advice.LoggingAspect    : [EXCEPTION] com.liochio.auth.controller.AuthController.login() ném ngoại lệ sau 5 ms: Truy cập bị từ chối: Tài khoản SuperAdmin không được phép đăng nhập vào Cổng Khách Hàng Cá Nhân (Retail FinTech Portal).
2026-10-01 23:56:23.773  WARN [auth-service] [traceId=a3205cd93992492c] [tenantId=SYSTEM] [nio-8081-exec-3] c.l.c.exception.GlobalExceptionHandler   : [AppException] Code: 1002 - Message: Truy cập bị từ chối: Tài khoản SuperAdmin không được phép đăng nhập vào Cổng Khách Hàng Cá Nhân (Retail FinTech Portal).
2026-10-01 23:56:29.270 DEBUG [auth-service] [traceId=9ff79c06c0a34f0d] [tenantId=SYSTEM] [nio-8081-exec-5] com.liochio.common.filter.TenantFilter   : [TenantFilter] Đã nạp Tenant ID: 'SYSTEM' cho URI: /api/v1/auth/login
2026-10-01 23:56:29.639  INFO [auth-service] [traceId=9ff79c06c0a34f0d] [tenantId=SYSTEM] [nio-8081-exec-5] c.l.auth.service.LoginSecurityService    : [LoginSecurityService] Đã ghi nhận lịch sử bảo mật: User='superadmin', Status='SUCCESS', Reason='Đăng nhập thành công'
2026-10-01 23:56:29.640 DEBUG [auth-service] [traceId=9ff79c06c0a34f0d] [tenantId=SYSTEM] [nio-8081-exec-5] c.liochio.common.advice.LoggingAspect    : [EXECUTION] com.liochio.auth.service.LoginSecurityService.recordSuccessfulLogin() hoàn tất trong 8 ms
2026-10-01 23:56:29.649 DEBUG [auth-service] [traceId=9ff79c06c0a34f0d] [tenantId=SYSTEM] [nio-8081-exec-5] c.liochio.common.advice.LoggingAspect    : [EXECUTION] com.liochio.auth.service.DeviceService.getOrCreateDevice() hoàn tất trong 5 ms
2026-10-01 23:56:30.489  WARN [auth-service] [traceId=9ff79c06c0a34f0d] [tenantId=SYSTEM] [nio-8081-exec-5] c.l.c.security.TokenBlacklistService     : [TokenBlacklist] Không thể ghi Session vào Redis: Unable to connect to Redis
2026-10-01 23:56:30.491 DEBUG [auth-service] [traceId=9ff79c06c0a34f0d] [tenantId=SYSTEM] [nio-8081-exec-5] c.liochio.common.advice.LoggingAspect    : [EXECUTION] com.liochio.common.security.TokenBlacklistService.blacklistSession() hoàn tất trong 814 ms
2026-10-01 23:56:30.491  WARN [auth-service] [traceId=9ff79c06c0a34f0d] [tenantId=SYSTEM] [nio-8081-exec-5] c.liochio.auth.service.SessionService    : [SessionService] [CONCURRENT KICK-OUT] Đã thu hồi phiên cũ sess_74f209f2d7724fe78c9785be54daeec4 của User ID: 1 do đăng nhập trên thiết bị mới fp_postman_client_01
2026-10-01 23:56:30.497  WARN [auth-service] [traceId=9ff79c06c0a34f0d] [tenantId=SYSTEM] [nio-8081-exec-5] c.l.c.security.TokenBlacklistService     : [TokenBlacklist] Không thể ghi Session vào Redis: Unable to connect to Redis
2026-10-01 23:56:30.498 DEBUG [auth-service] [traceId=9ff79c06c0a34f0d] [tenantId=SYSTEM] [nio-8081-exec-5] c.liochio.common.advice.LoggingAspect    : [EXECUTION] com.liochio.common.security.TokenBlacklistService.blacklistSession() hoàn tất trong 6 ms
2026-10-01 23:56:30.498  WARN [auth-service] [traceId=9ff79c06c0a34f0d] [tenantId=SYSTEM] [nio-8081-exec-5] c.liochio.auth.service.SessionService    : [SessionService] [CONCURRENT KICK-OUT] Đã thu hồi phiên cũ sess_90c22912428b48ad9e434af5f10c59ea của User ID: 1 do đăng nhập trên thiết bị mới fp_postman_client_01
2026-10-01 23:56:30.507  WARN [auth-service] [traceId=9ff79c06c0a34f0d] [tenantId=SYSTEM] [nio-8081-exec-5] c.l.c.security.TokenBlacklistService     : [TokenBlacklist] Không thể ghi Session vào Redis: Unable to connect to Redis
2026-10-01 23:56:30.507 DEBUG [auth-service] [traceId=9ff79c06c0a34f0d] [tenantId=SYSTEM] [nio-8081-exec-5] c.liochio.common.advice.LoggingAspect    : [EXECUTION] com.liochio.common.security.TokenBlacklistService.blacklistSession() hoàn tất trong 9 ms
2026-10-01 23:56:30.507  WARN [auth-service] [traceId=9ff79c06c0a34f0d] [tenantId=SYSTEM] [nio-8081-exec-5] c.liochio.auth.service.SessionService    : [SessionService] [CONCURRENT KICK-OUT] Đã thu hồi phiên cũ sess_ac05363c47ba40a88d7d8e5236f74c57 của User ID: 1 do đăng nhập trên thiết bị mới fp_postman_client_01
2026-10-01 23:56:30.521  WARN [auth-service] [traceId=9ff79c06c0a34f0d] [tenantId=SYSTEM] [nio-8081-exec-5] c.l.c.security.TokenBlacklistService     : [TokenBlacklist] Không thể ghi Session vào Redis: Unable to connect to Redis
2026-10-01 23:56:30.524 DEBUG [auth-service] [traceId=9ff79c06c0a34f0d] [tenantId=SYSTEM] [nio-8081-exec-5] c.liochio.common.advice.LoggingAspect    : [EXECUTION] com.liochio.common.security.TokenBlacklistService.blacklistSession() hoàn tất trong 17 ms
2026-10-01 23:56:30.524  WARN [auth-service] [traceId=9ff79c06c0a34f0d] [tenantId=SYSTEM] [nio-8081-exec-5] c.liochio.auth.service.SessionService    : [SessionService] [CONCURRENT KICK-OUT] Đã thu hồi phiên cũ sess_b9cb0e43f28944ce9df644b0401710b3 của User ID: 1 do đăng nhập trên thiết bị mới fp_postman_client_01
2026-10-01 23:56:30.536  WARN [auth-service] [traceId=9ff79c06c0a34f0d] [tenantId=SYSTEM] [nio-8081-exec-5] c.l.c.security.TokenBlacklistService     : [TokenBlacklist] Không thể ghi Session vào Redis: Unable to connect to Redis
2026-10-01 23:56:30.536 DEBUG [auth-service] [traceId=9ff79c06c0a34f0d] [tenantId=SYSTEM] [nio-8081-exec-5] c.liochio.common.advice.LoggingAspect    : [EXECUTION] com.liochio.common.security.TokenBlacklistService.blacklistSession() hoàn tất trong 10 ms
2026-10-01 23:56:30.536  WARN [auth-service] [traceId=9ff79c06c0a34f0d] [tenantId=SYSTEM] [nio-8081-exec-5] c.liochio.auth.service.SessionService    : [SessionService] [CONCURRENT KICK-OUT] Đã thu hồi phiên cũ sess_eda477e94282439787957330b601c8bb của User ID: 1 do đăng nhập trên thiết bị mới fp_postman_client_01
2026-10-01 23:56:30.536 DEBUG [auth-service] [traceId=9ff79c06c0a34f0d] [tenantId=SYSTEM] [nio-8081-exec-5] c.liochio.common.advice.LoggingAspect    : [EXECUTION] com.liochio.auth.service.SessionService.kickOutOtherMobileSessions() hoàn tất trong 865 ms
2026-10-01 23:56:30.540  INFO [auth-service] [traceId=9ff79c06c0a34f0d] [tenantId=SYSTEM] [nio-8081-exec-5] c.liochio.auth.service.SessionService    : [SessionService] Tạo phiên mới: SessionID=sess_83d059fa00214209a3eded56d9cce8dd, UserID=1, DeviceID=fp_postman_client_01
2026-10-01 23:56:30.542 DEBUG [auth-service] [traceId=9ff79c06c0a34f0d] [tenantId=SYSTEM] [nio-8081-exec-5] c.liochio.common.advice.LoggingAspect    : [EXECUTION] com.liochio.auth.service.SessionService.createSession() hoàn tất trong 5 ms
2026-10-01 23:56:30.569  WARN [auth-service] [traceId=9ff79c06c0a34f0d] [tenantId=SYSTEM] [nio-8081-exec-5] c.liochio.common.advice.LoggingAspect    : [SLOW_EXECUTION] com.liochio.auth.service.AuthService.login() thực thi mất 1291 ms
2026-10-01 23:56:30.587 DEBUG [auth-service] [traceId=9ff79c06c0a34f0d] [tenantId=SYSTEM] [nio-8081-exec-5] c.liochio.common.advice.LoggingAspect    : [EXECUTION] com.liochio.common.i18n.MessageService.getMessage() hoàn tất trong 0 ms
2026-10-01 23:56:30.587  WARN [auth-service] [traceId=9ff79c06c0a34f0d] [tenantId=SYSTEM] [nio-8081-exec-5] c.liochio.common.advice.LoggingAspect    : [SLOW_EXECUTION] com.liochio.auth.controller.AuthController.login() thực thi mất 1311 ms
2026-10-01 23:56:41.736 DEBUG [auth-service] [traceId=cfcd734b3200439d] [tenantId=SYSTEM] [nio-8081-exec-6] com.liochio.common.filter.TenantFilter   : [TenantFilter] Đã nạp Tenant ID: 'SYSTEM' cho URI: /api/payments/create-url
2026-10-01 23:56:41.965 DEBUG [auth-service] [traceId=cfcd734b3200439d] [tenantId=SYSTEM] [nio-8081-exec-6] c.l.c.security.TokenBlacklistService     : [TokenBlacklist] Kiểm tra Redis lỗi, tiếp tục: Unable to connect to Redis
2026-10-01 23:56:42.121 DEBUG [auth-service] [traceId=cfcd734b3200439d] [tenantId=SYSTEM] [nio-8081-exec-6] c.liochio.common.advice.LoggingAspect    : [EXECUTION] com.liochio.common.security.TokenBlacklistService.isBlacklisted() hoàn tất trong 384 ms
2026-10-01 23:56:42.226 DEBUG [auth-service] [traceId=cfcd734b3200439d] [tenantId=SYSTEM] [nio-8081-exec-6] c.liochio.common.advice.LoggingAspect    : [EXECUTION] com.liochio.common.i18n.MessageService.getMessage() hoàn tất trong 0 ms
