2026-09-08 17:13:48.205  INFO [auth-service] [traceId=NO_TRACE] [tenantId=default] [           main] c.liochio.auth.AuthServiceApplication    : Starting AuthServiceApplication v1.0.0-SNAPSHOT using Java 17.0.17 with PID 23632 (D:\Github\Back-end\Microservice\SpringBoot\auth-service\target\auth-service-1.0.0-SNAPSHOT.jar started by Liochio in D:\Github\Back-end\Microservice)
2026-09-08 17:13:48.213 DEBUG [auth-service] [traceId=NO_TRACE] [tenantId=default] [           main] c.liochio.auth.AuthServiceApplication    : Running with Spring Boot v3.4.3, Spring v6.2.3
2026-09-08 17:13:48.214  INFO [auth-service] [traceId=NO_TRACE] [tenantId=default] [           main] c.liochio.auth.AuthServiceApplication    : No active profile set, falling back to 1 default profile: "default"
2026-09-08 17:13:48.429  INFO [auth-service] [traceId=NO_TRACE] [tenantId=default] [           main] o.s.c.c.c.ConfigServerConfigDataLoader   : Fetching config from server at : http://localhost:8888/
2026-09-08 17:13:48.429  INFO [auth-service] [traceId=NO_TRACE] [tenantId=default] [           main] o.s.c.c.c.ConfigServerConfigDataLoader   : Exception on Url - http://localhost:8888/:org.springframework.web.client.ResourceAccessException: I/O error on GET request for "http://localhost:8888/auth-service/default": Connection refused: no further information. Will be trying the next url if available
2026-09-08 17:13:48.429  WARN [auth-service] [traceId=NO_TRACE] [tenantId=default] [           main] o.s.c.c.c.ConfigServerConfigDataLoader   : Could not locate PropertySource ([ConfigServerConfigDataResource@78d50a3c uris = array<String>['http://localhost:8888/'], optional = true, profiles = 'default']): I/O error on GET request for "http://localhost:8888/auth-service/default": Connection refused: no further information
2026-09-08 17:13:48.429  INFO [auth-service] [traceId=NO_TRACE] [tenantId=default] [           main] o.s.c.c.c.ConfigServerConfigDataLoader   : Fetching config from server at : http://localhost:8888/
2026-09-08 17:13:48.430  INFO [auth-service] [traceId=NO_TRACE] [tenantId=default] [           main] o.s.c.c.c.ConfigServerConfigDataLoader   : Exception on Url - http://localhost:8888/:org.springframework.web.client.ResourceAccessException: I/O error on GET request for "http://localhost:8888/auth-service/default": Connection refused: no further information. Will be trying the next url if available
2026-09-08 17:13:48.433  WARN [auth-service] [traceId=NO_TRACE] [tenantId=default] [           main] o.s.c.c.c.ConfigServerConfigDataLoader   : Could not locate PropertySource ([ConfigServerConfigDataResource@6759f091 uris = array<String>['http://localhost:8888/'], optional = true, profiles = 'default']): I/O error on GET request for "http://localhost:8888/auth-service/default": Connection refused: no further information
2026-09-08 17:13:48.433  INFO [auth-service] [traceId=NO_TRACE] [tenantId=default] [           main] o.s.c.c.c.ConfigServerConfigDataLoader   : Fetching config from server at : http://localhost:8888/
2026-09-08 17:13:48.433  INFO [auth-service] [traceId=NO_TRACE] [tenantId=default] [           main] o.s.c.c.c.ConfigServerConfigDataLoader   : Exception on Url - http://localhost:8888/:org.springframework.web.client.ResourceAccessException: I/O error on GET request for "http://localhost:8888/auth-service/default": Connection refused: no further information. Will be trying the next url if available
2026-09-08 17:13:48.433  WARN [auth-service] [traceId=NO_TRACE] [tenantId=default] [           main] o.s.c.c.c.ConfigServerConfigDataLoader   : Could not locate PropertySource ([ConfigServerConfigDataResource@33a053d uris = array<String>['http://localhost:8888/'], optional = true, profiles = 'default']): I/O error on GET request for "http://localhost:8888/auth-service/default": Connection refused: no further information
2026-09-08 17:13:50.769  INFO [auth-service] [traceId=NO_TRACE] [tenantId=default] [           main] .s.d.r.c.RepositoryConfigurationDelegate : Multiple Spring Data modules found, entering strict repository configuration mode
2026-09-08 17:13:50.772  INFO [auth-service] [traceId=NO_TRACE] [tenantId=default] [           main] .s.d.r.c.RepositoryConfigurationDelegate : Bootstrapping Spring Data JPA repositories in DEFAULT mode.
2026-09-08 17:13:51.233  INFO [auth-service] [traceId=NO_TRACE] [tenantId=default] [           main] .s.d.r.c.RepositoryConfigurationDelegate : Finished Spring Data repository scanning in 434 ms. Found 19 JPA repository interfaces.
2026-09-08 17:13:52.230  INFO [auth-service] [traceId=NO_TRACE] [tenantId=default] [           main] .s.d.r.c.RepositoryConfigurationDelegate : Multiple Spring Data modules found, entering strict repository configuration mode
2026-09-08 17:13:52.237  INFO [auth-service] [traceId=NO_TRACE] [tenantId=default] [           main] .s.d.r.c.RepositoryConfigurationDelegate : Bootstrapping Spring Data Redis repositories in DEFAULT mode.
2026-09-08 17:13:52.293  INFO [auth-service] [traceId=NO_TRACE] [tenantId=default] [           main] .RepositoryConfigurationExtensionSupport : Spring Data Redis - Could not safely identify store assignment for repository candidate interface com.liochio.auth.repository.JournalEntryDetailRepository; If you want this repository to be a Redis repository, consider annotating your entities with one of these annotations: org.springframework.data.redis.core.RedisHash (preferred), or consider extending one of the following types with your repository: org.springframework.data.keyvalue.repository.KeyValueRepository
2026-09-08 17:13:52.293  INFO [auth-service] [traceId=NO_TRACE] [tenantId=default] [           main] .RepositoryConfigurationExtensionSupport : Spring Data Redis - Could not safely identify store assignment for repository candidate interface com.liochio.auth.repository.JournalEntryRepository; If you want this repository to be a Redis repository, consider annotating your entities with one of these annotations: org.springframework.data.redis.core.RedisHash (preferred), or consider extending one of the following types with your repository: org.springframework.data.keyvalue.repository.KeyValueRepository
2026-09-08 17:13:52.294  INFO [auth-service] [traceId=NO_TRACE] [tenantId=default] [           main] .RepositoryConfigurationExtensionSupport : Spring Data Redis - Could not safely identify store assignment for repository candidate interface com.liochio.auth.repository.LedgerAccountRepository; If you want this repository to be a Redis repository, consider annotating your entities with one of these annotations: org.springframework.data.redis.core.RedisHash (preferred), or consider extending one of the following types with your repository: org.springframework.data.keyvalue.repository.KeyValueRepository
2026-09-08 17:13:52.307  INFO [auth-service] [traceId=NO_TRACE] [tenantId=default] [           main] .RepositoryConfigurationExtensionSupport : Spring Data Redis - Could not safely identify store assignment for repository candidate interface com.liochio.auth.repository.PermissionRepository; If you want this repository to be a Redis repository, consider annotating your entities with one of these annotations: org.springframework.data.redis.core.RedisHash (preferred), or consider extending one of the following types with your repository: org.springframework.data.keyvalue.repository.KeyValueRepository
2026-09-08 17:13:52.309  INFO [auth-service] [traceId=NO_TRACE] [tenantId=default] [           main] .RepositoryConfigurationExtensionSupport : Spring Data Redis - Could not safely identify store assignment for repository candidate interface com.liochio.auth.repository.QrLoginSessionRepository; If you want this repository to be a Redis repository, consider annotating your entities with one of these annotations: org.springframework.data.redis.core.RedisHash (preferred), or consider extending one of the following types with your repository: org.springframework.data.keyvalue.repository.KeyValueRepository
2026-09-08 17:13:52.309  INFO [auth-service] [traceId=NO_TRACE] [tenantId=default] [           main] .RepositoryConfigurationExtensionSupport : Spring Data Redis - Could not safely identify store assignment for repository candidate interface com.liochio.auth.repository.RoleRepository; If you want this repository to be a Redis repository, consider annotating your entities with one of these annotations: org.springframework.data.redis.core.RedisHash (preferred), or consider extending one of the following types with your repository: org.springframework.data.keyvalue.repository.KeyValueRepository
2026-09-08 17:13:52.311  INFO [auth-service] [traceId=NO_TRACE] [tenantId=default] [           main] .RepositoryConfigurationExtensionSupport : Spring Data Redis - Could not safely identify store assignment for repository candidate interface com.liochio.auth.repository.SecurityLoginHistoryRepository; If you want this repository to be a Redis repository, consider annotating your entities with one of these annotations: org.springframework.data.redis.core.RedisHash (preferred), or consider extending one of the following types with your repository: org.springframework.data.keyvalue.repository.KeyValueRepository
2026-09-08 17:13:52.311  INFO [auth-service] [traceId=NO_TRACE] [tenantId=default] [           main] .RepositoryConfigurationExtensionSupport : Spring Data Redis - Could not safely identify store assignment for repository candidate interface com.liochio.auth.repository.SystemFeatureRepository; If you want this repository to be a Redis repository, consider annotating your entities with one of these annotations: org.springframework.data.redis.core.RedisHash (preferred), or consider extending one of the following types with your repository: org.springframework.data.keyvalue.repository.KeyValueRepository
2026-09-08 17:13:52.313  INFO [auth-service] [traceId=NO_TRACE] [tenantId=default] [           main] .RepositoryConfigurationExtensionSupport : Spring Data Redis - Could not safely identify store assignment for repository candidate interface com.liochio.auth.repository.TenantFeatureRepository; If you want this repository to be a Redis repository, consider annotating your entities with one of these annotations: org.springframework.data.redis.core.RedisHash (preferred), or consider extending one of the following types with your repository: org.springframework.data.keyvalue.repository.KeyValueRepository
2026-09-08 17:13:52.314  INFO [auth-service] [traceId=NO_TRACE] [tenantId=default] [           main] .RepositoryConfigurationExtensionSupport : Spring Data Redis - Could not safely identify store assignment for repository candidate interface com.liochio.auth.repository.TenantRepository; If you want this repository to be a Redis repository, consider annotating your entities with one of these annotations: org.springframework.data.redis.core.RedisHash (preferred), or consider extending one of the following types with your repository: org.springframework.data.keyvalue.repository.KeyValueRepository
2026-09-08 17:13:52.314  INFO [auth-service] [traceId=NO_TRACE] [tenantId=default] [           main] .RepositoryConfigurationExtensionSupport : Spring Data Redis - Could not safely identify store assignment for repository candidate interface com.liochio.auth.repository.UserDeviceRepository; If you want this repository to be a Redis repository, consider annotating your entities with one of these annotations: org.springframework.data.redis.core.RedisHash (preferred), or consider extending one of the following types with your repository: org.springframework.data.keyvalue.repository.KeyValueRepository
2026-09-08 17:13:52.314  INFO [auth-service] [traceId=NO_TRACE] [tenantId=default] [           main] .RepositoryConfigurationExtensionSupport : Spring Data Redis - Could not safely identify store assignment for repository candidate interface com.liochio.auth.repository.UserRepository; If you want this repository to be a Redis repository, consider annotating your entities with one of these annotations: org.springframework.data.redis.core.RedisHash (preferred), or consider extending one of the following types with your repository: org.springframework.data.keyvalue.repository.KeyValueRepository
2026-09-08 17:13:52.316  INFO [auth-service] [traceId=NO_TRACE] [tenantId=default] [           main] .RepositoryConfigurationExtensionSupport : Spring Data Redis - Could not safely identify store assignment for repository candidate interface com.liochio.auth.repository.UserSessionRepository; If you want this repository to be a Redis repository, consider annotating your entities with one of these annotations: org.springframework.data.redis.core.RedisHash (preferred), or consider extending one of the following types with your repository: org.springframework.data.keyvalue.repository.KeyValueRepository
2026-09-08 17:13:52.316  INFO [auth-service] [traceId=NO_TRACE] [tenantId=default] [           main] .s.d.r.c.RepositoryConfigurationDelegate : Finished Spring Data repository scanning in 50 ms. Found 0 Redis repository interfaces.
2026-09-08 17:13:53.630  INFO [auth-service] [traceId=NO_TRACE] [tenantId=default] [           main] o.s.cloud.context.scope.GenericScope     : BeanFactory id=b60497be-dd8c-36b5-b86d-716d72994ca9
2026-09-08 17:13:56.223  INFO [auth-service] [traceId=NO_TRACE] [tenantId=default] [           main] o.s.b.w.embedded.tomcat.TomcatWebServer  : Tomcat initialized with port 8081 (http)
2026-09-08 17:13:56.242  INFO [auth-service] [traceId=NO_TRACE] [tenantId=default] [           main] o.apache.catalina.core.StandardService   : Starting service [Tomcat]
2026-09-08 17:13:56.243  INFO [auth-service] [traceId=NO_TRACE] [tenantId=default] [           main] o.apache.catalina.core.StandardEngine    : Starting Servlet engine: [Apache Tomcat/10.1.36]
2026-09-08 17:13:56.310  INFO [auth-service] [traceId=NO_TRACE] [tenantId=default] [           main] o.a.c.c.C.[Tomcat].[localhost].[/]       : Initializing Spring embedded WebApplicationContext
2026-09-08 17:13:56.311  INFO [auth-service] [traceId=NO_TRACE] [tenantId=default] [           main] w.s.c.ServletWebServerApplicationContext : Root WebApplicationContext: initialization completed in 7872 ms
2026-09-08 17:13:57.207  INFO [auth-service] [traceId=NO_TRACE] [tenantId=default] [           main] com.zaxxer.hikari.HikariDataSource       : HikariPool-1 - Starting...
2026-09-08 17:13:57.531  INFO [auth-service] [traceId=NO_TRACE] [tenantId=default] [           main] com.zaxxer.hikari.pool.HikariPool        : HikariPool-1 - Added connection com.mysql.cj.jdbc.ConnectionImpl@74b521c
2026-09-08 17:13:57.537  INFO [auth-service] [traceId=NO_TRACE] [tenantId=default] [           main] com.zaxxer.hikari.HikariDataSource       : HikariPool-1 - Start completed.
2026-09-08 17:13:57.605  INFO [auth-service] [traceId=NO_TRACE] [tenantId=default] [           main] org.flywaydb.core.FlywayExecutor         : Database: jdbc:mysql://localhost:3306/liochio_auth_db?useSSL=false&serverTimezone=UTC&allowPublicKeyRetrieval=true&createDatabaseIfNotExist=true&characterEncoding=UTF-8 (MySQL 8.0)
2026-09-08 17:13:57.687  INFO [auth-service] [traceId=NO_TRACE] [tenantId=default] [           main] o.f.core.internal.command.DbValidate     : Successfully validated 8 migrations (execution time 00:00.050s)
2026-09-08 17:13:57.705  INFO [auth-service] [traceId=NO_TRACE] [tenantId=default] [           main] o.f.core.internal.command.DbMigrate      : Current version of schema `liochio_auth_db`: << Empty Schema >>
2026-09-08 17:13:57.742  INFO [auth-service] [traceId=NO_TRACE] [tenantId=default] [           main] o.f.core.internal.command.DbMigrate      : Migrating schema `liochio_auth_db` to version "1 - init auth schema"
2026-09-08 17:13:57.762  WARN [auth-service] [traceId=NO_TRACE] [tenantId=default] [           main] o.f.c.i.s.DefaultSqlScriptExecutor       : DB: Table 'permissions' already exists (SQL State: 42S01 - Error Code: 1050)
2026-09-08 17:13:57.768  WARN [auth-service] [traceId=NO_TRACE] [tenantId=default] [           main] o.f.c.i.s.DefaultSqlScriptExecutor       : DB: Table 'roles' already exists (SQL State: 42S01 - Error Code: 1050)
2026-09-08 17:13:57.773  WARN [auth-service] [traceId=NO_TRACE] [tenantId=default] [           main] o.f.c.i.s.DefaultSqlScriptExecutor       : DB: Table 'users' already exists (SQL State: 42S01 - Error Code: 1050)
2026-09-08 17:13:57.778  WARN [auth-service] [traceId=NO_TRACE] [tenantId=default] [           main] o.f.c.i.s.DefaultSqlScriptExecutor       : DB: Table 'user_roles' already exists (SQL State: 42S01 - Error Code: 1050)
2026-09-08 17:13:57.782  WARN [auth-service] [traceId=NO_TRACE] [tenantId=default] [           main] o.f.c.i.s.DefaultSqlScriptExecutor       : DB: Table 'role_permissions' already exists (SQL State: 42S01 - Error Code: 1050)
2026-09-08 17:13:57.789  WARN [auth-service] [traceId=NO_TRACE] [tenantId=default] [           main] o.f.c.i.s.DefaultSqlScriptExecutor       : DB: Field 'version' doesn't have a default value (SQL State: HY000 - Error Code: 1364)
2026-09-08 17:13:57.792  WARN [auth-service] [traceId=NO_TRACE] [tenantId=default] [           main] o.f.c.i.s.DefaultSqlScriptExecutor       : DB: Duplicate entry 'system:admin' for key 'permissions.permission_code' (SQL State: 23000 - Error Code: 1062)
2026-09-08 17:13:57.797  WARN [auth-service] [traceId=NO_TRACE] [tenantId=default] [           main] o.f.c.i.s.DefaultSqlScriptExecutor       : DB: Field 'version' doesn't have a default value (SQL State: HY000 - Error Code: 1364)
2026-09-08 17:13:57.797  WARN [auth-service] [traceId=NO_TRACE] [tenantId=default] [           main] o.f.c.i.s.DefaultSqlScriptExecutor       : DB: Duplicate entry '1' for key 'roles.PRIMARY' (SQL State: 23000 - Error Code: 1062)
2026-09-08 17:13:57.797  WARN [auth-service] [traceId=NO_TRACE] [tenantId=default] [           main] o.f.c.i.s.DefaultSqlScriptExecutor       : DB: Duplicate entry '2' for key 'roles.PRIMARY' (SQL State: 23000 - Error Code: 1062)
2026-09-08 17:13:57.798  WARN [auth-service] [traceId=NO_TRACE] [tenantId=default] [           main] o.f.c.i.s.DefaultSqlScriptExecutor       : DB: Duplicate entry '3' for key 'roles.PRIMARY' (SQL State: 23000 - Error Code: 1062)
2026-09-08 17:13:57.798  WARN [auth-service] [traceId=NO_TRACE] [tenantId=default] [           main] o.f.c.i.s.DefaultSqlScriptExecutor       : DB: Duplicate entry '4' for key 'roles.PRIMARY' (SQL State: 23000 - Error Code: 1062)
2026-09-08 17:13:57.807  WARN [auth-service] [traceId=NO_TRACE] [tenantId=default] [           main] o.f.c.i.s.DefaultSqlScriptExecutor       : DB: Duplicate entry '1-1' for key 'role_permissions.PRIMARY' (SQL State: 23000 - Error Code: 1062)
2026-09-08 17:13:57.808  WARN [auth-service] [traceId=NO_TRACE] [tenantId=default] [           main] o.f.c.i.s.DefaultSqlScriptExecutor       : DB: Duplicate entry '1-2' for key 'role_permissions.PRIMARY' (SQL State: 23000 - Error Code: 1062)
2026-09-08 17:13:57.808  WARN [auth-service] [traceId=NO_TRACE] [tenantId=default] [           main] o.f.c.i.s.DefaultSqlScriptExecutor       : DB: Duplicate entry '1-3' for key 'role_permissions.PRIMARY' (SQL State: 23000 - Error Code: 1062)
2026-09-08 17:13:57.809  WARN [auth-service] [traceId=NO_TRACE] [tenantId=default] [           main] o.f.c.i.s.DefaultSqlScriptExecutor       : DB: Duplicate entry '1-4' for key 'role_permissions.PRIMARY' (SQL State: 23000 - Error Code: 1062)
2026-09-08 17:13:57.810  WARN [auth-service] [traceId=NO_TRACE] [tenantId=default] [           main] o.f.c.i.s.DefaultSqlScriptExecutor       : DB: Duplicate entry '1-5' for key 'role_permissions.PRIMARY' (SQL State: 23000 - Error Code: 1062)
2026-09-08 17:13:57.812  WARN [auth-service] [traceId=NO_TRACE] [tenantId=default] [           main] o.f.c.i.s.DefaultSqlScriptExecutor       : DB: Duplicate entry '1-6' for key 'role_permissions.PRIMARY' (SQL State: 23000 - Error Code: 1062)
2026-09-08 17:13:57.812  WARN [auth-service] [traceId=NO_TRACE] [tenantId=default] [           main] o.f.c.i.s.DefaultSqlScriptExecutor       : DB: Duplicate entry '1-7' for key 'role_permissions.PRIMARY' (SQL State: 23000 - Error Code: 1062)
2026-09-08 17:13:57.814  WARN [auth-service] [traceId=NO_TRACE] [tenantId=default] [           main] o.f.c.i.s.DefaultSqlScriptExecutor       : DB: Duplicate entry '1-8' for key 'role_permissions.PRIMARY' (SQL State: 23000 - Error Code: 1062)
2026-09-08 17:13:57.815  WARN [auth-service] [traceId=NO_TRACE] [tenantId=default] [           main] o.f.c.i.s.DefaultSqlScriptExecutor       : DB: Duplicate entry '1-9' for key 'role_permissions.PRIMARY' (SQL State: 23000 - Error Code: 1062)
2026-09-08 17:13:57.815  WARN [auth-service] [traceId=NO_TRACE] [tenantId=default] [           main] o.f.c.i.s.DefaultSqlScriptExecutor       : DB: Duplicate entry '1-10' for key 'role_permissions.PRIMARY' (SQL State: 23000 - Error Code: 1062)
2026-09-08 17:13:57.815  WARN [auth-service] [traceId=NO_TRACE] [tenantId=default] [           main] o.f.c.i.s.DefaultSqlScriptExecutor       : DB: Duplicate entry '1-11' for key 'role_permissions.PRIMARY' (SQL State: 23000 - Error Code: 1062)
2026-09-08 17:13:57.816  WARN [auth-service] [traceId=NO_TRACE] [tenantId=default] [           main] o.f.c.i.s.DefaultSqlScriptExecutor       : DB: Duplicate entry '1-12' for key 'role_permissions.PRIMARY' (SQL State: 23000 - Error Code: 1062)
2026-09-08 17:13:57.817  WARN [auth-service] [traceId=NO_TRACE] [tenantId=default] [           main] o.f.c.i.s.DefaultSqlScriptExecutor       : DB: Duplicate entry '1-13' for key 'role_permissions.PRIMARY' (SQL State: 23000 - Error Code: 1062)
2026-09-08 17:13:57.817  WARN [auth-service] [traceId=NO_TRACE] [tenantId=default] [           main] o.f.c.i.s.DefaultSqlScriptExecutor       : DB: Duplicate entry '1-14' for key 'role_permissions.PRIMARY' (SQL State: 23000 - Error Code: 1062)
2026-09-08 17:13:57.818  WARN [auth-service] [traceId=NO_TRACE] [tenantId=default] [           main] o.f.c.i.s.DefaultSqlScriptExecutor       : DB: Duplicate entry '1-15' for key 'role_permissions.PRIMARY' (SQL State: 23000 - Error Code: 1062)
2026-09-08 17:13:57.819  WARN [auth-service] [traceId=NO_TRACE] [tenantId=default] [           main] o.f.c.i.s.DefaultSqlScriptExecutor       : DB: Duplicate entry '1-16' for key 'role_permissions.PRIMARY' (SQL State: 23000 - Error Code: 1062)
2026-09-08 17:13:57.820  WARN [auth-service] [traceId=NO_TRACE] [tenantId=default] [           main] o.f.c.i.s.DefaultSqlScriptExecutor       : DB: Duplicate entry '1-17' for key 'role_permissions.PRIMARY' (SQL State: 23000 - Error Code: 1062)
2026-09-08 17:13:57.821  WARN [auth-service] [traceId=NO_TRACE] [tenantId=default] [           main] o.f.c.i.s.DefaultSqlScriptExecutor       : DB: Duplicate entry '1-18' for key 'role_permissions.PRIMARY' (SQL State: 23000 - Error Code: 1062)
2026-09-08 17:13:57.822  WARN [auth-service] [traceId=NO_TRACE] [tenantId=default] [           main] o.f.c.i.s.DefaultSqlScriptExecutor       : DB: Duplicate entry '1-19' for key 'role_permissions.PRIMARY' (SQL State: 23000 - Error Code: 1062)
2026-09-08 17:13:57.823  WARN [auth-service] [traceId=NO_TRACE] [tenantId=default] [           main] o.f.c.i.s.DefaultSqlScriptExecutor       : DB: Duplicate entry '1-20' for key 'role_permissions.PRIMARY' (SQL State: 23000 - Error Code: 1062)
2026-09-08 17:13:57.823  WARN [auth-service] [traceId=NO_TRACE] [tenantId=default] [           main] o.f.c.i.s.DefaultSqlScriptExecutor       : DB: Duplicate entry '1-21' for key 'role_permissions.PRIMARY' (SQL State: 23000 - Error Code: 1062)
2026-09-08 17:13:57.824  WARN [auth-service] [traceId=NO_TRACE] [tenantId=default] [           main] o.f.c.i.s.DefaultSqlScriptExecutor       : DB: Duplicate entry '1-22' for key 'role_permissions.PRIMARY' (SQL State: 23000 - Error Code: 1062)
2026-09-08 17:13:57.825  WARN [auth-service] [traceId=NO_TRACE] [tenantId=default] [           main] o.f.c.i.s.DefaultSqlScriptExecutor       : DB: Duplicate entry '1-23' for key 'role_permissions.PRIMARY' (SQL State: 23000 - Error Code: 1062)
2026-09-08 17:13:57.825  WARN [auth-service] [traceId=NO_TRACE] [tenantId=default] [           main] o.f.c.i.s.DefaultSqlScriptExecutor       : DB: Duplicate entry '1-24' for key 'role_permissions.PRIMARY' (SQL State: 23000 - Error Code: 1062)
2026-09-08 17:13:57.826  WARN [auth-service] [traceId=NO_TRACE] [tenantId=default] [           main] o.f.c.i.s.DefaultSqlScriptExecutor       : DB: Duplicate entry '1-25' for key 'role_permissions.PRIMARY' (SQL State: 23000 - Error Code: 1062)
2026-09-08 17:13:57.826  WARN [auth-service] [traceId=NO_TRACE] [tenantId=default] [           main] o.f.c.i.s.DefaultSqlScriptExecutor       : DB: Duplicate entry '1-26' for key 'role_permissions.PRIMARY' (SQL State: 23000 - Error Code: 1062)
2026-09-08 17:13:57.827  WARN [auth-service] [traceId=NO_TRACE] [tenantId=default] [           main] o.f.c.i.s.DefaultSqlScriptExecutor       : DB: Duplicate entry '1-27' for key 'role_permissions.PRIMARY' (SQL State: 23000 - Error Code: 1062)
2026-09-08 17:13:57.831  WARN [auth-service] [traceId=NO_TRACE] [tenantId=default] [           main] o.f.c.i.s.DefaultSqlScriptExecutor       : DB: Duplicate entry '1-28' for key 'role_permissions.PRIMARY' (SQL State: 23000 - Error Code: 1062)
2026-09-08 17:13:57.832  WARN [auth-service] [traceId=NO_TRACE] [tenantId=default] [           main] o.f.c.i.s.DefaultSqlScriptExecutor       : DB: Duplicate entry '1-29' for key 'role_permissions.PRIMARY' (SQL State: 23000 - Error Code: 1062)
2026-09-08 17:13:57.833  WARN [auth-service] [traceId=NO_TRACE] [tenantId=default] [           main] o.f.c.i.s.DefaultSqlScriptExecutor       : DB: Duplicate entry '1-30' for key 'role_permissions.PRIMARY' (SQL State: 23000 - Error Code: 1062)
2026-09-08 17:13:57.834  WARN [auth-service] [traceId=NO_TRACE] [tenantId=default] [           main] o.f.c.i.s.DefaultSqlScriptExecutor       : DB: Duplicate entry '1-31' for key 'role_permissions.PRIMARY' (SQL State: 23000 - Error Code: 1062)
2026-09-08 17:13:57.834  WARN [auth-service] [traceId=NO_TRACE] [tenantId=default] [           main] o.f.c.i.s.DefaultSqlScriptExecutor       : DB: Duplicate entry '1-32' for key 'role_permissions.PRIMARY' (SQL State: 23000 - Error Code: 1062)
2026-09-08 17:13:57.834  WARN [auth-service] [traceId=NO_TRACE] [tenantId=default] [           main] o.f.c.i.s.DefaultSqlScriptExecutor       : DB: Duplicate entry '1-33' for key 'role_permissions.PRIMARY' (SQL State: 23000 - Error Code: 1062)
2026-09-08 17:13:57.834  WARN [auth-service] [traceId=NO_TRACE] [tenantId=default] [           main] o.f.c.i.s.DefaultSqlScriptExecutor       : DB: Duplicate entry '1-34' for key 'role_permissions.PRIMARY' (SQL State: 23000 - Error Code: 1062)
2026-09-08 17:13:57.834  WARN [auth-service] [traceId=NO_TRACE] [tenantId=default] [           main] o.f.c.i.s.DefaultSqlScriptExecutor       : DB: Duplicate entry '1-35' for key 'role_permissions.PRIMARY' (SQL State: 23000 - Error Code: 1062)
2026-09-08 17:13:57.834  WARN [auth-service] [traceId=NO_TRACE] [tenantId=default] [           main] o.f.c.i.s.DefaultSqlScriptExecutor       : DB: Duplicate entry '1-36' for key 'role_permissions.PRIMARY' (SQL State: 23000 - Error Code: 1062)
2026-09-08 17:13:57.836  WARN [auth-service] [traceId=NO_TRACE] [tenantId=default] [           main] o.f.c.i.s.DefaultSqlScriptExecutor       : DB: Duplicate entry '1-37' for key 'role_permissions.PRIMARY' (SQL State: 23000 - Error Code: 1062)
2026-09-08 17:13:57.836  WARN [auth-service] [traceId=NO_TRACE] [tenantId=default] [           main] o.f.c.i.s.DefaultSqlScriptExecutor       : DB: Duplicate entry '1-38' for key 'role_permissions.PRIMARY' (SQL State: 23000 - Error Code: 1062)
2026-09-08 17:13:57.837  WARN [auth-service] [traceId=NO_TRACE] [tenantId=default] [           main] o.f.c.i.s.DefaultSqlScriptExecutor       : DB: Duplicate entry '1-39' for key 'role_permissions.PRIMARY' (SQL State: 23000 - Error Code: 1062)
2026-09-08 17:13:57.837  WARN [auth-service] [traceId=NO_TRACE] [tenantId=default] [           main] o.f.c.i.s.DefaultSqlScriptExecutor       : DB: Duplicate entry '1-40' for key 'role_permissions.PRIMARY' (SQL State: 23000 - Error Code: 1062)
2026-09-08 17:13:57.837  WARN [auth-service] [traceId=NO_TRACE] [tenantId=default] [           main] o.f.c.i.s.DefaultSqlScriptExecutor       : DB: Duplicate entry '1-41' for key 'role_permissions.PRIMARY' (SQL State: 23000 - Error Code: 1062)
2026-09-08 17:13:57.838  WARN [auth-service] [traceId=NO_TRACE] [tenantId=default] [           main] o.f.c.i.s.DefaultSqlScriptExecutor       : DB: Duplicate entry '1-42' for key 'role_permissions.PRIMARY' (SQL State: 23000 - Error Code: 1062)
2026-09-08 17:13:57.839  WARN [auth-service] [traceId=NO_TRACE] [tenantId=default] [           main] o.f.c.i.s.DefaultSqlScriptExecutor       : DB: Duplicate entry '1-43' for key 'role_permissions.PRIMARY' (SQL State: 23000 - Error Code: 1062)
2026-09-08 17:13:57.839  WARN [auth-service] [traceId=NO_TRACE] [tenantId=default] [           main] o.f.c.i.s.DefaultSqlScriptExecutor       : DB: Duplicate entry '1-44' for key 'role_permissions.PRIMARY' (SQL State: 23000 - Error Code: 1062)
2026-09-08 17:13:57.841  WARN [auth-service] [traceId=NO_TRACE] [tenantId=default] [           main] o.f.c.i.s.DefaultSqlScriptExecutor       : DB: Duplicate entry '1-45' for key 'role_permissions.PRIMARY' (SQL State: 23000 - Error Code: 1062)
2026-09-08 17:13:57.841  WARN [auth-service] [traceId=NO_TRACE] [tenantId=default] [           main] o.f.c.i.s.DefaultSqlScriptExecutor       : DB: Duplicate entry '1-46' for key 'role_permissions.PRIMARY' (SQL State: 23000 - Error Code: 1062)
2026-09-08 17:13:57.842  WARN [auth-service] [traceId=NO_TRACE] [tenantId=default] [           main] o.f.c.i.s.DefaultSqlScriptExecutor       : DB: Duplicate entry '1-47' for key 'role_permissions.PRIMARY' (SQL State: 23000 - Error Code: 1062)
2026-09-08 17:13:57.843  WARN [auth-service] [traceId=NO_TRACE] [tenantId=default] [           main] o.f.c.i.s.DefaultSqlScriptExecutor       : DB: Duplicate entry '1-48' for key 'role_permissions.PRIMARY' (SQL State: 23000 - Error Code: 1062)
2026-09-08 17:13:57.844  WARN [auth-service] [traceId=NO_TRACE] [tenantId=default] [           main] o.f.c.i.s.DefaultSqlScriptExecutor       : DB: Duplicate entry '1-49' for key 'role_permissions.PRIMARY' (SQL State: 23000 - Error Code: 1062)
2026-09-08 17:13:57.844  WARN [auth-service] [traceId=NO_TRACE] [tenantId=default] [           main] o.f.c.i.s.DefaultSqlScriptExecutor       : DB: Duplicate entry '1-50' for key 'role_permissions.PRIMARY' (SQL State: 23000 - Error Code: 1062)
2026-09-08 17:13:57.847  WARN [auth-service] [traceId=NO_TRACE] [tenantId=default] [           main] o.f.c.i.s.DefaultSqlScriptExecutor       : DB: Field 'user_type' doesn't have a default value (SQL State: HY000 - Error Code: 1364)
2026-09-08 17:13:57.847  WARN [auth-service] [traceId=NO_TRACE] [tenantId=default] [           main] o.f.c.i.s.DefaultSqlScriptExecutor       : DB: Field 'version' doesn't have a default value (SQL State: HY000 - Error Code: 1364)
2026-09-08 17:13:57.847  WARN [auth-service] [traceId=NO_TRACE] [tenantId=default] [           main] o.f.c.i.s.DefaultSqlScriptExecutor       : DB: Duplicate entry '1' for key 'users.PRIMARY' (SQL State: 23000 - Error Code: 1062)
2026-09-08 17:13:57.851  WARN [auth-service] [traceId=NO_TRACE] [tenantId=default] [           main] o.f.c.i.s.DefaultSqlScriptExecutor       : DB: Duplicate entry '1-1' for key 'user_roles.PRIMARY' (SQL State: 23000 - Error Code: 1062)
2026-09-08 17:13:57.916  INFO [auth-service] [traceId=NO_TRACE] [tenantId=default] [           main] o.f.core.internal.command.DbMigrate      : Migrating schema `liochio_auth_db` to version "2 - create outbox events"
2026-09-08 17:13:57.923  WARN [auth-service] [traceId=NO_TRACE] [tenantId=default] [           main] o.f.c.i.s.DefaultSqlScriptExecutor       : DB: Table 'outbox_events' already exists (SQL State: 42S01 - Error Code: 1050)
2026-09-08 17:13:57.957  INFO [auth-service] [traceId=NO_TRACE] [tenantId=default] [           main] o.f.core.internal.command.DbMigrate      : Migrating schema `liochio_auth_db` to version "3 - update admin password"
2026-09-08 17:13:57.991  INFO [auth-service] [traceId=NO_TRACE] [tenantId=default] [           main] o.f.core.internal.command.DbMigrate      : Migrating schema `liochio_auth_db` to version "4 - assign role to admin"
2026-09-08 17:13:58.023  INFO [auth-service] [traceId=NO_TRACE] [tenantId=default] [           main] o.f.core.internal.command.DbMigrate      : Migrating schema `liochio_auth_db` to version "5 - assign permissions to roles"
2026-09-08 17:13:58.057  INFO [auth-service] [traceId=NO_TRACE] [tenantId=default] [           main] o.f.core.internal.command.DbMigrate      : Migrating schema `liochio_auth_db` to version "6 - create tenancy features and security tables"
2026-09-08 17:13:58.064  WARN [auth-service] [traceId=NO_TRACE] [tenantId=default] [           main] o.f.c.i.s.DefaultSqlScriptExecutor       : DB: Table 'tenants' already exists (SQL State: 42S01 - Error Code: 1050)
2026-09-08 17:13:58.067  WARN [auth-service] [traceId=NO_TRACE] [tenantId=default] [           main] o.f.c.i.s.DefaultSqlScriptExecutor       : DB: Field 'tenant_id' doesn't have a default value (SQL State: HY000 - Error Code: 1364)
2026-09-08 17:13:58.067  WARN [auth-service] [traceId=NO_TRACE] [tenantId=default] [           main] o.f.c.i.s.DefaultSqlScriptExecutor       : DB: Duplicate entry 'default' for key 'tenants.PRIMARY' (SQL State: 23000 - Error Code: 1062)
2026-09-08 17:13:58.073  WARN [auth-service] [traceId=NO_TRACE] [tenantId=default] [           main] o.f.c.i.s.DefaultSqlScriptExecutor       : DB: Table 'system_features' already exists (SQL State: 42S01 - Error Code: 1050)
2026-09-08 17:13:58.081  WARN [auth-service] [traceId=NO_TRACE] [tenantId=default] [           main] o.f.c.i.s.DefaultSqlScriptExecutor       : DB: Table 'tenant_features' already exists (SQL State: 42S01 - Error Code: 1050)
2026-09-08 17:13:58.116 ERROR [auth-service] [traceId=NO_TRACE] [tenantId=default] [           main] o.f.core.internal.command.DbMigrate      : Migration of schema `liochio_auth_db` to version "6 - create tenancy features and security tables" failed! Please restore backups and roll back database and code!
2026-09-08 17:13:58.134 ERROR [auth-service] [traceId=NO_TRACE] [tenantId=default] [           main] o.s.b.web.embedded.tomcat.TomcatStarter  : Error starting Tomcat context. Exception: org.springframework.beans.factory.UnsatisfiedDependencyException. Message: Error creating bean with name 'auditLoggingFilter': Unsatisfied dependency expressed through field 'auditLogRepository': Error creating bean with name 'auditLogRepository' defined in com.liochio.common.repository.AuditLogRepository defined in @EnableJpaRepositories declared on AuthServiceApplication: Cannot resolve reference to bean 'jpaSharedEM_entityManagerFactory' while setting bean property 'entityManager'
2026-09-08 17:13:58.163  INFO [auth-service] [traceId=NO_TRACE] [tenantId=default] [           main] o.apache.catalina.core.StandardService   : Stopping service [Tomcat]
2026-09-08 17:13:58.167  WARN [auth-service] [traceId=NO_TRACE] [tenantId=default] [           main] o.a.c.loader.WebappClassLoaderBase       : The web application [ROOT] appears to have started a thread named [HikariPool-1 housekeeper] but has failed to stop it. This is very likely to create a memory leak. Stack trace of thread:
 java.base@17.0.17/jdk.internal.misc.Unsafe.park(Native Method)
 java.base@17.0.17/java.util.concurrent.locks.LockSupport.parkNanos(LockSupport.java:252)
 java.base@17.0.17/java.util.concurrent.locks.AbstractQueuedSynchronizer$ConditionObject.awaitNanos(AbstractQueuedSynchronizer.java:1672)
 java.base@17.0.17/java.util.concurrent.ScheduledThreadPoolExecutor$DelayedWorkQueue.take(ScheduledThreadPoolExecutor.java:1182)
 java.base@17.0.17/java.util.concurrent.ScheduledThreadPoolExecutor$DelayedWorkQueue.take(ScheduledThreadPoolExecutor.java:899)
 java.base@17.0.17/java.util.concurrent.ThreadPoolExecutor.getTask(ThreadPoolExecutor.java:1062)
 java.base@17.0.17/java.util.concurrent.ThreadPoolExecutor.runWorker(ThreadPoolExecutor.java:1122)
 java.base@17.0.17/java.util.concurrent.ThreadPoolExecutor$Worker.run(ThreadPoolExecutor.java:635)
 java.base@17.0.17/java.lang.Thread.run(Thread.java:842)
2026-09-08 17:13:58.168  WARN [auth-service] [traceId=NO_TRACE] [tenantId=default] [           main] o.a.c.loader.WebappClassLoaderBase       : The web application [ROOT] appears to have started a thread named [HikariPool-1 connection adder] but has failed to stop it. This is very likely to create a memory leak. Stack trace of thread:
 java.base@17.0.17/jdk.internal.misc.Unsafe.park(Native Method)
 java.base@17.0.17/java.util.concurrent.locks.LockSupport.parkNanos(LockSupport.java:252)
 java.base@17.0.17/java.util.concurrent.locks.AbstractQueuedSynchronizer$ConditionObject.awaitNanos(AbstractQueuedSynchronizer.java:1672)
 java.base@17.0.17/java.util.concurrent.LinkedBlockingQueue.poll(LinkedBlockingQueue.java:460)
 java.base@17.0.17/java.util.concurrent.ThreadPoolExecutor.getTask(ThreadPoolExecutor.java:1061)
 java.base@17.0.17/java.util.concurrent.ThreadPoolExecutor.runWorker(ThreadPoolExecutor.java:1122)
 java.base@17.0.17/java.util.concurrent.ThreadPoolExecutor$Worker.run(ThreadPoolExecutor.java:635)
 java.base@17.0.17/java.lang.Thread.run(Thread.java:842)
2026-09-08 17:13:58.171  WARN [auth-service] [traceId=NO_TRACE] [tenantId=default] [           main] ConfigServletWebServerApplicationContext : Exception encountered during context initialization - cancelling refresh attempt: org.springframework.context.ApplicationContextException: Unable to start web server
2026-09-08 17:13:58.172  INFO [auth-service] [traceId=NO_TRACE] [tenantId=default] [           main] com.zaxxer.hikari.HikariDataSource       : HikariPool-1 - Shutdown initiated...
2026-09-08 17:13:58.181  INFO [auth-service] [traceId=NO_TRACE] [tenantId=default] [           main] com.zaxxer.hikari.HikariDataSource       : HikariPool-1 - Shutdown completed.
2026-09-08 17:13:58.205  INFO [auth-service] [traceId=NO_TRACE] [tenantId=default] [           main] .s.b.a.l.ConditionEvaluationReportLogger : 

Error starting ApplicationContext. To display the condition evaluation report re-run your application with 'debug' enabled.
2026-09-08 17:13:58.252 ERROR [auth-service] [traceId=NO_TRACE] [tenantId=default] [           main] o.s.boot.SpringApplication               : Application run failed

org.springframework.context.ApplicationContextException: Unable to start web server
	at org.springframework.boot.web.servlet.context.ServletWebServerApplicationContext.onRefresh(ServletWebServerApplicationContext.java:170)
	at org.springframework.context.support.AbstractApplicationContext.refresh(AbstractApplicationContext.java:621)
	at org.springframework.boot.web.servlet.context.ServletWebServerApplicationContext.refresh(ServletWebServerApplicationContext.java:146)
	at org.springframework.boot.SpringApplication.refresh(SpringApplication.java:752)
	at org.springframework.boot.SpringApplication.refreshContext(SpringApplication.java:439)
	at org.springframework.boot.SpringApplication.run(SpringApplication.java:318)
	at org.springframework.boot.SpringApplication.run(SpringApplication.java:1361)
	at org.springframework.boot.SpringApplication.run(SpringApplication.java:1350)
	at com.liochio.auth.AuthServiceApplication.main(AuthServiceApplication.java:29)
	at java.base/jdk.internal.reflect.NativeMethodAccessorImpl.invoke0(Native Method)
	at java.base/jdk.internal.reflect.NativeMethodAccessorImpl.invoke(NativeMethodAccessorImpl.java:77)
	at java.base/jdk.internal.reflect.DelegatingMethodAccessorImpl.invoke(DelegatingMethodAccessorImpl.java:43)
	at java.base/java.lang.reflect.Method.invoke(Method.java:568)
	at org.springframework.boot.loader.launch.Launcher.launch(Launcher.java:102)
	at org.springframework.boot.loader.launch.Launcher.launch(Launcher.java:64)
	at org.springframework.boot.loader.launch.JarLauncher.main(JarLauncher.java:40)
Caused by: org.springframework.boot.web.server.WebServerException: Unable to start embedded Tomcat
	at org.springframework.boot.web.embedded.tomcat.TomcatWebServer.initialize(TomcatWebServer.java:147)
	at org.springframework.boot.web.embedded.tomcat.TomcatWebServer.<init>(TomcatWebServer.java:107)
	at org.springframework.boot.web.embedded.tomcat.TomcatServletWebServerFactory.getTomcatWebServer(TomcatServletWebServerFactory.java:520)
	at org.springframework.boot.web.embedded.tomcat.TomcatServletWebServerFactory.getWebServer(TomcatServletWebServerFactory.java:222)
	at org.springframework.boot.web.servlet.context.ServletWebServerApplicationContext.createWebServer(ServletWebServerApplicationContext.java:193)
	at org.springframework.boot.web.servlet.context.ServletWebServerApplicationContext.onRefresh(ServletWebServerApplicationContext.java:167)
	... 15 common frames omitted
Caused by: org.springframework.beans.factory.UnsatisfiedDependencyException: Error creating bean with name 'auditLoggingFilter': Unsatisfied dependency expressed through field 'auditLogRepository': Error creating bean with name 'auditLogRepository' defined in com.liochio.common.repository.AuditLogRepository defined in @EnableJpaRepositories declared on AuthServiceApplication: Cannot resolve reference to bean 'jpaSharedEM_entityManagerFactory' while setting bean property 'entityManager'
	at org.springframework.beans.factory.annotation.AutowiredAnnotationBeanPostProcessor$AutowiredFieldElement.resolveFieldValue(AutowiredAnnotationBeanPostProcessor.java:788)
	at org.springframework.beans.factory.annotation.AutowiredAnnotationBeanPostProcessor$AutowiredFieldElement.inject(AutowiredAnnotationBeanPostProcessor.java:768)
	at org.springframework.beans.factory.annotation.InjectionMetadata.inject(InjectionMetadata.java:146)
	at org.springframework.beans.factory.annotation.AutowiredAnnotationBeanPostProcessor.postProcessProperties(AutowiredAnnotationBeanPostProcessor.java:509)
	at org.springframework.beans.factory.support.AbstractAutowireCapableBeanFactory.populateBean(AbstractAutowireCapableBeanFactory.java:1445)
	at org.springframework.beans.factory.support.AbstractAutowireCapableBeanFactory.doCreateBean(AbstractAutowireCapableBeanFactory.java:600)
	at org.springframework.beans.factory.support.AbstractAutowireCapableBeanFactory.createBean(AbstractAutowireCapableBeanFactory.java:523)
	at org.springframework.beans.factory.support.AbstractBeanFactory.lambda$doGetBean$0(AbstractBeanFactory.java:339)
	at org.springframework.beans.factory.support.DefaultSingletonBeanRegistry.getSingleton(DefaultSingletonBeanRegistry.java:346)
	at org.springframework.beans.factory.support.AbstractBeanFactory.doGetBean(AbstractBeanFactory.java:337)
	at org.springframework.beans.factory.support.AbstractBeanFactory.getBean(AbstractBeanFactory.java:207)
	at org.springframework.boot.web.servlet.ServletContextInitializerBeans.getOrderedBeansOfType(ServletContextInitializerBeans.java:211)
	at org.springframework.boot.web.servlet.ServletContextInitializerBeans.addAsRegistrationBean(ServletContextInitializerBeans.java:174)
	at org.springframework.boot.web.servlet.ServletContextInitializerBeans.addAsRegistrationBean(ServletContextInitializerBeans.java:169)
	at org.springframework.boot.web.servlet.ServletContextInitializerBeans.addAdaptableBeans(ServletContextInitializerBeans.java:154)
	at org.springframework.boot.web.servlet.ServletContextInitializerBeans.<init>(ServletContextInitializerBeans.java:87)
	at org.springframework.boot.web.servlet.context.ServletWebServerApplicationContext.getServletContextInitializerBeans(ServletWebServerApplicationContext.java:271)
	at org.springframework.boot.web.servlet.context.ServletWebServerApplicationContext.selfInitialize(ServletWebServerApplicationContext.java:245)
	at org.springframework.boot.web.embedded.tomcat.TomcatStarter.onStartup(TomcatStarter.java:52)
	at org.apache.catalina.core.StandardContext.startInternal(StandardContext.java:4467)
	at org.apache.catalina.util.LifecycleBase.start(LifecycleBase.java:164)
	at org.apache.catalina.core.ContainerBase$StartChild.call(ContainerBase.java:1203)
	at org.apache.catalina.core.ContainerBase$StartChild.call(ContainerBase.java:1193)
	at java.base/java.util.concurrent.FutureTask.run(FutureTask.java:264)
	at org.apache.tomcat.util.threads.InlineExecutorService.execute(InlineExecutorService.java:75)
	at java.base/java.util.concurrent.AbstractExecutorService.submit(AbstractExecutorService.java:145)
	at org.apache.catalina.core.ContainerBase.startInternal(ContainerBase.java:749)
	at org.apache.catalina.core.StandardHost.startInternal(StandardHost.java:772)
	at org.apache.catalina.util.LifecycleBase.start(LifecycleBase.java:164)
	at org.apache.catalina.core.ContainerBase$StartChild.call(ContainerBase.java:1203)
	at org.apache.catalina.core.ContainerBase$StartChild.call(ContainerBase.java:1193)
	at java.base/java.util.concurrent.FutureTask.run(FutureTask.java:264)
	at org.apache.tomcat.util.threads.InlineExecutorService.execute(InlineExecutorService.java:75)
	at java.base/java.util.concurrent.AbstractExecutorService.submit(AbstractExecutorService.java:145)
	at org.apache.catalina.core.ContainerBase.startInternal(ContainerBase.java:749)
	at org.apache.catalina.core.StandardEngine.startInternal(StandardEngine.java:203)
	at org.apache.catalina.util.LifecycleBase.start(LifecycleBase.java:164)
	at org.apache.catalina.core.StandardService.startInternal(StandardService.java:415)
	at org.apache.catalina.util.LifecycleBase.start(LifecycleBase.java:164)
	at org.apache.catalina.core.StandardServer.startInternal(StandardServer.java:870)
	at org.apache.catalina.util.LifecycleBase.start(LifecycleBase.java:164)
	at org.apache.catalina.startup.Tomcat.start(Tomcat.java:437)
	at org.springframework.boot.web.embedded.tomcat.TomcatWebServer.initialize(TomcatWebServer.java:128)
	... 20 common frames omitted
Caused by: org.springframework.beans.factory.BeanCreationException: Error creating bean with name 'auditLogRepository' defined in com.liochio.common.repository.AuditLogRepository defined in @EnableJpaRepositories declared on AuthServiceApplication: Cannot resolve reference to bean 'jpaSharedEM_entityManagerFactory' while setting bean property 'entityManager'
	at org.springframework.beans.factory.support.BeanDefinitionValueResolver.resolveReference(BeanDefinitionValueResolver.java:377)
	at org.springframework.beans.factory.support.BeanDefinitionValueResolver.resolveValueIfNecessary(BeanDefinitionValueResolver.java:135)
	at org.springframework.beans.factory.support.AbstractAutowireCapableBeanFactory.applyPropertyValues(AbstractAutowireCapableBeanFactory.java:1711)
	at org.springframework.beans.factory.support.AbstractAutowireCapableBeanFactory.populateBean(AbstractAutowireCapableBeanFactory.java:1460)
	at org.springframework.beans.factory.support.AbstractAutowireCapableBeanFactory.doCreateBean(AbstractAutowireCapableBeanFactory.java:600)
	at org.springframework.beans.factory.support.AbstractAutowireCapableBeanFactory.createBean(AbstractAutowireCapableBeanFactory.java:523)
	at org.springframework.beans.factory.support.AbstractBeanFactory.lambda$doGetBean$0(AbstractBeanFactory.java:339)
	at org.springframework.beans.factory.support.DefaultSingletonBeanRegistry.getSingleton(DefaultSingletonBeanRegistry.java:346)
	at org.springframework.beans.factory.support.AbstractBeanFactory.doGetBean(AbstractBeanFactory.java:337)
	at org.springframework.beans.factory.support.AbstractBeanFactory.getBean(AbstractBeanFactory.java:202)
	at org.springframework.beans.factory.support.DefaultListableBeanFactory.doResolveDependency(DefaultListableBeanFactory.java:1606)
	at org.springframework.beans.factory.support.DefaultListableBeanFactory.resolveDependency(DefaultListableBeanFactory.java:1552)
	at org.springframework.beans.factory.annotation.AutowiredAnnotationBeanPostProcessor$AutowiredFieldElement.resolveFieldValue(AutowiredAnnotationBeanPostProcessor.java:785)
	... 62 common frames omitted
Caused by: org.springframework.beans.factory.BeanCreationException: Error creating bean with name 'jpaSharedEM_entityManagerFactory': Cannot resolve reference to bean 'entityManagerFactory' while setting constructor argument
	at org.springframework.beans.factory.support.BeanDefinitionValueResolver.resolveReference(BeanDefinitionValueResolver.java:377)
	at org.springframework.beans.factory.support.BeanDefinitionValueResolver.resolveValueIfNecessary(BeanDefinitionValueResolver.java:135)
	at org.springframework.beans.factory.support.ConstructorResolver.resolveConstructorArguments(ConstructorResolver.java:691)
	at org.springframework.beans.factory.support.ConstructorResolver.instantiateUsingFactoryMethod(ConstructorResolver.java:513)
	at org.springframework.beans.factory.support.AbstractAutowireCapableBeanFactory.instantiateUsingFactoryMethod(AbstractAutowireCapableBeanFactory.java:1361)
	at org.springframework.beans.factory.support.AbstractAutowireCapableBeanFactory.createBeanInstance(AbstractAutowireCapableBeanFactory.java:1191)
	at org.springframework.beans.factory.support.AbstractAutowireCapableBeanFactory.doCreateBean(AbstractAutowireCapableBeanFactory.java:563)
	at org.springframework.beans.factory.support.AbstractAutowireCapableBeanFactory.createBean(AbstractAutowireCapableBeanFactory.java:523)
	at org.springframework.beans.factory.support.AbstractBeanFactory.lambda$doGetBean$0(AbstractBeanFactory.java:339)
	at org.springframework.beans.factory.support.DefaultSingletonBeanRegistry.getSingleton(DefaultSingletonBeanRegistry.java:346)
	at org.springframework.beans.factory.support.AbstractBeanFactory.doGetBean(AbstractBeanFactory.java:337)
	at org.springframework.beans.factory.support.AbstractBeanFactory.getBean(AbstractBeanFactory.java:202)
	at org.springframework.beans.factory.support.BeanDefinitionValueResolver.resolveReference(BeanDefinitionValueResolver.java:365)
	... 74 common frames omitted
Caused by: org.springframework.beans.factory.BeanCreationException: Error creating bean with name 'flywayInitializer' defined in class path resource [org/springframework/boot/autoconfigure/flyway/FlywayAutoConfiguration$FlywayConfiguration.class]: Script V6__create_tenancy_features_and_security_tables.sql failed
-----------------------------------------------------------------
SQL State  : 42S21
Error Code : 1060
Message    : Duplicate column name 'phone'
Location   : db/migration/V6__create_tenancy_features_and_security_tables.sql (D:\Github\Back-end\Microservice\nested:\D:\Github\Back-end\Microservice\SpringBoot\auth-service\target\auth-service-1.0.0-SNAPSHOT.jar\!BOOT-INF\classes\!\db\migration\V6__create_tenancy_features_and_security_tables.sql)
Line       : 76
Statement  : Run Flyway with -X option to see the actual statement causing the problem

	at org.springframework.beans.factory.support.AbstractAutowireCapableBeanFactory.initializeBean(AbstractAutowireCapableBeanFactory.java:1812)
	at org.springframework.beans.factory.support.AbstractAutowireCapableBeanFactory.doCreateBean(AbstractAutowireCapableBeanFactory.java:601)
	at org.springframework.beans.factory.support.AbstractAutowireCapableBeanFactory.createBean(AbstractAutowireCapableBeanFactory.java:523)
	at org.springframework.beans.factory.support.AbstractBeanFactory.lambda$doGetBean$0(AbstractBeanFactory.java:339)
	at org.springframework.beans.factory.support.DefaultSingletonBeanRegistry.getSingleton(DefaultSingletonBeanRegistry.java:346)
	at org.springframework.beans.factory.support.AbstractBeanFactory.doGetBean(AbstractBeanFactory.java:337)
	at org.springframework.beans.factory.support.AbstractBeanFactory.getBean(AbstractBeanFactory.java:202)
	at org.springframework.beans.factory.support.AbstractBeanFactory.doGetBean(AbstractBeanFactory.java:315)
	at org.springframework.beans.factory.support.AbstractBeanFactory.getBean(AbstractBeanFactory.java:202)
	at org.springframework.beans.factory.support.BeanDefinitionValueResolver.resolveReference(BeanDefinitionValueResolver.java:365)
	... 86 common frames omitted
Caused by: org.flywaydb.core.internal.exception.FlywayMigrateException: Script V6__create_tenancy_features_and_security_tables.sql failed
-----------------------------------------------------------------
SQL State  : 42S21
Error Code : 1060
Message    : Duplicate column name 'phone'
Location   : db/migration/V6__create_tenancy_features_and_security_tables.sql (D:\Github\Back-end\Microservice\nested:\D:\Github\Back-end\Microservice\SpringBoot\auth-service\target\auth-service-1.0.0-SNAPSHOT.jar\!BOOT-INF\classes\!\db\migration\V6__create_tenancy_features_and_security_tables.sql)
Line       : 76
Statement  : Run Flyway with -X option to see the actual statement causing the problem

	at org.flywaydb.core.internal.command.DbMigrate.doMigrateGroup(DbMigrate.java:399)
	at org.flywaydb.core.internal.command.DbMigrate.lambda$applyMigrations$1(DbMigrate.java:283)
	at org.flywaydb.core.internal.jdbc.TransactionalExecutionTemplate.execute(TransactionalExecutionTemplate.java:59)
	at org.flywaydb.core.internal.command.DbMigrate.applyMigrations(DbMigrate.java:282)
	at org.flywaydb.core.internal.command.DbMigrate.migrateGroup(DbMigrate.java:255)
	at org.flywaydb.core.internal.command.DbMigrate.lambda$migrateAll$0(DbMigrate.java:153)
	at org.flywaydb.database.mysql.MySQLNamedLockTemplate.execute(MySQLNamedLockTemplate.java:62)
	at org.flywaydb.database.mysql.MySQLConnection.lock(MySQLConnection.java:159)
	at org.flywaydb.core.internal.schemahistory.JdbcTableSchemaHistory.lock(JdbcTableSchemaHistory.java:149)
	at org.flywaydb.core.internal.command.DbMigrate.migrateAll(DbMigrate.java:153)
	at org.flywaydb.core.internal.command.DbMigrate.migrate(DbMigrate.java:104)
	at org.flywaydb.core.Flyway.lambda$migrate$1(Flyway.java:230)
	at org.flywaydb.core.FlywayExecutor.execute(FlywayExecutor.java:213)
	at org.flywaydb.core.Flyway.migrate(Flyway.java:176)
	at org.springframework.boot.autoconfigure.flyway.FlywayMigrationInitializer.afterPropertiesSet(FlywayMigrationInitializer.java:66)
	at org.springframework.beans.factory.support.AbstractAutowireCapableBeanFactory.invokeInitMethods(AbstractAutowireCapableBeanFactory.java:1859)
	at org.springframework.beans.factory.support.AbstractAutowireCapableBeanFactory.initializeBean(AbstractAutowireCapableBeanFactory.java:1808)
	... 95 common frames omitted
Caused by: org.flywaydb.core.internal.sqlscript.FlywaySqlScriptException: Script V6__create_tenancy_features_and_security_tables.sql failed
-----------------------------------------------------------------
SQL State  : 42S21
Error Code : 1060
Message    : Duplicate column name 'phone'
Location   : db/migration/V6__create_tenancy_features_and_security_tables.sql (D:\Github\Back-end\Microservice\nested:\D:\Github\Back-end\Microservice\SpringBoot\auth-service\target\auth-service-1.0.0-SNAPSHOT.jar\!BOOT-INF\classes\!\db\migration\V6__create_tenancy_features_and_security_tables.sql)
Line       : 76
Statement  : Run Flyway with -X option to see the actual statement causing the problem

	at org.flywaydb.core.internal.sqlscript.DefaultSqlScriptExecutor.handleException(DefaultSqlScriptExecutor.java:256)
	at org.flywaydb.core.internal.sqlscript.DefaultSqlScriptExecutor.executeStatement(DefaultSqlScriptExecutor.java:217)
	at org.flywaydb.core.internal.sqlscript.DefaultSqlScriptExecutor.execute(DefaultSqlScriptExecutor.java:137)
	at org.flywaydb.core.internal.resolver.sql.SqlMigrationExecutor.executeOnce(SqlMigrationExecutor.java:75)
	at org.flywaydb.core.internal.resolver.sql.SqlMigrationExecutor.lambda$execute$0(SqlMigrationExecutor.java:66)
	at org.flywaydb.core.internal.database.DefaultExecutionStrategy.execute(DefaultExecutionStrategy.java:31)
	at org.flywaydb.core.internal.resolver.sql.SqlMigrationExecutor.execute(SqlMigrationExecutor.java:65)
	at org.flywaydb.core.internal.command.DbMigrate.doMigrateGroup(DbMigrate.java:391)
	... 111 common frames omitted
Caused by: java.sql.SQLSyntaxErrorException: Duplicate column name 'phone'
	at com.mysql.cj.jdbc.exceptions.SQLError.createSQLException(SQLError.java:121)
	at com.mysql.cj.jdbc.exceptions.SQLExceptionsMapping.translateException(SQLExceptionsMapping.java:122)
	at com.mysql.cj.jdbc.StatementImpl.executeInternal(StatementImpl.java:770)
	at com.mysql.cj.jdbc.StatementImpl.execute(StatementImpl.java:653)
	at com.zaxxer.hikari.pool.ProxyStatement.execute(ProxyStatement.java:94)
	at com.zaxxer.hikari.pool.HikariProxyStatement.execute(HikariProxyStatement.java)
	at org.flywaydb.core.internal.jdbc.JdbcTemplate.executeStatement(JdbcTemplate.java:210)
	at org.flywaydb.core.internal.sqlscript.ParsedSqlStatement.execute(ParsedSqlStatement.java:88)
	at org.flywaydb.core.internal.sqlscript.DefaultSqlScriptExecutor.executeStatement(DefaultSqlScriptExecutor.java:212)
	... 117 common frames omitted

2026-09-08 17:15:12.173  INFO [auth-service] [traceId=NO_TRACE] [tenantId=default] [           main] c.liochio.auth.AuthServiceApplication    : Starting AuthServiceApplication v1.0.0-SNAPSHOT using Java 17.0.17 with PID 5304 (D:\Github\Back-end\Microservice\SpringBoot\auth-service\target\auth-service-1.0.0-SNAPSHOT.jar started by Liochio in D:\Github\Back-end\Microservice)
2026-09-08 17:15:12.179 DEBUG [auth-service] [traceId=NO_TRACE] [tenantId=default] [           main] c.liochio.auth.AuthServiceApplication    : Running with Spring Boot v3.4.3, Spring v6.2.3
2026-09-08 17:15:12.180  INFO [auth-service] [traceId=NO_TRACE] [tenantId=default] [           main] c.liochio.auth.AuthServiceApplication    : No active profile set, falling back to 1 default profile: "default"
2026-09-08 17:15:12.281  INFO [auth-service] [traceId=NO_TRACE] [tenantId=default] [           main] o.s.c.c.c.ConfigServerConfigDataLoader   : Fetching config from server at : http://localhost:8888/
2026-09-08 17:15:12.282  INFO [auth-service] [traceId=NO_TRACE] [tenantId=default] [           main] o.s.c.c.c.ConfigServerConfigDataLoader   : Exception on Url - http://localhost:8888/:org.springframework.web.client.ResourceAccessException: I/O error on GET request for "http://localhost:8888/auth-service/default": Connection refused: no further information. Will be trying the next url if available
2026-09-08 17:15:12.283  WARN [auth-service] [traceId=NO_TRACE] [tenantId=default] [           main] o.s.c.c.c.ConfigServerConfigDataLoader   : Could not locate PropertySource ([ConfigServerConfigDataResource@4fbb001b uris = array<String>['http://localhost:8888/'], optional = true, profiles = 'default']): I/O error on GET request for "http://localhost:8888/auth-service/default": Connection refused: no further information
2026-09-08 17:15:12.283  INFO [auth-service] [traceId=NO_TRACE] [tenantId=default] [           main] o.s.c.c.c.ConfigServerConfigDataLoader   : Fetching config from server at : http://localhost:8888/
2026-09-08 17:15:12.283  INFO [auth-service] [traceId=NO_TRACE] [tenantId=default] [           main] o.s.c.c.c.ConfigServerConfigDataLoader   : Exception on Url - http://localhost:8888/:org.springframework.web.client.ResourceAccessException: I/O error on GET request for "http://localhost:8888/auth-service/default": Connection refused: no further information. Will be trying the next url if available
2026-09-08 17:15:12.284  WARN [auth-service] [traceId=NO_TRACE] [tenantId=default] [           main] o.s.c.c.c.ConfigServerConfigDataLoader   : Could not locate PropertySource ([ConfigServerConfigDataResource@5d10455d uris = array<String>['http://localhost:8888/'], optional = true, profiles = 'default']): I/O error on GET request for "http://localhost:8888/auth-service/default": Connection refused: no further information
2026-09-08 17:15:12.284  INFO [auth-service] [traceId=NO_TRACE] [tenantId=default] [           main] o.s.c.c.c.ConfigServerConfigDataLoader   : Fetching config from server at : http://localhost:8888/
2026-09-08 17:15:12.285  INFO [auth-service] [traceId=NO_TRACE] [tenantId=default] [           main] o.s.c.c.c.ConfigServerConfigDataLoader   : Exception on Url - http://localhost:8888/:org.springframework.web.client.ResourceAccessException: I/O error on GET request for "http://localhost:8888/auth-service/default": Connection refused: no further information. Will be trying the next url if available
2026-09-08 17:15:12.285  WARN [auth-service] [traceId=NO_TRACE] [tenantId=default] [           main] o.s.c.c.c.ConfigServerConfigDataLoader   : Could not locate PropertySource ([ConfigServerConfigDataResource@535b8c24 uris = array<String>['http://localhost:8888/'], optional = true, profiles = 'default']): I/O error on GET request for "http://localhost:8888/auth-service/default": Connection refused: no further information
2026-09-08 17:15:13.534  INFO [auth-service] [traceId=NO_TRACE] [tenantId=default] [           main] .s.d.r.c.RepositoryConfigurationDelegate : Multiple Spring Data modules found, entering strict repository configuration mode
2026-09-08 17:15:13.534  INFO [auth-service] [traceId=NO_TRACE] [tenantId=default] [           main] .s.d.r.c.RepositoryConfigurationDelegate : Bootstrapping Spring Data JPA repositories in DEFAULT mode.
2026-09-08 17:15:13.916  INFO [auth-service] [traceId=NO_TRACE] [tenantId=default] [           main] .s.d.r.c.RepositoryConfigurationDelegate : Finished Spring Data repository scanning in 362 ms. Found 19 JPA repository interfaces.
2026-09-08 17:15:15.130  INFO [auth-service] [traceId=NO_TRACE] [tenantId=default] [           main] .s.d.r.c.RepositoryConfigurationDelegate : Multiple Spring Data modules found, entering strict repository configuration mode
2026-09-08 17:15:15.133  INFO [auth-service] [traceId=NO_TRACE] [tenantId=default] [           main] .s.d.r.c.RepositoryConfigurationDelegate : Bootstrapping Spring Data Redis repositories in DEFAULT mode.
2026-09-08 17:15:15.220  INFO [auth-service] [traceId=NO_TRACE] [tenantId=default] [           main] .RepositoryConfigurationExtensionSupport : Spring Data Redis - Could not safely identify store assignment for repository candidate interface com.liochio.auth.repository.JournalEntryDetailRepository; If you want this repository to be a Redis repository, consider annotating your entities with one of these annotations: org.springframework.data.redis.core.RedisHash (preferred), or consider extending one of the following types with your repository: org.springframework.data.keyvalue.repository.KeyValueRepository
2026-09-08 17:15:15.221  INFO [auth-service] [traceId=NO_TRACE] [tenantId=default] [           main] .RepositoryConfigurationExtensionSupport : Spring Data Redis - Could not safely identify store assignment for repository candidate interface com.liochio.auth.repository.JournalEntryRepository; If you want this repository to be a Redis repository, consider annotating your entities with one of these annotations: org.springframework.data.redis.core.RedisHash (preferred), or consider extending one of the following types with your repository: org.springframework.data.keyvalue.repository.KeyValueRepository
2026-09-08 17:15:15.222  INFO [auth-service] [traceId=NO_TRACE] [tenantId=default] [           main] .RepositoryConfigurationExtensionSupport : Spring Data Redis - Could not safely identify store assignment for repository candidate interface com.liochio.auth.repository.LedgerAccountRepository; If you want this repository to be a Redis repository, consider annotating your entities with one of these annotations: org.springframework.data.redis.core.RedisHash (preferred), or consider extending one of the following types with your repository: org.springframework.data.keyvalue.repository.KeyValueRepository
2026-09-08 17:15:15.234  INFO [auth-service] [traceId=NO_TRACE] [tenantId=default] [           main] .RepositoryConfigurationExtensionSupport : Spring Data Redis - Could not safely identify store assignment for repository candidate interface com.liochio.auth.repository.PermissionRepository; If you want this repository to be a Redis repository, consider annotating your entities with one of these annotations: org.springframework.data.redis.core.RedisHash (preferred), or consider extending one of the following types with your repository: org.springframework.data.keyvalue.repository.KeyValueRepository
2026-09-08 17:15:15.234  INFO [auth-service] [traceId=NO_TRACE] [tenantId=default] [           main] .RepositoryConfigurationExtensionSupport : Spring Data Redis - Could not safely identify store assignment for repository candidate interface com.liochio.auth.repository.QrLoginSessionRepository; If you want this repository to be a Redis repository, consider annotating your entities with one of these annotations: org.springframework.data.redis.core.RedisHash (preferred), or consider extending one of the following types with your repository: org.springframework.data.keyvalue.repository.KeyValueRepository
2026-09-08 17:15:15.234  INFO [auth-service] [traceId=NO_TRACE] [tenantId=default] [           main] .RepositoryConfigurationExtensionSupport : Spring Data Redis - Could not safely identify store assignment for repository candidate interface com.liochio.auth.repository.RoleRepository; If you want this repository to be a Redis repository, consider annotating your entities with one of these annotations: org.springframework.data.redis.core.RedisHash (preferred), or consider extending one of the following types with your repository: org.springframework.data.keyvalue.repository.KeyValueRepository
2026-09-08 17:15:15.237  INFO [auth-service] [traceId=NO_TRACE] [tenantId=default] [           main] .RepositoryConfigurationExtensionSupport : Spring Data Redis - Could not safely identify store assignment for repository candidate interface com.liochio.auth.repository.SecurityLoginHistoryRepository; If you want this repository to be a Redis repository, consider annotating your entities with one of these annotations: org.springframework.data.redis.core.RedisHash (preferred), or consider extending one of the following types with your repository: org.springframework.data.keyvalue.repository.KeyValueRepository
2026-09-08 17:15:15.237  INFO [auth-service] [traceId=NO_TRACE] [tenantId=default] [           main] .RepositoryConfigurationExtensionSupport : Spring Data Redis - Could not safely identify store assignment for repository candidate interface com.liochio.auth.repository.SystemFeatureRepository; If you want this repository to be a Redis repository, consider annotating your entities with one of these annotations: org.springframework.data.redis.core.RedisHash (preferred), or consider extending one of the following types with your repository: org.springframework.data.keyvalue.repository.KeyValueRepository
2026-09-08 17:15:15.238  INFO [auth-service] [traceId=NO_TRACE] [tenantId=default] [           main] .RepositoryConfigurationExtensionSupport : Spring Data Redis - Could not safely identify store assignment for repository candidate interface com.liochio.auth.repository.TenantFeatureRepository; If you want this repository to be a Redis repository, consider annotating your entities with one of these annotations: org.springframework.data.redis.core.RedisHash (preferred), or consider extending one of the following types with your repository: org.springframework.data.keyvalue.repository.KeyValueRepository
2026-09-08 17:15:15.239  INFO [auth-service] [traceId=NO_TRACE] [tenantId=default] [           main] .RepositoryConfigurationExtensionSupport : Spring Data Redis - Could not safely identify store assignment for repository candidate interface com.liochio.auth.repository.TenantRepository; If you want this repository to be a Redis repository, consider annotating your entities with one of these annotations: org.springframework.data.redis.core.RedisHash (preferred), or consider extending one of the following types with your repository: org.springframework.data.keyvalue.repository.KeyValueRepository
2026-09-08 17:15:15.240  INFO [auth-service] [traceId=NO_TRACE] [tenantId=default] [           main] .RepositoryConfigurationExtensionSupport : Spring Data Redis - Could not safely identify store assignment for repository candidate interface com.liochio.auth.repository.UserDeviceRepository; If you want this repository to be a Redis repository, consider annotating your entities with one of these annotations: org.springframework.data.redis.core.RedisHash (preferred), or consider extending one of the following types with your repository: org.springframework.data.keyvalue.repository.KeyValueRepository
2026-09-08 17:15:15.240  INFO [auth-service] [traceId=NO_TRACE] [tenantId=default] [           main] .RepositoryConfigurationExtensionSupport : Spring Data Redis - Could not safely identify store assignment for repository candidate interface com.liochio.auth.repository.UserRepository; If you want this repository to be a Redis repository, consider annotating your entities with one of these annotations: org.springframework.data.redis.core.RedisHash (preferred), or consider extending one of the following types with your repository: org.springframework.data.keyvalue.repository.KeyValueRepository
2026-09-08 17:15:15.241  INFO [auth-service] [traceId=NO_TRACE] [tenantId=default] [           main] .RepositoryConfigurationExtensionSupport : Spring Data Redis - Could not safely identify store assignment for repository candidate interface com.liochio.auth.repository.UserSessionRepository; If you want this repository to be a Redis repository, consider annotating your entities with one of these annotations: org.springframework.data.redis.core.RedisHash (preferred), or consider extending one of the following types with your repository: org.springframework.data.keyvalue.repository.KeyValueRepository
2026-09-08 17:15:15.244  INFO [auth-service] [traceId=NO_TRACE] [tenantId=default] [           main] .s.d.r.c.RepositoryConfigurationDelegate : Finished Spring Data repository scanning in 55 ms. Found 0 Redis repository interfaces.
2026-09-08 17:15:16.213  INFO [auth-service] [traceId=NO_TRACE] [tenantId=default] [           main] o.s.cloud.context.scope.GenericScope     : BeanFactory id=cc766e44-767f-3e27-a06e-08c3633739a0
2026-09-08 17:15:18.221  INFO [auth-service] [traceId=NO_TRACE] [tenantId=default] [           main] o.s.b.w.embedded.tomcat.TomcatWebServer  : Tomcat initialized with port 8081 (http)
2026-09-08 17:15:18.238  INFO [auth-service] [traceId=NO_TRACE] [tenantId=default] [           main] o.apache.catalina.core.StandardService   : Starting service [Tomcat]
2026-09-08 17:15:18.238  INFO [auth-service] [traceId=NO_TRACE] [tenantId=default] [           main] o.apache.catalina.core.StandardEngine    : Starting Servlet engine: [Apache Tomcat/10.1.36]
2026-09-08 17:15:18.309  INFO [auth-service] [traceId=NO_TRACE] [tenantId=default] [           main] o.a.c.c.C.[Tomcat].[localhost].[/]       : Initializing Spring embedded WebApplicationContext
2026-09-08 17:15:18.309  INFO [auth-service] [traceId=NO_TRACE] [tenantId=default] [           main] w.s.c.ServletWebServerApplicationContext : Root WebApplicationContext: initialization completed in 6020 ms
2026-09-08 17:15:18.864  INFO [auth-service] [traceId=NO_TRACE] [tenantId=default] [           main] o.hibernate.jpa.internal.util.LogHelper  : HHH000204: Processing PersistenceUnitInfo [name: default]
2026-09-08 17:15:18.979  INFO [auth-service] [traceId=NO_TRACE] [tenantId=default] [           main] org.hibernate.Version                    : HHH000412: Hibernate ORM core version 6.6.8.Final
2026-09-08 17:15:19.169  INFO [auth-service] [traceId=NO_TRACE] [tenantId=default] [           main] o.h.c.internal.RegionFactoryInitiator    : HHH000026: Second-level cache disabled
2026-09-08 17:15:19.670  INFO [auth-service] [traceId=NO_TRACE] [tenantId=default] [           main] o.s.o.j.p.SpringPersistenceUnitInfo      : No LoadTimeWeaver setup: ignoring JPA class transformer
2026-09-08 17:15:19.710  INFO [auth-service] [traceId=NO_TRACE] [tenantId=default] [           main] com.zaxxer.hikari.HikariDataSource       : HikariPool-1 - Starting...
2026-09-08 17:15:19.858  INFO [auth-service] [traceId=NO_TRACE] [tenantId=default] [           main] com.zaxxer.hikari.pool.HikariPool        : HikariPool-1 - Added connection com.mysql.cj.jdbc.ConnectionImpl@54a98358
2026-09-08 17:15:19.862  INFO [auth-service] [traceId=NO_TRACE] [tenantId=default] [           main] com.zaxxer.hikari.HikariDataSource       : HikariPool-1 - Start completed.
2026-09-08 17:15:19.914  WARN [auth-service] [traceId=NO_TRACE] [tenantId=default] [           main] org.hibernate.orm.deprecation            : HHH90000025: MySQLDialect does not need to be specified explicitly using 'hibernate.dialect' (remove the property setting and it will be selected by default)
2026-09-08 17:15:19.938  INFO [auth-service] [traceId=NO_TRACE] [tenantId=default] [           main] org.hibernate.orm.connections.pooling    : HHH10001005: Database info:
	Database JDBC URL [Connecting through datasource 'HikariDataSource (HikariPool-1)']
	Database driver: undefined/unknown
	Database version: 8.0.33
	Autocommit mode: undefined/unknown
	Isolation level: undefined/unknown
	Minimum pool size: undefined/unknown
	Maximum pool size: undefined/unknown
2026-09-08 17:15:21.755  INFO [auth-service] [traceId=NO_TRACE] [tenantId=default] [           main] o.h.e.t.j.p.i.JtaPlatformInitiator       : HHH000489: No JTA platform available (set 'hibernate.transaction.jta.platform' to enable JTA platform integration)
2026-09-08 17:15:21.977  INFO [auth-service] [traceId=NO_TRACE] [tenantId=default] [           main] j.LocalContainerEntityManagerFactoryBean : Initialized JPA EntityManagerFactory for persistence unit 'default'
2026-09-08 17:15:22.549  INFO [auth-service] [traceId=NO_TRACE] [tenantId=default] [           main] com.liochio.common.security.JwtUtils     : [JwtUtils] Loaded RSA Private Key successfully from classpath:certs/rsa-private.pem
2026-09-08 17:15:22.551  INFO [auth-service] [traceId=NO_TRACE] [tenantId=default] [           main] com.liochio.common.security.JwtUtils     : [JwtUtils] Loaded RSA Public Key successfully from classpath:certs/rsa-public.pem
2026-09-08 17:15:23.425 DEBUG [auth-service] [traceId=NO_TRACE] [tenantId=default] [           main] c.l.c.security.JwtAuthenticationFilter   : Filter 'jwtAuthenticationFilter' configured for use
2026-09-08 17:15:23.425 DEBUG [auth-service] [traceId=NO_TRACE] [tenantId=default] [           main] c.liochio.common.filter.MdcTraceFilter   : Filter 'mdcTraceFilter' configured for use
2026-09-08 17:15:23.427 DEBUG [auth-service] [traceId=NO_TRACE] [tenantId=default] [           main] com.liochio.common.filter.TenantFilter   : Filter 'tenantFilter' configured for use
2026-09-08 17:15:23.428 DEBUG [auth-service] [traceId=NO_TRACE] [tenantId=default] [           main] c.l.common.filter.AuditLoggingFilter     : Filter 'auditLoggingFilter' configured for use
2026-09-08 17:15:23.585  INFO [auth-service] [traceId=NO_TRACE] [tenantId=default] [           main] o.s.d.j.r.query.QueryEnhancerFactory     : Hibernate is in classpath; If applicable, HQL parser will be used.
2026-09-08 17:15:26.275  INFO [auth-service] [traceId=NO_TRACE] [tenantId=default] [           main] o.s.cloud.commons.util.InetUtils         : Cannot determine local hostname
2026-09-08 17:15:28.669  WARN [auth-service] [traceId=NO_TRACE] [tenantId=default] [           main] .s.s.UserDetailsServiceAutoConfiguration : 

Using generated security password: 8dc6ae9b-2cee-4d53-aae1-700c422787d7

This generated password is for development use only. Your security configuration must be updated before running your application in production.

2026-09-08 17:15:28.709  INFO [auth-service] [traceId=NO_TRACE] [tenantId=default] [           main] r$InitializeUserDetailsManagerConfigurer : Global AuthenticationManager configured with UserDetailsService bean with name inMemoryUserDetailsManager
2026-09-08 17:15:33.227  INFO [auth-service] [traceId=NO_TRACE] [tenantId=default] [           main] o.s.cloud.commons.util.InetUtils         : Cannot determine local hostname
2026-09-08 17:15:33.323  INFO [auth-service] [traceId=NO_TRACE] [tenantId=default] [           main] DiscoveryClientOptionalArgsConfiguration : Eureka HTTP Client uses RestTemplate.
2026-09-08 17:15:33.569  INFO [auth-service] [traceId=NO_TRACE] [tenantId=default] [           main] o.s.c.n.eureka.InstanceInfoFactory       : Setting initial instance status as: STARTING
2026-09-08 17:15:33.967  WARN [auth-service] [traceId=NO_TRACE] [tenantId=default] [           main] c.n.d.s.t.d.RetryableEurekaHttpClient    : Request execution failed with message: I/O error on GET request for "http://localhost:8761/eureka/apps/": Connect to http://localhost:8761 [localhost/127.0.0.1, localhost/0:0:0:0:0:0:0:1] failed: Connection refused: no further information
2026-09-08 17:15:33.968  WARN [auth-service] [traceId=NO_TRACE] [tenantId=default] [           main] com.netflix.discovery.DiscoveryClient    : Using default backup registry implementation which does not do anything.
2026-09-08 17:15:33.992  INFO [auth-service] [traceId=NO_TRACE] [tenantId=default] [           main] o.s.c.n.e.s.EurekaServiceRegistry        : Registering application AUTH-SERVICE with eureka with status UP
2026-09-08 17:15:34.020  INFO [auth-service] [traceId=NO_TRACE] [tenantId=default] [           main] o.s.b.w.embedded.tomcat.TomcatWebServer  : Tomcat started on port 8081 (http) with context path '/'
2026-09-08 17:15:34.022  INFO [auth-service] [traceId=NO_TRACE] [tenantId=default] [           main] .s.c.n.e.s.EurekaAutoServiceRegistration : Updating port to 8081
2026-09-08 17:15:34.077  WARN [auth-service] [traceId=NO_TRACE] [tenantId=default] [foReplicator-%d] c.n.d.s.t.d.RetryableEurekaHttpClient    : Request execution failed with message: I/O error on POST request for "http://localhost:8761/eureka/apps/AUTH-SERVICE": Connect to http://localhost:8761 [localhost/127.0.0.1, localhost/0:0:0:0:0:0:0:1] failed: Connection refused: no further information
2026-09-08 17:15:34.077  WARN [auth-service] [traceId=NO_TRACE] [tenantId=default] [foReplicator-%d] com.netflix.discovery.DiscoveryClient    : DiscoveryClient_AUTH-SERVICE/localhost:auth-service:8081 - registration failed Cannot execute request on any known server

com.netflix.discovery.shared.transport.TransportException: Cannot execute request on any known server
	at com.netflix.discovery.shared.transport.decorator.RetryableEurekaHttpClient.execute(RetryableEurekaHttpClient.java:112)
	at com.netflix.discovery.shared.transport.decorator.EurekaHttpClientDecorator.register(EurekaHttpClientDecorator.java:56)
	at com.netflix.discovery.shared.transport.decorator.EurekaHttpClientDecorator$1.execute(EurekaHttpClientDecorator.java:59)
	at com.netflix.discovery.shared.transport.decorator.SessionedEurekaHttpClient.execute(SessionedEurekaHttpClient.java:76)
	at com.netflix.discovery.shared.transport.decorator.EurekaHttpClientDecorator.register(EurekaHttpClientDecorator.java:56)
	at com.netflix.discovery.DiscoveryClient.register(DiscoveryClient.java:828)
	at com.netflix.discovery.InstanceInfoReplicator.run(InstanceInfoReplicator.java:125)
	at com.netflix.discovery.InstanceInfoReplicator$2.run(InstanceInfoReplicator.java:105)
	at java.base/java.util.concurrent.Executors$RunnableAdapter.call(Executors.java:539)
	at java.base/java.util.concurrent.FutureTask.run(FutureTask.java:264)
	at java.base/java.util.concurrent.ScheduledThreadPoolExecutor$ScheduledFutureTask.run(ScheduledThreadPoolExecutor.java:304)
	at java.base/java.util.concurrent.ThreadPoolExecutor.runWorker(ThreadPoolExecutor.java:1136)
	at java.base/java.util.concurrent.ThreadPoolExecutor$Worker.run(ThreadPoolExecutor.java:635)
	at java.base/java.lang.Thread.run(Thread.java:842)

2026-09-08 17:15:34.082  WARN [auth-service] [traceId=NO_TRACE] [tenantId=default] [foReplicator-%d] c.n.discovery.InstanceInfoReplicator     : There was a problem with the instance info replicator

com.netflix.discovery.shared.transport.TransportException: Cannot execute request on any known server
	at com.netflix.discovery.shared.transport.decorator.RetryableEurekaHttpClient.execute(RetryableEurekaHttpClient.java:112)
	at com.netflix.discovery.shared.transport.decorator.EurekaHttpClientDecorator.register(EurekaHttpClientDecorator.java:56)
	at com.netflix.discovery.shared.transport.decorator.EurekaHttpClientDecorator$1.execute(EurekaHttpClientDecorator.java:59)
	at com.netflix.discovery.shared.transport.decorator.SessionedEurekaHttpClient.execute(SessionedEurekaHttpClient.java:76)
	at com.netflix.discovery.shared.transport.decorator.EurekaHttpClientDecorator.register(EurekaHttpClientDecorator.java:56)
	at com.netflix.discovery.DiscoveryClient.register(DiscoveryClient.java:828)
	at com.netflix.discovery.InstanceInfoReplicator.run(InstanceInfoReplicator.java:125)
	at com.netflix.discovery.InstanceInfoReplicator$2.run(InstanceInfoReplicator.java:105)
	at java.base/java.util.concurrent.Executors$RunnableAdapter.call(Executors.java:539)
	at java.base/java.util.concurrent.FutureTask.run(FutureTask.java:264)
	at java.base/java.util.concurrent.ScheduledThreadPoolExecutor$ScheduledFutureTask.run(ScheduledThreadPoolExecutor.java:304)
	at java.base/java.util.concurrent.ThreadPoolExecutor.runWorker(ThreadPoolExecutor.java:1136)
	at java.base/java.util.concurrent.ThreadPoolExecutor$Worker.run(ThreadPoolExecutor.java:635)
	at java.base/java.lang.Thread.run(Thread.java:842)

2026-09-08 17:15:35.213  INFO [auth-service] [traceId=NO_TRACE] [tenantId=default] [           main] o.s.cloud.commons.util.InetUtils         : Cannot determine local hostname
2026-09-08 17:15:35.240  INFO [auth-service] [traceId=NO_TRACE] [tenantId=default] [           main] c.liochio.auth.AuthServiceApplication    : Started AuthServiceApplication in 26.455 seconds (process running for 28.192)
2026-09-08 17:16:04.003  WARN [auth-service] [traceId=NO_TRACE] [tenantId=default] [beatExecutor-%d] c.n.d.s.t.d.RetryableEurekaHttpClient    : Request execution failed with message: I/O error on PUT request for "http://localhost:8761/eureka/apps/AUTH-SERVICE/localhost:auth-service:8081": Connect to http://localhost:8761 [localhost/127.0.0.1, localhost/0:0:0:0:0:0:0:1] failed: Connection refused: no further information
2026-09-08 17:16:04.003  WARN [auth-service] [traceId=NO_TRACE] [tenantId=default] [reshExecutor-%d] c.n.d.s.t.d.RetryableEurekaHttpClient    : Request execution failed with message: I/O error on GET request for "http://localhost:8761/eureka/apps/": Connect to http://localhost:8761 [localhost/127.0.0.1, localhost/0:0:0:0:0:0:0:1] failed: Connection refused: no further information
2026-09-08 17:16:04.003 ERROR [auth-service] [traceId=NO_TRACE] [tenantId=default] [beatExecutor-%d] com.netflix.discovery.DiscoveryClient    : DiscoveryClient_AUTH-SERVICE/localhost:auth-service:8081 - was unable to send heartbeat!

com.netflix.discovery.shared.transport.TransportException: Cannot execute request on any known server
	at com.netflix.discovery.shared.transport.decorator.RetryableEurekaHttpClient.execute(RetryableEurekaHttpClient.java:112)
	at com.netflix.discovery.shared.transport.decorator.EurekaHttpClientDecorator.sendHeartBeat(EurekaHttpClientDecorator.java:89)
	at com.netflix.discovery.shared.transport.decorator.EurekaHttpClientDecorator$3.execute(EurekaHttpClientDecorator.java:92)
	at com.netflix.discovery.shared.transport.decorator.SessionedEurekaHttpClient.execute(SessionedEurekaHttpClient.java:76)
	at com.netflix.discovery.shared.transport.decorator.EurekaHttpClientDecorator.sendHeartBeat(EurekaHttpClientDecorator.java:89)
	at com.netflix.discovery.DiscoveryClient.renew(DiscoveryClient.java:845)
	at com.netflix.discovery.DiscoveryClient$HeartbeatThread.run(DiscoveryClient.java:1402)
	at java.base/java.util.concurrent.Executors$RunnableAdapter.call(Executors.java:539)
	at java.base/java.util.concurrent.FutureTask.run(FutureTask.java:264)
	at java.base/java.util.concurrent.ThreadPoolExecutor.runWorker(ThreadPoolExecutor.java:1136)
	at java.base/java.util.concurrent.ThreadPoolExecutor$Worker.run(ThreadPoolExecutor.java:635)
	at java.base/java.lang.Thread.run(Thread.java:842)

2026-09-08 17:16:04.097  WARN [auth-service] [traceId=NO_TRACE] [tenantId=default] [foReplicator-%d] c.n.d.s.t.d.RetryableEurekaHttpClient    : Request execution failed with message: I/O error on POST request for "http://localhost:8761/eureka/apps/AUTH-SERVICE": Connect to http://localhost:8761 [localhost/127.0.0.1, localhost/0:0:0:0:0:0:0:1] failed: Connection refused: no further information
2026-09-08 17:16:04.097  WARN [auth-service] [traceId=NO_TRACE] [tenantId=default] [foReplicator-%d] com.netflix.discovery.DiscoveryClient    : DiscoveryClient_AUTH-SERVICE/localhost:auth-service:8081 - registration failed Cannot execute request on any known server

com.netflix.discovery.shared.transport.TransportException: Cannot execute request on any known server
	at com.netflix.discovery.shared.transport.decorator.RetryableEurekaHttpClient.execute(RetryableEurekaHttpClient.java:112)
	at com.netflix.discovery.shared.transport.decorator.EurekaHttpClientDecorator.register(EurekaHttpClientDecorator.java:56)
	at com.netflix.discovery.shared.transport.decorator.EurekaHttpClientDecorator$1.execute(EurekaHttpClientDecorator.java:59)
	at com.netflix.discovery.shared.transport.decorator.SessionedEurekaHttpClient.execute(SessionedEurekaHttpClient.java:76)
	at com.netflix.discovery.shared.transport.decorator.EurekaHttpClientDecorator.register(EurekaHttpClientDecorator.java:56)
	at com.netflix.discovery.DiscoveryClient.register(DiscoveryClient.java:828)
	at com.netflix.discovery.InstanceInfoReplicator.run(InstanceInfoReplicator.java:125)
	at java.base/java.util.concurrent.Executors$RunnableAdapter.call(Executors.java:539)
	at java.base/java.util.concurrent.FutureTask.run(FutureTask.java:264)
	at java.base/java.util.concurrent.ScheduledThreadPoolExecutor$ScheduledFutureTask.run(ScheduledThreadPoolExecutor.java:304)
	at java.base/java.util.concurrent.ThreadPoolExecutor.runWorker(ThreadPoolExecutor.java:1136)
	at java.base/java.util.concurrent.ThreadPoolExecutor$Worker.run(ThreadPoolExecutor.java:635)
	at java.base/java.lang.Thread.run(Thread.java:842)

2026-09-08 17:16:04.097  WARN [auth-service] [traceId=NO_TRACE] [tenantId=default] [foReplicator-%d] c.n.discovery.InstanceInfoReplicator     : There was a problem with the instance info replicator

com.netflix.discovery.shared.transport.TransportException: Cannot execute request on any known server
	at com.netflix.discovery.shared.transport.decorator.RetryableEurekaHttpClient.execute(RetryableEurekaHttpClient.java:112)
	at com.netflix.discovery.shared.transport.decorator.EurekaHttpClientDecorator.register(EurekaHttpClientDecorator.java:56)
	at com.netflix.discovery.shared.transport.decorator.EurekaHttpClientDecorator$1.execute(EurekaHttpClientDecorator.java:59)
	at com.netflix.discovery.shared.transport.decorator.SessionedEurekaHttpClient.execute(SessionedEurekaHttpClient.java:76)
	at com.netflix.discovery.shared.transport.decorator.EurekaHttpClientDecorator.register(EurekaHttpClientDecorator.java:56)
	at com.netflix.discovery.DiscoveryClient.register(DiscoveryClient.java:828)
	at com.netflix.discovery.InstanceInfoReplicator.run(InstanceInfoReplicator.java:125)
	at java.base/java.util.concurrent.Executors$RunnableAdapter.call(Executors.java:539)
	at java.base/java.util.concurrent.FutureTask.run(FutureTask.java:264)
	at java.base/java.util.concurrent.ScheduledThreadPoolExecutor$ScheduledFutureTask.run(ScheduledThreadPoolExecutor.java:304)
	at java.base/java.util.concurrent.ThreadPoolExecutor.runWorker(ThreadPoolExecutor.java:1136)
	at java.base/java.util.concurrent.ThreadPoolExecutor$Worker.run(ThreadPoolExecutor.java:635)
	at java.base/java.lang.Thread.run(Thread.java:842)

2026-09-08 17:16:34.037  WARN [auth-service] [traceId=NO_TRACE] [tenantId=default] [beatExecutor-%d] c.n.d.s.t.d.RetryableEurekaHttpClient    : Request execution failed with message: I/O error on PUT request for "http://localhost:8761/eureka/apps/AUTH-SERVICE/localhost:auth-service:8081": Connect to http://localhost:8761 [localhost/127.0.0.1, localhost/0:0:0:0:0:0:0:1] failed: Connection refused: no further information
2026-09-08 17:16:34.037 ERROR [auth-service] [traceId=NO_TRACE] [tenantId=default] [beatExecutor-%d] com.netflix.discovery.DiscoveryClient    : DiscoveryClient_AUTH-SERVICE/localhost:auth-service:8081 - was unable to send heartbeat!

com.netflix.discovery.shared.transport.TransportException: Cannot execute request on any known server
	at com.netflix.discovery.shared.transport.decorator.RetryableEurekaHttpClient.execute(RetryableEurekaHttpClient.java:112)
	at com.netflix.discovery.shared.transport.decorator.EurekaHttpClientDecorator.sendHeartBeat(EurekaHttpClientDecorator.java:89)
	at com.netflix.discovery.shared.transport.decorator.EurekaHttpClientDecorator$3.execute(EurekaHttpClientDecorator.java:92)
	at com.netflix.discovery.shared.transport.decorator.SessionedEurekaHttpClient.execute(SessionedEurekaHttpClient.java:76)
	at com.netflix.discovery.shared.transport.decorator.EurekaHttpClientDecorator.sendHeartBeat(EurekaHttpClientDecorator.java:89)
	at com.netflix.discovery.DiscoveryClient.renew(DiscoveryClient.java:845)
	at com.netflix.discovery.DiscoveryClient$HeartbeatThread.run(DiscoveryClient.java:1402)
	at java.base/java.util.concurrent.Executors$RunnableAdapter.call(Executors.java:539)
	at java.base/java.util.concurrent.FutureTask.run(FutureTask.java:264)
	at java.base/java.util.concurrent.ThreadPoolExecutor.runWorker(ThreadPoolExecutor.java:1136)
	at java.base/java.util.concurrent.ThreadPoolExecutor$Worker.run(ThreadPoolExecutor.java:635)
	at java.base/java.lang.Thread.run(Thread.java:842)

2026-09-08 17:16:34.037  WARN [auth-service] [traceId=NO_TRACE] [tenantId=default] [reshExecutor-%d] c.n.d.s.t.d.RetryableEurekaHttpClient    : Request execution failed with message: I/O error on GET request for "http://localhost:8761/eureka/apps/": Connect to http://localhost:8761 [localhost/127.0.0.1, localhost/0:0:0:0:0:0:0:1] failed: Connection refused: no further information
2026-09-08 17:16:34.109  WARN [auth-service] [traceId=NO_TRACE] [tenantId=default] [foReplicator-%d] c.n.d.s.t.d.RetryableEurekaHttpClient    : Request execution failed with message: I/O error on POST request for "http://localhost:8761/eureka/apps/AUTH-SERVICE": Connect to http://localhost:8761 [localhost/127.0.0.1, localhost/0:0:0:0:0:0:0:1] failed: Connection refused: no further information
2026-09-08 17:16:34.110  WARN [auth-service] [traceId=NO_TRACE] [tenantId=default] [foReplicator-%d] com.netflix.discovery.DiscoveryClient    : DiscoveryClient_AUTH-SERVICE/localhost:auth-service:8081 - registration failed Cannot execute request on any known server

com.netflix.discovery.shared.transport.TransportException: Cannot execute request on any known server
	at com.netflix.discovery.shared.transport.decorator.RetryableEurekaHttpClient.execute(RetryableEurekaHttpClient.java:112)
	at com.netflix.discovery.shared.transport.decorator.EurekaHttpClientDecorator.register(EurekaHttpClientDecorator.java:56)
	at com.netflix.discovery.shared.transport.decorator.EurekaHttpClientDecorator$1.execute(EurekaHttpClientDecorator.java:59)
	at com.netflix.discovery.shared.transport.decorator.SessionedEurekaHttpClient.execute(SessionedEurekaHttpClient.java:76)
	at com.netflix.discovery.shared.transport.decorator.EurekaHttpClientDecorator.register(EurekaHttpClientDecorator.java:56)
	at com.netflix.discovery.DiscoveryClient.register(DiscoveryClient.java:828)
	at com.netflix.discovery.InstanceInfoReplicator.run(InstanceInfoReplicator.java:125)
	at java.base/java.util.concurrent.Executors$RunnableAdapter.call(Executors.java:539)
	at java.base/java.util.concurrent.FutureTask.run(FutureTask.java:264)
	at java.base/java.util.concurrent.ScheduledThreadPoolExecutor$ScheduledFutureTask.run(ScheduledThreadPoolExecutor.java:304)
	at java.base/java.util.concurrent.ThreadPoolExecutor.runWorker(ThreadPoolExecutor.java:1136)
	at java.base/java.util.concurrent.ThreadPoolExecutor$Worker.run(ThreadPoolExecutor.java:635)
	at java.base/java.lang.Thread.run(Thread.java:842)

2026-09-08 17:16:34.110  WARN [auth-service] [traceId=NO_TRACE] [tenantId=default] [foReplicator-%d] c.n.discovery.InstanceInfoReplicator     : There was a problem with the instance info replicator

com.netflix.discovery.shared.transport.TransportException: Cannot execute request on any known server
	at com.netflix.discovery.shared.transport.decorator.RetryableEurekaHttpClient.execute(RetryableEurekaHttpClient.java:112)
	at com.netflix.discovery.shared.transport.decorator.EurekaHttpClientDecorator.register(EurekaHttpClientDecorator.java:56)
	at com.netflix.discovery.shared.transport.decorator.EurekaHttpClientDecorator$1.execute(EurekaHttpClientDecorator.java:59)
	at com.netflix.discovery.shared.transport.decorator.SessionedEurekaHttpClient.execute(SessionedEurekaHttpClient.java:76)
	at com.netflix.discovery.shared.transport.decorator.EurekaHttpClientDecorator.register(EurekaHttpClientDecorator.java:56)
	at com.netflix.discovery.DiscoveryClient.register(DiscoveryClient.java:828)
	at com.netflix.discovery.InstanceInfoReplicator.run(InstanceInfoReplicator.java:125)
	at java.base/java.util.concurrent.Executors$RunnableAdapter.call(Executors.java:539)
	at java.base/java.util.concurrent.FutureTask.run(FutureTask.java:264)
	at java.base/java.util.concurrent.ScheduledThreadPoolExecutor$ScheduledFutureTask.run(ScheduledThreadPoolExecutor.java:304)
	at java.base/java.util.concurrent.ThreadPoolExecutor.runWorker(ThreadPoolExecutor.java:1136)
	at java.base/java.util.concurrent.ThreadPoolExecutor$Worker.run(ThreadPoolExecutor.java:635)
	at java.base/java.lang.Thread.run(Thread.java:842)

2026-09-08 17:17:04.070  WARN [auth-service] [traceId=NO_TRACE] [tenantId=default] [beatExecutor-%d] c.n.d.s.t.d.RetryableEurekaHttpClient    : Request execution failed with message: I/O error on PUT request for "http://localhost:8761/eureka/apps/AUTH-SERVICE/localhost:auth-service:8081": Connect to http://localhost:8761 [localhost/127.0.0.1, localhost/0:0:0:0:0:0:0:1] failed: Connection refused: no further information
2026-09-08 17:17:04.070  WARN [auth-service] [traceId=NO_TRACE] [tenantId=default] [reshExecutor-%d] c.n.d.s.t.d.RetryableEurekaHttpClient    : Request execution failed with message: I/O error on GET request for "http://localhost:8761/eureka/apps/": Connect to http://localhost:8761 [localhost/127.0.0.1, localhost/0:0:0:0:0:0:0:1] failed: Connection refused: no further information
2026-09-08 17:17:04.070 ERROR [auth-service] [traceId=NO_TRACE] [tenantId=default] [beatExecutor-%d] com.netflix.discovery.DiscoveryClient    : DiscoveryClient_AUTH-SERVICE/localhost:auth-service:8081 - was unable to send heartbeat!

com.netflix.discovery.shared.transport.TransportException: Cannot execute request on any known server
	at com.netflix.discovery.shared.transport.decorator.RetryableEurekaHttpClient.execute(RetryableEurekaHttpClient.java:112)
	at com.netflix.discovery.shared.transport.decorator.EurekaHttpClientDecorator.sendHeartBeat(EurekaHttpClientDecorator.java:89)
	at com.netflix.discovery.shared.transport.decorator.EurekaHttpClientDecorator$3.execute(EurekaHttpClientDecorator.java:92)
	at com.netflix.discovery.shared.transport.decorator.SessionedEurekaHttpClient.execute(SessionedEurekaHttpClient.java:76)
	at com.netflix.discovery.shared.transport.decorator.EurekaHttpClientDecorator.sendHeartBeat(EurekaHttpClientDecorator.java:89)
	at com.netflix.discovery.DiscoveryClient.renew(DiscoveryClient.java:845)
	at com.netflix.discovery.DiscoveryClient$HeartbeatThread.run(DiscoveryClient.java:1402)
	at java.base/java.util.concurrent.Executors$RunnableAdapter.call(Executors.java:539)
	at java.base/java.util.concurrent.FutureTask.run(FutureTask.java:264)
	at java.base/java.util.concurrent.ThreadPoolExecutor.runWorker(ThreadPoolExecutor.java:1136)
	at java.base/java.util.concurrent.ThreadPoolExecutor$Worker.run(ThreadPoolExecutor.java:635)
	at java.base/java.lang.Thread.run(Thread.java:842)

2026-09-08 17:17:04.129  WARN [auth-service] [traceId=NO_TRACE] [tenantId=default] [foReplicator-%d] c.n.d.s.t.d.RetryableEurekaHttpClient    : Request execution failed with message: I/O error on POST request for "http://localhost:8761/eureka/apps/AUTH-SERVICE": Connect to http://localhost:8761 [localhost/127.0.0.1, localhost/0:0:0:0:0:0:0:1] failed: Connection refused: no further information
2026-09-08 17:17:04.129  WARN [auth-service] [traceId=NO_TRACE] [tenantId=default] [foReplicator-%d] com.netflix.discovery.DiscoveryClient    : DiscoveryClient_AUTH-SERVICE/localhost:auth-service:8081 - registration failed Cannot execute request on any known server

com.netflix.discovery.shared.transport.TransportException: Cannot execute request on any known server
	at com.netflix.discovery.shared.transport.decorator.RetryableEurekaHttpClient.execute(RetryableEurekaHttpClient.java:112)
	at com.netflix.discovery.shared.transport.decorator.EurekaHttpClientDecorator.register(EurekaHttpClientDecorator.java:56)
	at com.netflix.discovery.shared.transport.decorator.EurekaHttpClientDecorator$1.execute(EurekaHttpClientDecorator.java:59)
	at com.netflix.discovery.shared.transport.decorator.SessionedEurekaHttpClient.execute(SessionedEurekaHttpClient.java:76)
	at com.netflix.discovery.shared.transport.decorator.EurekaHttpClientDecorator.register(EurekaHttpClientDecorator.java:56)
	at com.netflix.discovery.DiscoveryClient.register(DiscoveryClient.java:828)
	at com.netflix.discovery.InstanceInfoReplicator.run(InstanceInfoReplicator.java:125)
	at java.base/java.util.concurrent.Executors$RunnableAdapter.call(Executors.java:539)
	at java.base/java.util.concurrent.FutureTask.run(FutureTask.java:264)
	at java.base/java.util.concurrent.ScheduledThreadPoolExecutor$ScheduledFutureTask.run(ScheduledThreadPoolExecutor.java:304)
	at java.base/java.util.concurrent.ThreadPoolExecutor.runWorker(ThreadPoolExecutor.java:1136)
	at java.base/java.util.concurrent.ThreadPoolExecutor$Worker.run(ThreadPoolExecutor.java:635)
	at java.base/java.lang.Thread.run(Thread.java:842)

2026-09-08 17:17:04.129  WARN [auth-service] [traceId=NO_TRACE] [tenantId=default] [foReplicator-%d] c.n.discovery.InstanceInfoReplicator     : There was a problem with the instance info replicator

com.netflix.discovery.shared.transport.TransportException: Cannot execute request on any known server
	at com.netflix.discovery.shared.transport.decorator.RetryableEurekaHttpClient.execute(RetryableEurekaHttpClient.java:112)
	at com.netflix.discovery.shared.transport.decorator.EurekaHttpClientDecorator.register(EurekaHttpClientDecorator.java:56)
	at com.netflix.discovery.shared.transport.decorator.EurekaHttpClientDecorator$1.execute(EurekaHttpClientDecorator.java:59)
	at com.netflix.discovery.shared.transport.decorator.SessionedEurekaHttpClient.execute(SessionedEurekaHttpClient.java:76)
	at com.netflix.discovery.shared.transport.decorator.EurekaHttpClientDecorator.register(EurekaHttpClientDecorator.java:56)
	at com.netflix.discovery.DiscoveryClient.register(DiscoveryClient.java:828)
	at com.netflix.discovery.InstanceInfoReplicator.run(InstanceInfoReplicator.java:125)
	at java.base/java.util.concurrent.Executors$RunnableAdapter.call(Executors.java:539)
	at java.base/java.util.concurrent.FutureTask.run(FutureTask.java:264)
	at java.base/java.util.concurrent.ScheduledThreadPoolExecutor$ScheduledFutureTask.run(ScheduledThreadPoolExecutor.java:304)
	at java.base/java.util.concurrent.ThreadPoolExecutor.runWorker(ThreadPoolExecutor.java:1136)
	at java.base/java.util.concurrent.ThreadPoolExecutor$Worker.run(ThreadPoolExecutor.java:635)
	at java.base/java.lang.Thread.run(Thread.java:842)

2026-09-08 17:17:34.103  WARN [auth-service] [traceId=NO_TRACE] [tenantId=default] [beatExecutor-%d] c.n.d.s.t.d.RetryableEurekaHttpClient    : Request execution failed with message: I/O error on PUT request for "http://localhost:8761/eureka/apps/AUTH-SERVICE/localhost:auth-service:8081": Connect to http://localhost:8761 [localhost/127.0.0.1, localhost/0:0:0:0:0:0:0:1] failed: Connection refused: no further information
2026-09-08 17:17:34.104  WARN [auth-service] [traceId=NO_TRACE] [tenantId=default] [reshExecutor-%d] c.n.d.s.t.d.RetryableEurekaHttpClient    : Request execution failed with message: I/O error on GET request for "http://localhost:8761/eureka/apps/": Connect to http://localhost:8761 [localhost/127.0.0.1, localhost/0:0:0:0:0:0:0:1] failed: Connection refused: no further information
2026-09-08 17:17:34.104 ERROR [auth-service] [traceId=NO_TRACE] [tenantId=default] [beatExecutor-%d] com.netflix.discovery.DiscoveryClient    : DiscoveryClient_AUTH-SERVICE/localhost:auth-service:8081 - was unable to send heartbeat!

com.netflix.discovery.shared.transport.TransportException: Cannot execute request on any known server
	at com.netflix.discovery.shared.transport.decorator.RetryableEurekaHttpClient.execute(RetryableEurekaHttpClient.java:112)
	at com.netflix.discovery.shared.transport.decorator.EurekaHttpClientDecorator.sendHeartBeat(EurekaHttpClientDecorator.java:89)
	at com.netflix.discovery.shared.transport.decorator.EurekaHttpClientDecorator$3.execute(EurekaHttpClientDecorator.java:92)
	at com.netflix.discovery.shared.transport.decorator.SessionedEurekaHttpClient.execute(SessionedEurekaHttpClient.java:76)
	at com.netflix.discovery.shared.transport.decorator.EurekaHttpClientDecorator.sendHeartBeat(EurekaHttpClientDecorator.java:89)
	at com.netflix.discovery.DiscoveryClient.renew(DiscoveryClient.java:845)
	at com.netflix.discovery.DiscoveryClient$HeartbeatThread.run(DiscoveryClient.java:1402)
	at java.base/java.util.concurrent.Executors$RunnableAdapter.call(Executors.java:539)
	at java.base/java.util.concurrent.FutureTask.run(FutureTask.java:264)
	at java.base/java.util.concurrent.ThreadPoolExecutor.runWorker(ThreadPoolExecutor.java:1136)
	at java.base/java.util.concurrent.ThreadPoolExecutor$Worker.run(ThreadPoolExecutor.java:635)
	at java.base/java.lang.Thread.run(Thread.java:842)

2026-09-08 17:17:34.147  WARN [auth-service] [traceId=NO_TRACE] [tenantId=default] [foReplicator-%d] c.n.d.s.t.d.RetryableEurekaHttpClient    : Request execution failed with message: I/O error on POST request for "http://localhost:8761/eureka/apps/AUTH-SERVICE": Connect to http://localhost:8761 [localhost/127.0.0.1, localhost/0:0:0:0:0:0:0:1] failed: Connection refused: no further information
2026-09-08 17:17:34.147  WARN [auth-service] [traceId=NO_TRACE] [tenantId=default] [foReplicator-%d] com.netflix.discovery.DiscoveryClient    : DiscoveryClient_AUTH-SERVICE/localhost:auth-service:8081 - registration failed Cannot execute request on any known server

com.netflix.discovery.shared.transport.TransportException: Cannot execute request on any known server
	at com.netflix.discovery.shared.transport.decorator.RetryableEurekaHttpClient.execute(RetryableEurekaHttpClient.java:112)
	at com.netflix.discovery.shared.transport.decorator.EurekaHttpClientDecorator.register(EurekaHttpClientDecorator.java:56)
	at com.netflix.discovery.shared.transport.decorator.EurekaHttpClientDecorator$1.execute(EurekaHttpClientDecorator.java:59)
	at com.netflix.discovery.shared.transport.decorator.SessionedEurekaHttpClient.execute(SessionedEurekaHttpClient.java:76)
	at com.netflix.discovery.shared.transport.decorator.EurekaHttpClientDecorator.register(EurekaHttpClientDecorator.java:56)
	at com.netflix.discovery.DiscoveryClient.register(DiscoveryClient.java:828)
	at com.netflix.discovery.InstanceInfoReplicator.run(InstanceInfoReplicator.java:125)
	at java.base/java.util.concurrent.Executors$RunnableAdapter.call(Executors.java:539)
	at java.base/java.util.concurrent.FutureTask.run(FutureTask.java:264)
	at java.base/java.util.concurrent.ScheduledThreadPoolExecutor$ScheduledFutureTask.run(ScheduledThreadPoolExecutor.java:304)
	at java.base/java.util.concurrent.ThreadPoolExecutor.runWorker(ThreadPoolExecutor.java:1136)
	at java.base/java.util.concurrent.ThreadPoolExecutor$Worker.run(ThreadPoolExecutor.java:635)
	at java.base/java.lang.Thread.run(Thread.java:842)

2026-09-08 17:17:34.147  WARN [auth-service] [traceId=NO_TRACE] [tenantId=default] [foReplicator-%d] c.n.discovery.InstanceInfoReplicator     : There was a problem with the instance info replicator

com.netflix.discovery.shared.transport.TransportException: Cannot execute request on any known server
	at com.netflix.discovery.shared.transport.decorator.RetryableEurekaHttpClient.execute(RetryableEurekaHttpClient.java:112)
	at com.netflix.discovery.shared.transport.decorator.EurekaHttpClientDecorator.register(EurekaHttpClientDecorator.java:56)
	at com.netflix.discovery.shared.transport.decorator.EurekaHttpClientDecorator$1.execute(EurekaHttpClientDecorator.java:59)
	at com.netflix.discovery.shared.transport.decorator.SessionedEurekaHttpClient.execute(SessionedEurekaHttpClient.java:76)
	at com.netflix.discovery.shared.transport.decorator.EurekaHttpClientDecorator.register(EurekaHttpClientDecorator.java:56)
	at com.netflix.discovery.DiscoveryClient.register(DiscoveryClient.java:828)
	at com.netflix.discovery.InstanceInfoReplicator.run(InstanceInfoReplicator.java:125)
	at java.base/java.util.concurrent.Executors$RunnableAdapter.call(Executors.java:539)
	at java.base/java.util.concurrent.FutureTask.run(FutureTask.java:264)
	at java.base/java.util.concurrent.ScheduledThreadPoolExecutor$ScheduledFutureTask.run(ScheduledThreadPoolExecutor.java:304)
	at java.base/java.util.concurrent.ThreadPoolExecutor.runWorker(ThreadPoolExecutor.java:1136)
	at java.base/java.util.concurrent.ThreadPoolExecutor$Worker.run(ThreadPoolExecutor.java:635)
	at java.base/java.lang.Thread.run(Thread.java:842)

2026-09-08 17:17:41.822  INFO [auth-service] [traceId=NO_TRACE] [tenantId=default] [nio-8081-exec-1] o.a.c.c.C.[Tomcat].[localhost].[/]       : Initializing Spring DispatcherServlet 'dispatcherServlet'
2026-09-08 17:17:41.822  INFO [auth-service] [traceId=NO_TRACE] [tenantId=default] [nio-8081-exec-1] o.s.web.servlet.DispatcherServlet        : Initializing Servlet 'dispatcherServlet'
2026-09-08 17:17:41.825  INFO [auth-service] [traceId=NO_TRACE] [tenantId=default] [nio-8081-exec-1] o.s.web.servlet.DispatcherServlet        : Completed initialization in 3 ms
2026-09-08 17:17:41.830 DEBUG [auth-service] [traceId=aecdc0b088a449e5] [tenantId=default] [nio-8081-exec-1] com.liochio.common.filter.TenantFilter   : [TenantFilter] Đã nạp Tenant ID: 'default' cho URI: /api/v1/auth/login
2026-09-08 17:17:42.214 DEBUG [auth-service] [traceId=aecdc0b088a449e5] [tenantId=default] [nio-8081-exec-1] c.liochio.common.advice.LoggingAspect    : [EXECUTION] com.liochio.common.service.SystemConfigService.getInt() hoàn tất trong 27 ms
2026-09-08 17:17:42.220 DEBUG [auth-service] [traceId=aecdc0b088a449e5] [tenantId=default] [nio-8081-exec-1] c.liochio.common.advice.LoggingAspect    : [EXECUTION] com.liochio.common.service.SystemConfigService.getInt() hoàn tất trong 6 ms
2026-09-08 17:17:42.393  INFO [auth-service] [traceId=aecdc0b088a449e5] [tenantId=default] [nio-8081-exec-1] c.l.auth.service.LoginSecurityService    : [LoginSecurityService] Đã ghi nhận lịch sử bảo mật: User='superadmin', Status='WRONG_PASSWORD', Reason='Mật khẩu không chính xác (Lần thử 1/5)'
2026-09-08 17:17:42.393 DEBUG [auth-service] [traceId=aecdc0b088a449e5] [tenantId=default] [nio-8081-exec-1] c.liochio.common.advice.LoggingAspect    : [EXECUTION] com.liochio.auth.service.LoginSecurityService.recordFailedLogin() hoàn tất trong 78 ms
2026-09-08 17:17:42.419 ERROR [auth-service] [traceId=aecdc0b088a449e5] [tenantId=default] [nio-8081-exec-1] c.liochio.common.advice.LoggingAspect    : [EXCEPTION] com.liochio.auth.service.AuthService.login() ném ngoại lệ sau 395 ms: Mật khẩu không chính xác. Bạn còn 4 lần thử.
2026-09-08 17:17:42.424 ERROR [auth-service] [traceId=aecdc0b088a449e5] [tenantId=default] [nio-8081-exec-1] c.liochio.common.advice.LoggingAspect    : [EXCEPTION] com.liochio.auth.controller.AuthController.login() ném ngoại lệ sau 411 ms: Mật khẩu không chính xác. Bạn còn 4 lần thử.
2026-09-08 17:17:42.437  WARN [auth-service] [traceId=aecdc0b088a449e5] [tenantId=default] [nio-8081-exec-1] c.l.c.exception.GlobalExceptionHandler   : [AppException] Code: 1007 - Message: Mật khẩu không chính xác. Bạn còn 4 lần thử.
2026-09-08 17:17:42.516 DEBUG [auth-service] [traceId=2a389200b72c4fd6] [tenantId=default] [nio-8081-exec-2] com.liochio.common.filter.TenantFilter   : [TenantFilter] Đã nạp Tenant ID: 'default' cho URI: /api/v1/auth/register
2026-09-08 17:17:45.630  WARN [auth-service] [traceId=2a389200b72c4fd6] [tenantId=default] [nio-8081-exec-2] c.liochio.common.advice.LoggingAspect    : [SLOW_EXECUTION] com.liochio.auth.service.OtpService.generateAndSaveOtp() thực thi mất 2802 ms
2026-09-08 17:17:45.643  INFO [auth-service] [traceId=2a389200b72c4fd6] [tenantId=default] [nio-8081-exec-2] com.liochio.auth.service.DeviceService   : [DeviceService] Tạo mới thiết bị: User=7, DeviceId=fp_9e909d55d2c34ddb, Trusted=true
2026-09-08 17:17:45.647 DEBUG [auth-service] [traceId=2a389200b72c4fd6] [tenantId=default] [nio-8081-exec-2] c.liochio.common.advice.LoggingAspect    : [EXECUTION] com.liochio.auth.service.DeviceService.getOrCreateDevice() hoàn tất trong 15 ms
2026-09-08 17:17:45.661  INFO [auth-service] [traceId=2a389200b72c4fd6] [tenantId=default] [nio-8081-exec-2] c.liochio.common.outbox.OutboxPublisher  : [OutboxPublisher] Đã lưu sự kiện Outbox: Type='USER_REGISTERED', AggregateId='7'
2026-09-08 17:17:45.663  INFO [auth-service] [traceId=2a389200b72c4fd6] [tenantId=default] [nio-8081-exec-2] com.liochio.auth.service.AuthService     : [AuthService] Đăng ký tài khoản thành công: ID=7, User='v2user_c19abe' (Chờ kích hoạt OTP)
2026-09-08 17:17:45.666  WARN [auth-service] [traceId=2a389200b72c4fd6] [tenantId=default] [nio-8081-exec-2] c.liochio.common.advice.LoggingAspect    : [SLOW_EXECUTION] com.liochio.auth.service.AuthService.register() thực thi mất 3114 ms
2026-09-08 17:17:45.680 DEBUG [auth-service] [traceId=2a389200b72c4fd6] [tenantId=default] [nio-8081-exec-2] c.liochio.common.advice.LoggingAspect    : [EXECUTION] com.liochio.common.i18n.MessageService.getMessage() hoàn tất trong 1 ms
2026-09-08 17:17:45.680  WARN [auth-service] [traceId=2a389200b72c4fd6] [tenantId=default] [nio-8081-exec-2] c.liochio.common.advice.LoggingAspect    : [SLOW_EXECUTION] com.liochio.auth.controller.AuthController.register() thực thi mất 3128 ms
2026-09-08 17:17:45.778 DEBUG [auth-service] [traceId=a7f36434074649af] [tenantId=default] [nio-8081-exec-3] com.liochio.common.filter.TenantFilter   : [TenantFilter] Đã nạp Tenant ID: '127' cho URI: /api/v1/auth/verify-otp
2026-09-08 17:17:45.793 DEBUG [auth-service] [traceId=a7f36434074649af] [tenantId=default] [nio-8081-exec-3] c.liochio.common.advice.LoggingAspect    : [EXECUTION] com.liochio.common.i18n.MessageService.getMessage() hoàn tất trong 0 ms
2026-09-08 17:17:45.793  WARN [auth-service] [traceId=a7f36434074649af] [tenantId=default] [nio-8081-exec-3] c.l.c.exception.GlobalExceptionHandler   : [ValidationException] Field errors: {otpCode=Mã OTP không được để trống}
2026-09-08 17:17:45.884 DEBUG [auth-service] [traceId=6cf1241e3abb41ca] [tenantId=default] [nio-8081-exec-4] com.liochio.common.filter.TenantFilter   : [TenantFilter] Đã nạp Tenant ID: '127' cho URI: /api/v1/auth/verify-otp
2026-09-08 17:17:45.887 DEBUG [auth-service] [traceId=6cf1241e3abb41ca] [tenantId=default] [nio-8081-exec-4] c.liochio.common.advice.LoggingAspect    : [EXECUTION] com.liochio.common.i18n.MessageService.getMessage() hoàn tất trong 1 ms
2026-09-08 17:17:45.887  WARN [auth-service] [traceId=6cf1241e3abb41ca] [tenantId=default] [nio-8081-exec-4] c.l.c.exception.GlobalExceptionHandler   : [ValidationException] Field errors: {otpCode=Mã OTP không được để trống}
2026-09-08 17:17:46.074 DEBUG [auth-service] [traceId=f71df677381e4adf] [tenantId=default] [nio-8081-exec-5] com.liochio.common.filter.TenantFilter   : [TenantFilter] Đã nạp Tenant ID: '127' cho URI: /api/v1/auth/login
2026-09-08 17:17:46.098  INFO [auth-service] [traceId=f71df677381e4adf] [tenantId=default] [nio-8081-exec-5] c.l.auth.service.LoginSecurityService    : [LoginSecurityService] Đã ghi nhận lịch sử bảo mật: User='v2user_c19abe', Status='WRONG_PASSWORD', Reason='Tài khoản chưa kích hoạt OTP (Lần thử 1/5)'
2026-09-08 17:17:46.098 DEBUG [auth-service] [traceId=f71df677381e4adf] [tenantId=default] [nio-8081-exec-5] c.liochio.common.advice.LoggingAspect    : [EXECUTION] com.liochio.auth.service.LoginSecurityService.recordFailedLogin() hoàn tất trong 11 ms
2026-09-08 17:17:46.103 ERROR [auth-service] [traceId=f71df677381e4adf] [tenantId=default] [nio-8081-exec-5] c.liochio.common.advice.LoggingAspect    : [EXCEPTION] com.liochio.auth.service.AuthService.login() ném ngoại lệ sau 24 ms: Tài khoản chưa được kích hoạt qua mã OTP. Vui lòng xác thực tài khoản.
2026-09-08 17:17:46.105 ERROR [auth-service] [traceId=f71df677381e4adf] [tenantId=default] [nio-8081-exec-5] c.liochio.common.advice.LoggingAspect    : [EXCEPTION] com.liochio.auth.controller.AuthController.login() ném ngoại lệ sau 26 ms: Tài khoản chưa được kích hoạt qua mã OTP. Vui lòng xác thực tài khoản.
2026-09-08 17:17:46.111  WARN [auth-service] [traceId=f71df677381e4adf] [tenantId=default] [nio-8081-exec-5] c.l.c.exception.GlobalExceptionHandler   : [AppException] Code: 2001 - Message: Tài khoản chưa được kích hoạt qua mã OTP. Vui lòng xác thực tài khoản.
2026-09-08 17:17:46.137 DEBUG [auth-service] [traceId=91231b28476f41f5] [tenantId=default] [nio-8081-exec-6] com.liochio.common.filter.TenantFilter   : [TenantFilter] Đã nạp Tenant ID: '127' cho URI: /api/v1/auth/me
2026-09-08 17:17:46.143  WARN [auth-service] [traceId=91231b28476f41f5] [tenantId=default] [nio-8081-exec-6] c.l.c.s.CustomAuthenticationEntryPoint   : [AuthenticationEntryPoint] 401 Unauthorized tại URI: /api/v1/auth/me - Lý do: Full authentication is required to access this resource
2026-09-08 17:17:46.144 DEBUG [auth-service] [traceId=91231b28476f41f5] [tenantId=default] [nio-8081-exec-6] c.liochio.common.advice.LoggingAspect    : [EXECUTION] com.liochio.common.i18n.MessageService.getMessage() hoàn tất trong 0 ms
2026-09-08 17:17:46.163 DEBUG [auth-service] [traceId=e063a72a549441ce] [tenantId=default] [nio-8081-exec-7] com.liochio.common.filter.TenantFilter   : [TenantFilter] Đã nạp Tenant ID: '127' cho URI: /api/v1/auth/refresh
2026-09-08 17:17:46.168 DEBUG [auth-service] [traceId=e063a72a549441ce] [tenantId=default] [nio-8081-exec-7] c.liochio.common.advice.LoggingAspect    : [EXECUTION] com.liochio.common.i18n.MessageService.getMessage() hoàn tất trong 0 ms
2026-09-08 17:17:46.169  WARN [auth-service] [traceId=e063a72a549441ce] [tenantId=default] [nio-8081-exec-7] c.l.c.exception.GlobalExceptionHandler   : [ValidationException] Field errors: {refreshToken=Refresh Token không được để trống}
2026-09-08 17:17:46.193 DEBUG [auth-service] [traceId=b1ad92b6fdbf48ca] [tenantId=default] [nio-8081-exec-8] com.liochio.common.filter.TenantFilter   : [TenantFilter] Đã nạp Tenant ID: '127' cho URI: /api/v1/auth/register
2026-09-08 17:17:46.196 DEBUG [auth-service] [traceId=b1ad92b6fdbf48ca] [tenantId=default] [nio-8081-exec-8] c.liochio.common.advice.LoggingAspect    : [EXECUTION] com.liochio.common.i18n.MessageService.getMessage() hoàn tất trong 0 ms
2026-09-08 17:17:46.197  WARN [auth-service] [traceId=b1ad92b6fdbf48ca] [tenantId=default] [nio-8081-exec-8] c.l.c.exception.GlobalExceptionHandler   : [ValidationException] Field errors: {email=Email không được để trống}
2026-09-08 17:17:46.219 DEBUG [auth-service] [traceId=672deb9e04164e15] [tenantId=default] [nio-8081-exec-9] com.liochio.common.filter.TenantFilter   : [TenantFilter] Đã nạp Tenant ID: '127' cho URI: /api/v1/auth/register
2026-09-08 17:17:46.223 DEBUG [auth-service] [traceId=672deb9e04164e15] [tenantId=default] [nio-8081-exec-9] c.liochio.common.advice.LoggingAspect    : [EXECUTION] com.liochio.common.i18n.MessageService.getMessage() hoàn tất trong 0 ms
2026-09-08 17:17:46.223  WARN [auth-service] [traceId=672deb9e04164e15] [tenantId=default] [nio-8081-exec-9] c.l.c.exception.GlobalExceptionHandler   : [ValidationException] Field errors: {email=Định dạng email không hợp lệ}
2026-09-08 17:17:46.254 DEBUG [auth-service] [traceId=946ab634d6144a87] [tenantId=default] [io-8081-exec-10] com.liochio.common.filter.TenantFilter   : [TenantFilter] Đã nạp Tenant ID: '127' cho URI: /api/v1/auth/register
2026-09-08 17:17:46.258 DEBUG [auth-service] [traceId=946ab634d6144a87] [tenantId=default] [io-8081-exec-10] c.liochio.common.advice.LoggingAspect    : [EXECUTION] com.liochio.common.i18n.MessageService.getMessage() hoàn tất trong 0 ms
2026-09-08 17:17:46.259  WARN [auth-service] [traceId=946ab634d6144a87] [tenantId=default] [io-8081-exec-10] c.l.c.exception.GlobalExceptionHandler   : [ValidationException] Field errors: {password=Mật khẩu phải từ 6 ký tự trở lên}
2026-09-08 17:17:46.289 DEBUG [auth-service] [traceId=42cf4b6346cb4ac6] [tenantId=default] [nio-8081-exec-1] com.liochio.common.filter.TenantFilter   : [TenantFilter] Đã nạp Tenant ID: '127' cho URI: /api/v1/auth/register
2026-09-08 17:17:46.299 ERROR [auth-service] [traceId=42cf4b6346cb4ac6] [tenantId=default] [nio-8081-exec-1] c.liochio.common.advice.LoggingAspect    : [EXCEPTION] com.liochio.auth.service.AuthService.register() ném ngoại lệ sau 4 ms: Tài khoản đã tồn tại
2026-09-08 17:17:46.300 ERROR [auth-service] [traceId=42cf4b6346cb4ac6] [tenantId=default] [nio-8081-exec-1] c.liochio.common.advice.LoggingAspect    : [EXCEPTION] com.liochio.auth.controller.AuthController.register() ném ngoại lệ sau 6 ms: Tài khoản đã tồn tại
2026-09-08 17:17:46.307 DEBUG [auth-service] [traceId=42cf4b6346cb4ac6] [tenantId=default] [nio-8081-exec-1] c.liochio.common.advice.LoggingAspect    : [EXECUTION] com.liochio.common.i18n.MessageService.getMessage() hoàn tất trong 0 ms
2026-09-08 17:17:46.308  WARN [auth-service] [traceId=42cf4b6346cb4ac6] [tenantId=default] [nio-8081-exec-1] c.l.c.exception.GlobalExceptionHandler   : [AppException] Code: 1006 - Message: Tài khoản hoặc email đã tồn tại trên hệ thống
2026-09-08 17:17:46.335 DEBUG [auth-service] [traceId=abcab6a08e3e4cd1] [tenantId=default] [nio-8081-exec-2] com.liochio.common.filter.TenantFilter   : [TenantFilter] Đã nạp Tenant ID: '127' cho URI: /api/v1/auth/me
2026-09-08 17:17:46.687 DEBUG [auth-service] [traceId=abcab6a08e3e4cd1] [tenantId=default] [nio-8081-exec-2] c.l.c.security.TokenBlacklistService     : [TokenBlacklist] Kiểm tra Redis lỗi, tiếp tục: Unable to connect to Redis
2026-09-08 17:17:46.773 DEBUG [auth-service] [traceId=abcab6a08e3e4cd1] [tenantId=default] [nio-8081-exec-2] c.liochio.common.advice.LoggingAspect    : [EXECUTION] com.liochio.common.security.TokenBlacklistService.isBlacklisted() hoàn tất trong 438 ms
2026-09-08 17:17:46.775  WARN [auth-service] [traceId=abcab6a08e3e4cd1] [tenantId=default] [nio-8081-exec-2] com.liochio.common.security.JwtUtils     : [JwtUtils] Token không hợp lệ hoặc đã hết hạn: Unable to verify RS256 signature with JCA algorithm 'SHA256withRSA' using key {Sun RSA public key, 2048 bits
  params: null
  modulus: 25027314363202909346517332645411421990058396615278005871484208316680389592109252327337715574144237091142280386288102213028762059672701808813372046756085592018355560867288457061162325568869093299304317743511009541123491365488218181893341353187837816690219021283541288488651739798134878132850680235502065475121368311692313566100785273179235699509545158762983981536054036671953242119350360055274785177532153425830791958578807599111423565624876311298471457465387864241251449233963027032167838613024987612607035765075693802046009269312442454194945130962108361444143652545970673521498361974294463902529732297783613579954209
  public exponent: 65537}: Signature callback execution failed: Bad signature length: got 6 but was expecting 256
2026-09-08 17:17:46.776  WARN [auth-service] [traceId=abcab6a08e3e4cd1] [tenantId=default] [nio-8081-exec-2] c.l.c.s.CustomAuthenticationEntryPoint   : [AuthenticationEntryPoint] 401 Unauthorized tại URI: /api/v1/auth/me - Lý do: Full authentication is required to access this resource
2026-09-08 17:17:46.776 DEBUG [auth-service] [traceId=abcab6a08e3e4cd1] [tenantId=default] [nio-8081-exec-2] c.liochio.common.advice.LoggingAspect    : [EXECUTION] com.liochio.common.i18n.MessageService.getMessage() hoàn tất trong 0 ms
2026-09-08 17:18:04.132  WARN [auth-service] [traceId=NO_TRACE] [tenantId=default] [beatExecutor-%d] c.n.d.s.t.d.RetryableEurekaHttpClient    : Request execution failed with message: I/O error on PUT request for "http://localhost:8761/eureka/apps/AUTH-SERVICE/localhost:auth-service:8081": Connect to http://localhost:8761 [localhost/127.0.0.1, localhost/0:0:0:0:0:0:0:1] failed: Connection refused: no further information
2026-09-08 17:18:04.132  WARN [auth-service] [traceId=NO_TRACE] [tenantId=default] [reshExecutor-%d] c.n.d.s.t.d.RetryableEurekaHttpClient    : Request execution failed with message: I/O error on GET request for "http://localhost:8761/eureka/apps/": Connect to http://localhost:8761 [localhost/127.0.0.1, localhost/0:0:0:0:0:0:0:1] failed: Connection refused: no further information
2026-09-08 17:18:04.132 ERROR [auth-service] [traceId=NO_TRACE] [tenantId=default] [beatExecutor-%d] com.netflix.discovery.DiscoveryClient    : DiscoveryClient_AUTH-SERVICE/localhost:auth-service:8081 - was unable to send heartbeat!

com.netflix.discovery.shared.transport.TransportException: Cannot execute request on any known server
	at com.netflix.discovery.shared.transport.decorator.RetryableEurekaHttpClient.execute(RetryableEurekaHttpClient.java:112)
	at com.netflix.discovery.shared.transport.decorator.EurekaHttpClientDecorator.sendHeartBeat(EurekaHttpClientDecorator.java:89)
	at com.netflix.discovery.shared.transport.decorator.EurekaHttpClientDecorator$3.execute(EurekaHttpClientDecorator.java:92)
	at com.netflix.discovery.shared.transport.decorator.SessionedEurekaHttpClient.execute(SessionedEurekaHttpClient.java:76)
	at com.netflix.discovery.shared.transport.decorator.EurekaHttpClientDecorator.sendHeartBeat(EurekaHttpClientDecorator.java:89)
	at com.netflix.discovery.DiscoveryClient.renew(DiscoveryClient.java:845)
	at com.netflix.discovery.DiscoveryClient$HeartbeatThread.run(DiscoveryClient.java:1402)
	at java.base/java.util.concurrent.Executors$RunnableAdapter.call(Executors.java:539)
	at java.base/java.util.concurrent.FutureTask.run(FutureTask.java:264)
	at java.base/java.util.concurrent.ThreadPoolExecutor.runWorker(ThreadPoolExecutor.java:1136)
	at java.base/java.util.concurrent.ThreadPoolExecutor$Worker.run(ThreadPoolExecutor.java:635)
	at java.base/java.lang.Thread.run(Thread.java:842)

2026-09-08 17:18:04.163  WARN [auth-service] [traceId=NO_TRACE] [tenantId=default] [foReplicator-%d] c.n.d.s.t.d.RetryableEurekaHttpClient    : Request execution failed with message: I/O error on POST request for "http://localhost:8761/eureka/apps/AUTH-SERVICE": Connect to http://localhost:8761 [localhost/127.0.0.1, localhost/0:0:0:0:0:0:0:1] failed: Connection refused: no further information
2026-09-08 17:18:04.163  WARN [auth-service] [traceId=NO_TRACE] [tenantId=default] [foReplicator-%d] com.netflix.discovery.DiscoveryClient    : DiscoveryClient_AUTH-SERVICE/localhost:auth-service:8081 - registration failed Cannot execute request on any known server

com.netflix.discovery.shared.transport.TransportException: Cannot execute request on any known server
	at com.netflix.discovery.shared.transport.decorator.RetryableEurekaHttpClient.execute(RetryableEurekaHttpClient.java:112)
	at com.netflix.discovery.shared.transport.decorator.EurekaHttpClientDecorator.register(EurekaHttpClientDecorator.java:56)
	at com.netflix.discovery.shared.transport.decorator.EurekaHttpClientDecorator$1.execute(EurekaHttpClientDecorator.java:59)
	at com.netflix.discovery.shared.transport.decorator.SessionedEurekaHttpClient.execute(SessionedEurekaHttpClient.java:76)
	at com.netflix.discovery.shared.transport.decorator.EurekaHttpClientDecorator.register(EurekaHttpClientDecorator.java:56)
	at com.netflix.discovery.DiscoveryClient.register(DiscoveryClient.java:828)
	at com.netflix.discovery.InstanceInfoReplicator.run(InstanceInfoReplicator.java:125)
	at java.base/java.util.concurrent.Executors$RunnableAdapter.call(Executors.java:539)
	at java.base/java.util.concurrent.FutureTask.run(FutureTask.java:264)
	at java.base/java.util.concurrent.ScheduledThreadPoolExecutor$ScheduledFutureTask.run(ScheduledThreadPoolExecutor.java:304)
	at java.base/java.util.concurrent.ThreadPoolExecutor.runWorker(ThreadPoolExecutor.java:1136)
	at java.base/java.util.concurrent.ThreadPoolExecutor$Worker.run(ThreadPoolExecutor.java:635)
	at java.base/java.lang.Thread.run(Thread.java:842)

2026-09-08 17:18:04.163  WARN [auth-service] [traceId=NO_TRACE] [tenantId=default] [foReplicator-%d] c.n.discovery.InstanceInfoReplicator     : There was a problem with the instance info replicator

com.netflix.discovery.shared.transport.TransportException: Cannot execute request on any known server
	at com.netflix.discovery.shared.transport.decorator.RetryableEurekaHttpClient.execute(RetryableEurekaHttpClient.java:112)
	at com.netflix.discovery.shared.transport.decorator.EurekaHttpClientDecorator.register(EurekaHttpClientDecorator.java:56)
	at com.netflix.discovery.shared.transport.decorator.EurekaHttpClientDecorator$1.execute(EurekaHttpClientDecorator.java:59)
	at com.netflix.discovery.shared.transport.decorator.SessionedEurekaHttpClient.execute(SessionedEurekaHttpClient.java:76)
	at com.netflix.discovery.shared.transport.decorator.EurekaHttpClientDecorator.register(EurekaHttpClientDecorator.java:56)
	at com.netflix.discovery.DiscoveryClient.register(DiscoveryClient.java:828)
	at com.netflix.discovery.InstanceInfoReplicator.run(InstanceInfoReplicator.java:125)
	at java.base/java.util.concurrent.Executors$RunnableAdapter.call(Executors.java:539)
	at java.base/java.util.concurrent.FutureTask.run(FutureTask.java:264)
	at java.base/java.util.concurrent.ScheduledThreadPoolExecutor$ScheduledFutureTask.run(ScheduledThreadPoolExecutor.java:304)
	at java.base/java.util.concurrent.ThreadPoolExecutor.runWorker(ThreadPoolExecutor.java:1136)
	at java.base/java.util.concurrent.ThreadPoolExecutor$Worker.run(ThreadPoolExecutor.java:635)
	at java.base/java.lang.Thread.run(Thread.java:842)

2026-09-08 17:18:34.162  WARN [auth-service] [traceId=NO_TRACE] [tenantId=default] [beatExecutor-%d] c.n.d.s.t.d.RetryableEurekaHttpClient    : Request execution failed with message: I/O error on PUT request for "http://localhost:8761/eureka/apps/AUTH-SERVICE/localhost:auth-service:8081": Connect to http://localhost:8761 [localhost/127.0.0.1, localhost/0:0:0:0:0:0:0:1] failed: Connection refused: no further information
2026-09-08 17:18:34.162 ERROR [auth-service] [traceId=NO_TRACE] [tenantId=default] [beatExecutor-%d] com.netflix.discovery.DiscoveryClient    : DiscoveryClient_AUTH-SERVICE/localhost:auth-service:8081 - was unable to send heartbeat!

com.netflix.discovery.shared.transport.TransportException: Cannot execute request on any known server
	at com.netflix.discovery.shared.transport.decorator.RetryableEurekaHttpClient.execute(RetryableEurekaHttpClient.java:112)
	at com.netflix.discovery.shared.transport.decorator.EurekaHttpClientDecorator.sendHeartBeat(EurekaHttpClientDecorator.java:89)
	at com.netflix.discovery.shared.transport.decorator.EurekaHttpClientDecorator$3.execute(EurekaHttpClientDecorator.java:92)
	at com.netflix.discovery.shared.transport.decorator.SessionedEurekaHttpClient.execute(SessionedEurekaHttpClient.java:76)
	at com.netflix.discovery.shared.transport.decorator.EurekaHttpClientDecorator.sendHeartBeat(EurekaHttpClientDecorator.java:89)
	at com.netflix.discovery.DiscoveryClient.renew(DiscoveryClient.java:845)
	at com.netflix.discovery.DiscoveryClient$HeartbeatThread.run(DiscoveryClient.java:1402)
	at java.base/java.util.concurrent.Executors$RunnableAdapter.call(Executors.java:539)
	at java.base/java.util.concurrent.FutureTask.run(FutureTask.java:264)
	at java.base/java.util.concurrent.ThreadPoolExecutor.runWorker(ThreadPoolExecutor.java:1136)
	at java.base/java.util.concurrent.ThreadPoolExecutor$Worker.run(ThreadPoolExecutor.java:635)
	at java.base/java.lang.Thread.run(Thread.java:842)

2026-09-08 17:18:34.164  WARN [auth-service] [traceId=NO_TRACE] [tenantId=default] [reshExecutor-%d] c.n.d.s.t.d.RetryableEurekaHttpClient    : Request execution failed with message: I/O error on GET request for "http://localhost:8761/eureka/apps/": Connect to http://localhost:8761 [localhost/127.0.0.1, localhost/0:0:0:0:0:0:0:1] failed: Connection refused: no further information
2026-09-08 17:18:35.653  WARN [auth-service] [traceId=NO_TRACE] [tenantId=default] [foReplicator-%d] c.n.d.s.t.d.RetryableEurekaHttpClient    : Request execution failed with message: I/O error on POST request for "http://localhost:8761/eureka/apps/AUTH-SERVICE": Connect to http://localhost:8761 [localhost/127.0.0.1, localhost/0:0:0:0:0:0:0:1] failed: Connection refused: no further information
2026-09-08 17:18:35.653  WARN [auth-service] [traceId=NO_TRACE] [tenantId=default] [foReplicator-%d] com.netflix.discovery.DiscoveryClient    : DiscoveryClient_AUTH-SERVICE/localhost:auth-service:8081 - registration failed Cannot execute request on any known server

com.netflix.discovery.shared.transport.TransportException: Cannot execute request on any known server
	at com.netflix.discovery.shared.transport.decorator.RetryableEurekaHttpClient.execute(RetryableEurekaHttpClient.java:112)
	at com.netflix.discovery.shared.transport.decorator.EurekaHttpClientDecorator.register(EurekaHttpClientDecorator.java:56)
	at com.netflix.discovery.shared.transport.decorator.EurekaHttpClientDecorator$1.execute(EurekaHttpClientDecorator.java:59)
	at com.netflix.discovery.shared.transport.decorator.SessionedEurekaHttpClient.execute(SessionedEurekaHttpClient.java:76)
	at com.netflix.discovery.shared.transport.decorator.EurekaHttpClientDecorator.register(EurekaHttpClientDecorator.java:56)
	at com.netflix.discovery.DiscoveryClient.register(DiscoveryClient.java:828)
	at com.netflix.discovery.InstanceInfoReplicator.run(InstanceInfoReplicator.java:125)
	at java.base/java.util.concurrent.Executors$RunnableAdapter.call(Executors.java:539)
	at java.base/java.util.concurrent.FutureTask.run(FutureTask.java:264)
	at java.base/java.util.concurrent.ScheduledThreadPoolExecutor$ScheduledFutureTask.run(ScheduledThreadPoolExecutor.java:304)
	at java.base/java.util.concurrent.ThreadPoolExecutor.runWorker(ThreadPoolExecutor.java:1136)
	at java.base/java.util.concurrent.ThreadPoolExecutor$Worker.run(ThreadPoolExecutor.java:635)
	at java.base/java.lang.Thread.run(Thread.java:842)

2026-09-08 17:18:35.655  WARN [auth-service] [traceId=NO_TRACE] [tenantId=default] [foReplicator-%d] c.n.discovery.InstanceInfoReplicator     : There was a problem with the instance info replicator

com.netflix.discovery.shared.transport.TransportException: Cannot execute request on any known server
	at com.netflix.discovery.shared.transport.decorator.RetryableEurekaHttpClient.execute(RetryableEurekaHttpClient.java:112)
	at com.netflix.discovery.shared.transport.decorator.EurekaHttpClientDecorator.register(EurekaHttpClientDecorator.java:56)
	at com.netflix.discovery.shared.transport.decorator.EurekaHttpClientDecorator$1.execute(EurekaHttpClientDecorator.java:59)
	at com.netflix.discovery.shared.transport.decorator.SessionedEurekaHttpClient.execute(SessionedEurekaHttpClient.java:76)
	at com.netflix.discovery.shared.transport.decorator.EurekaHttpClientDecorator.register(EurekaHttpClientDecorator.java:56)
	at com.netflix.discovery.DiscoveryClient.register(DiscoveryClient.java:828)
	at com.netflix.discovery.InstanceInfoReplicator.run(InstanceInfoReplicator.java:125)
	at java.base/java.util.concurrent.Executors$RunnableAdapter.call(Executors.java:539)
	at java.base/java.util.concurrent.FutureTask.run(FutureTask.java:264)
	at java.base/java.util.concurrent.ScheduledThreadPoolExecutor$ScheduledFutureTask.run(ScheduledThreadPoolExecutor.java:304)
	at java.base/java.util.concurrent.ThreadPoolExecutor.runWorker(ThreadPoolExecutor.java:1136)
	at java.base/java.util.concurrent.ThreadPoolExecutor$Worker.run(ThreadPoolExecutor.java:635)
	at java.base/java.lang.Thread.run(Thread.java:842)

2026-09-08 17:19:04.178  WARN [auth-service] [traceId=NO_TRACE] [tenantId=default] [beatExecutor-%d] c.n.d.s.t.d.RetryableEurekaHttpClient    : Request execution failed with message: I/O error on PUT request for "http://localhost:8761/eureka/apps/AUTH-SERVICE/localhost:auth-service:8081": Connect to http://localhost:8761 [localhost/127.0.0.1, localhost/0:0:0:0:0:0:0:1] failed: Connection refused: no further information
2026-09-08 17:19:04.179 ERROR [auth-service] [traceId=NO_TRACE] [tenantId=default] [beatExecutor-%d] com.netflix.discovery.DiscoveryClient    : DiscoveryClient_AUTH-SERVICE/localhost:auth-service:8081 - was unable to send heartbeat!

com.netflix.discovery.shared.transport.TransportException: Cannot execute request on any known server
	at com.netflix.discovery.shared.transport.decorator.RetryableEurekaHttpClient.execute(RetryableEurekaHttpClient.java:112)
	at com.netflix.discovery.shared.transport.decorator.EurekaHttpClientDecorator.sendHeartBeat(EurekaHttpClientDecorator.java:89)
	at com.netflix.discovery.shared.transport.decorator.EurekaHttpClientDecorator$3.execute(EurekaHttpClientDecorator.java:92)
	at com.netflix.discovery.shared.transport.decorator.SessionedEurekaHttpClient.execute(SessionedEurekaHttpClient.java:76)
	at com.netflix.discovery.shared.transport.decorator.EurekaHttpClientDecorator.sendHeartBeat(EurekaHttpClientDecorator.java:89)
	at com.netflix.discovery.DiscoveryClient.renew(DiscoveryClient.java:845)
	at com.netflix.discovery.DiscoveryClient$HeartbeatThread.run(DiscoveryClient.java:1402)
	at java.base/java.util.concurrent.Executors$RunnableAdapter.call(Executors.java:539)
	at java.base/java.util.concurrent.FutureTask.run(FutureTask.java:264)
	at java.base/java.util.concurrent.ThreadPoolExecutor.runWorker(ThreadPoolExecutor.java:1136)
	at java.base/java.util.concurrent.ThreadPoolExecutor$Worker.run(ThreadPoolExecutor.java:635)
	at java.base/java.lang.Thread.run(Thread.java:842)

2026-09-08 17:19:04.200  WARN [auth-service] [traceId=NO_TRACE] [tenantId=default] [reshExecutor-%d] c.n.d.s.t.d.RetryableEurekaHttpClient    : Request execution failed with message: I/O error on GET request for "http://localhost:8761/eureka/apps/": Connect to http://localhost:8761 [localhost/127.0.0.1, localhost/0:0:0:0:0:0:0:1] failed: Connection refused: no further information
2026-09-08 17:19:05.698  WARN [auth-service] [traceId=NO_TRACE] [tenantId=default] [foReplicator-%d] c.n.d.s.t.d.RetryableEurekaHttpClient    : Request execution failed with message: I/O error on POST request for "http://localhost:8761/eureka/apps/AUTH-SERVICE": Connect to http://localhost:8761 [localhost/127.0.0.1, localhost/0:0:0:0:0:0:0:1] failed: Connection refused: no further information
2026-09-08 17:19:05.698  WARN [auth-service] [traceId=NO_TRACE] [tenantId=default] [foReplicator-%d] com.netflix.discovery.DiscoveryClient    : DiscoveryClient_AUTH-SERVICE/localhost:auth-service:8081 - registration failed Cannot execute request on any known server

com.netflix.discovery.shared.transport.TransportException: Cannot execute request on any known server
	at com.netflix.discovery.shared.transport.decorator.RetryableEurekaHttpClient.execute(RetryableEurekaHttpClient.java:112)
	at com.netflix.discovery.shared.transport.decorator.EurekaHttpClientDecorator.register(EurekaHttpClientDecorator.java:56)
	at com.netflix.discovery.shared.transport.decorator.EurekaHttpClientDecorator$1.execute(EurekaHttpClientDecorator.java:59)
	at com.netflix.discovery.shared.transport.decorator.SessionedEurekaHttpClient.execute(SessionedEurekaHttpClient.java:76)
	at com.netflix.discovery.shared.transport.decorator.EurekaHttpClientDecorator.register(EurekaHttpClientDecorator.java:56)
	at com.netflix.discovery.DiscoveryClient.register(DiscoveryClient.java:828)
	at com.netflix.discovery.InstanceInfoReplicator.run(InstanceInfoReplicator.java:125)
	at java.base/java.util.concurrent.Executors$RunnableAdapter.call(Executors.java:539)
	at java.base/java.util.concurrent.FutureTask.run(FutureTask.java:264)
	at java.base/java.util.concurrent.ScheduledThreadPoolExecutor$ScheduledFutureTask.run(ScheduledThreadPoolExecutor.java:304)
	at java.base/java.util.concurrent.ThreadPoolExecutor.runWorker(ThreadPoolExecutor.java:1136)
	at java.base/java.util.concurrent.ThreadPoolExecutor$Worker.run(ThreadPoolExecutor.java:635)
	at java.base/java.lang.Thread.run(Thread.java:842)

2026-09-08 17:19:05.698  WARN [auth-service] [traceId=NO_TRACE] [tenantId=default] [foReplicator-%d] c.n.discovery.InstanceInfoReplicator     : There was a problem with the instance info replicator

com.netflix.discovery.shared.transport.TransportException: Cannot execute request on any known server
	at com.netflix.discovery.shared.transport.decorator.RetryableEurekaHttpClient.execute(RetryableEurekaHttpClient.java:112)
	at com.netflix.discovery.shared.transport.decorator.EurekaHttpClientDecorator.register(EurekaHttpClientDecorator.java:56)
	at com.netflix.discovery.shared.transport.decorator.EurekaHttpClientDecorator$1.execute(EurekaHttpClientDecorator.java:59)
	at com.netflix.discovery.shared.transport.decorator.SessionedEurekaHttpClient.execute(SessionedEurekaHttpClient.java:76)
	at com.netflix.discovery.shared.transport.decorator.EurekaHttpClientDecorator.register(EurekaHttpClientDecorator.java:56)
	at com.netflix.discovery.DiscoveryClient.register(DiscoveryClient.java:828)
	at com.netflix.discovery.InstanceInfoReplicator.run(InstanceInfoReplicator.java:125)
	at java.base/java.util.concurrent.Executors$RunnableAdapter.call(Executors.java:539)
	at java.base/java.util.concurrent.FutureTask.run(FutureTask.java:264)
	at java.base/java.util.concurrent.ScheduledThreadPoolExecutor$ScheduledFutureTask.run(ScheduledThreadPoolExecutor.java:304)
	at java.base/java.util.concurrent.ThreadPoolExecutor.runWorker(ThreadPoolExecutor.java:1136)
	at java.base/java.util.concurrent.ThreadPoolExecutor$Worker.run(ThreadPoolExecutor.java:635)
	at java.base/java.lang.Thread.run(Thread.java:842)

2026-09-08 17:19:34.199  WARN [auth-service] [traceId=NO_TRACE] [tenantId=default] [beatExecutor-%d] c.n.d.s.t.d.RetryableEurekaHttpClient    : Request execution failed with message: I/O error on PUT request for "http://localhost:8761/eureka/apps/AUTH-SERVICE/localhost:auth-service:8081": Connect to http://localhost:8761 [localhost/127.0.0.1, localhost/0:0:0:0:0:0:0:1] failed: Connection refused: no further information
2026-09-08 17:19:34.199 ERROR [auth-service] [traceId=NO_TRACE] [tenantId=default] [beatExecutor-%d] com.netflix.discovery.DiscoveryClient    : DiscoveryClient_AUTH-SERVICE/localhost:auth-service:8081 - was unable to send heartbeat!

com.netflix.discovery.shared.transport.TransportException: Cannot execute request on any known server
	at com.netflix.discovery.shared.transport.decorator.RetryableEurekaHttpClient.execute(RetryableEurekaHttpClient.java:112)
	at com.netflix.discovery.shared.transport.decorator.EurekaHttpClientDecorator.sendHeartBeat(EurekaHttpClientDecorator.java:89)
	at com.netflix.discovery.shared.transport.decorator.EurekaHttpClientDecorator$3.execute(EurekaHttpClientDecorator.java:92)
	at com.netflix.discovery.shared.transport.decorator.SessionedEurekaHttpClient.execute(SessionedEurekaHttpClient.java:76)
	at com.netflix.discovery.shared.transport.decorator.EurekaHttpClientDecorator.sendHeartBeat(EurekaHttpClientDecorator.java:89)
	at com.netflix.discovery.DiscoveryClient.renew(DiscoveryClient.java:845)
	at com.netflix.discovery.DiscoveryClient$HeartbeatThread.run(DiscoveryClient.java:1402)
	at java.base/java.util.concurrent.Executors$RunnableAdapter.call(Executors.java:539)
	at java.base/java.util.concurrent.FutureTask.run(FutureTask.java:264)
	at java.base/java.util.concurrent.ThreadPoolExecutor.runWorker(ThreadPoolExecutor.java:1136)
	at java.base/java.util.concurrent.ThreadPoolExecutor$Worker.run(ThreadPoolExecutor.java:635)
	at java.base/java.lang.Thread.run(Thread.java:842)

2026-09-08 17:19:34.225  WARN [auth-service] [traceId=NO_TRACE] [tenantId=default] [reshExecutor-%d] c.n.d.s.t.d.RetryableEurekaHttpClient    : Request execution failed with message: I/O error on GET request for "http://localhost:8761/eureka/apps/": Connect to http://localhost:8761 [localhost/127.0.0.1, localhost/0:0:0:0:0:0:0:1] failed: Connection refused: no further information
2026-09-08 17:19:35.756  WARN [auth-service] [traceId=NO_TRACE] [tenantId=default] [foReplicator-%d] c.n.d.s.t.d.RetryableEurekaHttpClient    : Request execution failed with message: I/O error on POST request for "http://localhost:8761/eureka/apps/AUTH-SERVICE": Connect to http://localhost:8761 [localhost/127.0.0.1, localhost/0:0:0:0:0:0:0:1] failed: Connection refused: no further information
2026-09-08 17:19:35.756  WARN [auth-service] [traceId=NO_TRACE] [tenantId=default] [foReplicator-%d] com.netflix.discovery.DiscoveryClient    : DiscoveryClient_AUTH-SERVICE/localhost:auth-service:8081 - registration failed Cannot execute request on any known server

com.netflix.discovery.shared.transport.TransportException: Cannot execute request on any known server
	at com.netflix.discovery.shared.transport.decorator.RetryableEurekaHttpClient.execute(RetryableEurekaHttpClient.java:112)
	at com.netflix.discovery.shared.transport.decorator.EurekaHttpClientDecorator.register(EurekaHttpClientDecorator.java:56)
	at com.netflix.discovery.shared.transport.decorator.EurekaHttpClientDecorator$1.execute(EurekaHttpClientDecorator.java:59)
	at com.netflix.discovery.shared.transport.decorator.SessionedEurekaHttpClient.execute(SessionedEurekaHttpClient.java:76)
	at com.netflix.discovery.shared.transport.decorator.EurekaHttpClientDecorator.register(EurekaHttpClientDecorator.java:56)
	at com.netflix.discovery.DiscoveryClient.register(DiscoveryClient.java:828)
	at com.netflix.discovery.InstanceInfoReplicator.run(InstanceInfoReplicator.java:125)
	at java.base/java.util.concurrent.Executors$RunnableAdapter.call(Executors.java:539)
	at java.base/java.util.concurrent.FutureTask.run(FutureTask.java:264)
	at java.base/java.util.concurrent.ScheduledThreadPoolExecutor$ScheduledFutureTask.run(ScheduledThreadPoolExecutor.java:304)
	at java.base/java.util.concurrent.ThreadPoolExecutor.runWorker(ThreadPoolExecutor.java:1136)
	at java.base/java.util.concurrent.ThreadPoolExecutor$Worker.run(ThreadPoolExecutor.java:635)
	at java.base/java.lang.Thread.run(Thread.java:842)

2026-09-08 17:19:35.758  WARN [auth-service] [traceId=NO_TRACE] [tenantId=default] [foReplicator-%d] c.n.discovery.InstanceInfoReplicator     : There was a problem with the instance info replicator

com.netflix.discovery.shared.transport.TransportException: Cannot execute request on any known server
	at com.netflix.discovery.shared.transport.decorator.RetryableEurekaHttpClient.execute(RetryableEurekaHttpClient.java:112)
	at com.netflix.discovery.shared.transport.decorator.EurekaHttpClientDecorator.register(EurekaHttpClientDecorator.java:56)
	at com.netflix.discovery.shared.transport.decorator.EurekaHttpClientDecorator$1.execute(EurekaHttpClientDecorator.java:59)
	at com.netflix.discovery.shared.transport.decorator.SessionedEurekaHttpClient.execute(SessionedEurekaHttpClient.java:76)
	at com.netflix.discovery.shared.transport.decorator.EurekaHttpClientDecorator.register(EurekaHttpClientDecorator.java:56)
	at com.netflix.discovery.DiscoveryClient.register(DiscoveryClient.java:828)
	at com.netflix.discovery.InstanceInfoReplicator.run(InstanceInfoReplicator.java:125)
	at java.base/java.util.concurrent.Executors$RunnableAdapter.call(Executors.java:539)
	at java.base/java.util.concurrent.FutureTask.run(FutureTask.java:264)
	at java.base/java.util.concurrent.ScheduledThreadPoolExecutor$ScheduledFutureTask.run(ScheduledThreadPoolExecutor.java:304)
	at java.base/java.util.concurrent.ThreadPoolExecutor.runWorker(ThreadPoolExecutor.java:1136)
	at java.base/java.util.concurrent.ThreadPoolExecutor$Worker.run(ThreadPoolExecutor.java:635)
	at java.base/java.lang.Thread.run(Thread.java:842)

2026-09-08 17:19:38.989 DEBUG [auth-service] [traceId=b60b92170841488a] [tenantId=default] [nio-8081-exec-4] com.liochio.common.filter.TenantFilter   : [TenantFilter] Đã nạp Tenant ID: 'default' cho URI: /api/v1/auth/login
2026-09-08 17:19:39.007 DEBUG [auth-service] [traceId=b60b92170841488a] [tenantId=default] [nio-8081-exec-4] c.liochio.common.advice.LoggingAspect    : [EXECUTION] com.liochio.common.service.SystemConfigService.getInt() hoàn tất trong 0 ms
2026-09-08 17:19:39.007 DEBUG [auth-service] [traceId=b60b92170841488a] [tenantId=default] [nio-8081-exec-4] c.liochio.common.advice.LoggingAspect    : [EXECUTION] com.liochio.common.service.SystemConfigService.getInt() hoàn tất trong 0 ms
2026-09-08 17:19:39.007  WARN [auth-service] [traceId=b60b92170841488a] [tenantId=default] [nio-8081-exec-4] o.s.s.c.bcrypt.BCryptPasswordEncoder     : Empty encoded password
2026-09-08 17:19:39.027  INFO [auth-service] [traceId=b60b92170841488a] [tenantId=default] [nio-8081-exec-4] c.l.auth.service.LoginSecurityService    : [LoginSecurityService] Đã ghi nhận lịch sử bảo mật: User='superadmin', Status='WRONG_PASSWORD', Reason='Mật khẩu không chính xác (Lần thử 1/5)'
2026-09-08 17:19:39.027 DEBUG [auth-service] [traceId=b60b92170841488a] [tenantId=default] [nio-8081-exec-4] c.liochio.common.advice.LoggingAspect    : [EXECUTION] com.liochio.auth.service.LoginSecurityService.recordFailedLogin() hoàn tất trong 17 ms
2026-09-08 17:19:39.036 ERROR [auth-service] [traceId=b60b92170841488a] [tenantId=default] [nio-8081-exec-4] c.liochio.common.advice.LoggingAspect    : [EXCEPTION] com.liochio.auth.service.AuthService.login() ném ngoại lệ sau 41 ms: Mật khẩu không chính xác. Bạn còn 4 lần thử.
2026-09-08 17:19:39.037 ERROR [auth-service] [traceId=b60b92170841488a] [tenantId=default] [nio-8081-exec-4] c.liochio.common.advice.LoggingAspect    : [EXCEPTION] com.liochio.auth.controller.AuthController.login() ném ngoại lệ sau 43 ms: Mật khẩu không chính xác. Bạn còn 4 lần thử.
2026-09-08 17:19:39.043  WARN [auth-service] [traceId=b60b92170841488a] [tenantId=default] [nio-8081-exec-4] c.l.c.exception.GlobalExceptionHandler   : [AppException] Code: 1007 - Message: Mật khẩu không chính xác. Bạn còn 4 lần thử.
2026-09-08 17:19:50.365 DEBUG [auth-service] [traceId=508fc66dec2c4317] [tenantId=default] [nio-8081-exec-5] com.liochio.common.filter.TenantFilter   : [TenantFilter] Đã nạp Tenant ID: 'default' cho URI: /api/v1/auth/login
2026-09-08 17:19:50.378 DEBUG [auth-service] [traceId=508fc66dec2c4317] [tenantId=default] [nio-8081-exec-5] c.liochio.common.advice.LoggingAspect    : [EXECUTION] com.liochio.common.service.SystemConfigService.getInt() hoàn tất trong 0 ms
2026-09-08 17:19:50.379 DEBUG [auth-service] [traceId=508fc66dec2c4317] [tenantId=default] [nio-8081-exec-5] c.liochio.common.advice.LoggingAspect    : [EXECUTION] com.liochio.common.service.SystemConfigService.getInt() hoàn tất trong 0 ms
2026-09-08 17:19:50.662  INFO [auth-service] [traceId=508fc66dec2c4317] [tenantId=default] [nio-8081-exec-5] c.l.auth.service.LoginSecurityService    : [LoginSecurityService] Đã ghi nhận lịch sử bảo mật: User='superadmin', Status='SUCCESS', Reason='Đăng nhập thành công'
2026-09-08 17:19:50.663 DEBUG [auth-service] [traceId=508fc66dec2c4317] [tenantId=default] [nio-8081-exec-5] c.liochio.common.advice.LoggingAspect    : [EXECUTION] com.liochio.auth.service.LoginSecurityService.recordSuccessfulLogin() hoàn tất trong 27 ms
2026-09-08 17:19:50.683 DEBUG [auth-service] [traceId=508fc66dec2c4317] [tenantId=default] [nio-8081-exec-5] c.liochio.common.advice.LoggingAspect    : [EXECUTION] com.liochio.auth.service.DeviceService.getOrCreateDevice() hoàn tất trong 15 ms
2026-09-08 17:19:50.783  WARN [auth-service] [traceId=508fc66dec2c4317] [tenantId=default] [nio-8081-exec-5] c.l.c.security.TokenBlacklistService     : [TokenBlacklist] Không thể ghi Session vào Redis: Unable to connect to Redis
2026-09-08 17:19:50.783 DEBUG [auth-service] [traceId=508fc66dec2c4317] [tenantId=default] [nio-8081-exec-5] c.liochio.common.advice.LoggingAspect    : [EXECUTION] com.liochio.common.security.TokenBlacklistService.blacklistSession() hoàn tất trong 7 ms
2026-09-08 17:19:50.783  WARN [auth-service] [traceId=508fc66dec2c4317] [tenantId=default] [nio-8081-exec-5] c.liochio.auth.service.SessionService    : [SessionService] [CONCURRENT KICK-OUT] Đã thu hồi phiên cũ sess_b55cedc353cc404eb8bd81ae9f97af56 của User ID: 1 do đăng nhập trên thiết bị mới postman-superadmin-01
2026-09-08 17:19:50.785 DEBUG [auth-service] [traceId=508fc66dec2c4317] [tenantId=default] [nio-8081-exec-5] c.liochio.common.advice.LoggingAspect    : [EXECUTION] com.liochio.auth.service.SessionService.kickOutOtherMobileSessions() hoàn tất trong 16 ms
2026-09-08 17:19:50.790  INFO [auth-service] [traceId=508fc66dec2c4317] [tenantId=default] [nio-8081-exec-5] c.liochio.auth.service.SessionService    : [SessionService] Tạo phiên mới: SessionID=sess_400bb94ad57347beb1c3efee64c0999a, UserID=1, DeviceID=postman-superadmin-01
2026-09-08 17:19:50.791 DEBUG [auth-service] [traceId=508fc66dec2c4317] [tenantId=default] [nio-8081-exec-5] c.liochio.common.advice.LoggingAspect    : [EXECUTION] com.liochio.auth.service.SessionService.createSession() hoàn tất trong 6 ms
2026-09-08 17:19:50.807 DEBUG [auth-service] [traceId=508fc66dec2c4317] [tenantId=default] [nio-8081-exec-5] c.liochio.common.advice.LoggingAspect    : [EXECUTION] com.liochio.auth.service.AuthService.login() hoàn tất trong 438 ms
2026-09-08 17:19:50.815 DEBUG [auth-service] [traceId=508fc66dec2c4317] [tenantId=default] [nio-8081-exec-5] c.liochio.common.advice.LoggingAspect    : [EXECUTION] com.liochio.common.i18n.MessageService.getMessage() hoàn tất trong 0 ms
2026-09-08 17:19:50.816 DEBUG [auth-service] [traceId=508fc66dec2c4317] [tenantId=default] [nio-8081-exec-5] c.liochio.common.advice.LoggingAspect    : [EXECUTION] com.liochio.auth.controller.AuthController.login() hoàn tất trong 448 ms
2026-09-08 17:20:04.207  WARN [auth-service] [traceId=NO_TRACE] [tenantId=default] [beatExecutor-%d] c.n.d.s.t.d.RetryableEurekaHttpClient    : Request execution failed with message: I/O error on PUT request for "http://localhost:8761/eureka/apps/AUTH-SERVICE/localhost:auth-service:8081": Connect to http://localhost:8761 [localhost/127.0.0.1, localhost/0:0:0:0:0:0:0:1] failed: Connection refused: no further information
2026-09-08 17:20:04.207 ERROR [auth-service] [traceId=NO_TRACE] [tenantId=default] [beatExecutor-%d] com.netflix.discovery.DiscoveryClient    : DiscoveryClient_AUTH-SERVICE/localhost:auth-service:8081 - was unable to send heartbeat!

com.netflix.discovery.shared.transport.TransportException: Cannot execute request on any known server
	at com.netflix.discovery.shared.transport.decorator.RetryableEurekaHttpClient.execute(RetryableEurekaHttpClient.java:112)
	at com.netflix.discovery.shared.transport.decorator.EurekaHttpClientDecorator.sendHeartBeat(EurekaHttpClientDecorator.java:89)
	at com.netflix.discovery.shared.transport.decorator.EurekaHttpClientDecorator$3.execute(EurekaHttpClientDecorator.java:92)
	at com.netflix.discovery.shared.transport.decorator.SessionedEurekaHttpClient.execute(SessionedEurekaHttpClient.java:76)
	at com.netflix.discovery.shared.transport.decorator.EurekaHttpClientDecorator.sendHeartBeat(EurekaHttpClientDecorator.java:89)
	at com.netflix.discovery.DiscoveryClient.renew(DiscoveryClient.java:845)
	at com.netflix.discovery.DiscoveryClient$HeartbeatThread.run(DiscoveryClient.java:1402)
	at java.base/java.util.concurrent.Executors$RunnableAdapter.call(Executors.java:539)
	at java.base/java.util.concurrent.FutureTask.run(FutureTask.java:264)
	at java.base/java.util.concurrent.ThreadPoolExecutor.runWorker(ThreadPoolExecutor.java:1136)
	at java.base/java.util.concurrent.ThreadPoolExecutor$Worker.run(ThreadPoolExecutor.java:635)
	at java.base/java.lang.Thread.run(Thread.java:842)

2026-09-08 17:20:04.241  WARN [auth-service] [traceId=NO_TRACE] [tenantId=default] [reshExecutor-%d] c.n.d.s.t.d.RetryableEurekaHttpClient    : Request execution failed with message: I/O error on GET request for "http://localhost:8761/eureka/apps/": Connect to http://localhost:8761 [localhost/127.0.0.1, localhost/0:0:0:0:0:0:0:1] failed: Connection refused: no further information
2026-09-08 17:20:05.776  WARN [auth-service] [traceId=NO_TRACE] [tenantId=default] [foReplicator-%d] c.n.d.s.t.d.RetryableEurekaHttpClient    : Request execution failed with message: I/O error on POST request for "http://localhost:8761/eureka/apps/AUTH-SERVICE": Connect to http://localhost:8761 [localhost/127.0.0.1, localhost/0:0:0:0:0:0:0:1] failed: Connection refused: no further information
2026-09-08 17:20:05.778  WARN [auth-service] [traceId=NO_TRACE] [tenantId=default] [foReplicator-%d] com.netflix.discovery.DiscoveryClient    : DiscoveryClient_AUTH-SERVICE/localhost:auth-service:8081 - registration failed Cannot execute request on any known server

com.netflix.discovery.shared.transport.TransportException: Cannot execute request on any known server
	at com.netflix.discovery.shared.transport.decorator.RetryableEurekaHttpClient.execute(RetryableEurekaHttpClient.java:112)
	at com.netflix.discovery.shared.transport.decorator.EurekaHttpClientDecorator.register(EurekaHttpClientDecorator.java:56)
	at com.netflix.discovery.shared.transport.decorator.EurekaHttpClientDecorator$1.execute(EurekaHttpClientDecorator.java:59)
	at com.netflix.discovery.shared.transport.decorator.SessionedEurekaHttpClient.execute(SessionedEurekaHttpClient.java:76)
	at com.netflix.discovery.shared.transport.decorator.EurekaHttpClientDecorator.register(EurekaHttpClientDecorator.java:56)
	at com.netflix.discovery.DiscoveryClient.register(DiscoveryClient.java:828)
	at com.netflix.discovery.InstanceInfoReplicator.run(InstanceInfoReplicator.java:125)
	at java.base/java.util.concurrent.Executors$RunnableAdapter.call(Executors.java:539)
	at java.base/java.util.concurrent.FutureTask.run(FutureTask.java:264)
	at java.base/java.util.concurrent.ScheduledThreadPoolExecutor$ScheduledFutureTask.run(ScheduledThreadPoolExecutor.java:304)
	at java.base/java.util.concurrent.ThreadPoolExecutor.runWorker(ThreadPoolExecutor.java:1136)
	at java.base/java.util.concurrent.ThreadPoolExecutor$Worker.run(ThreadPoolExecutor.java:635)
	at java.base/java.lang.Thread.run(Thread.java:842)

2026-09-08 17:20:05.778  WARN [auth-service] [traceId=NO_TRACE] [tenantId=default] [foReplicator-%d] c.n.discovery.InstanceInfoReplicator     : There was a problem with the instance info replicator

com.netflix.discovery.shared.transport.TransportException: Cannot execute request on any known server
	at com.netflix.discovery.shared.transport.decorator.RetryableEurekaHttpClient.execute(RetryableEurekaHttpClient.java:112)
	at com.netflix.discovery.shared.transport.decorator.EurekaHttpClientDecorator.register(EurekaHttpClientDecorator.java:56)
	at com.netflix.discovery.shared.transport.decorator.EurekaHttpClientDecorator$1.execute(EurekaHttpClientDecorator.java:59)
	at com.netflix.discovery.shared.transport.decorator.SessionedEurekaHttpClient.execute(SessionedEurekaHttpClient.java:76)
	at com.netflix.discovery.shared.transport.decorator.EurekaHttpClientDecorator.register(EurekaHttpClientDecorator.java:56)
	at com.netflix.discovery.DiscoveryClient.register(DiscoveryClient.java:828)
	at com.netflix.discovery.InstanceInfoReplicator.run(InstanceInfoReplicator.java:125)
	at java.base/java.util.concurrent.Executors$RunnableAdapter.call(Executors.java:539)
	at java.base/java.util.concurrent.FutureTask.run(FutureTask.java:264)
	at java.base/java.util.concurrent.ScheduledThreadPoolExecutor$ScheduledFutureTask.run(ScheduledThreadPoolExecutor.java:304)
	at java.base/java.util.concurrent.ThreadPoolExecutor.runWorker(ThreadPoolExecutor.java:1136)
	at java.base/java.util.concurrent.ThreadPoolExecutor$Worker.run(ThreadPoolExecutor.java:635)
	at java.base/java.lang.Thread.run(Thread.java:842)

2026-09-08 17:20:08.645 DEBUG [auth-service] [traceId=02a048dd5c344434] [tenantId=default] [nio-8081-exec-7] com.liochio.common.filter.TenantFilter   : [TenantFilter] Đã nạp Tenant ID: 'default' cho URI: /api/v1/auth/register
2026-09-08 17:20:09.184 DEBUG [auth-service] [traceId=02a048dd5c344434] [tenantId=default] [nio-8081-exec-7] c.liochio.common.advice.LoggingAspect    : [EXECUTION] com.liochio.auth.service.OtpService.generateAndSaveOtp() hoàn tất trong 272 ms
2026-09-08 17:20:09.191  INFO [auth-service] [traceId=02a048dd5c344434] [tenantId=default] [nio-8081-exec-7] com.liochio.auth.service.DeviceService   : [DeviceService] Tạo mới thiết bị: User=8, DeviceId=fp_9e909d55d2c34ddb, Trusted=true
2026-09-08 17:20:09.195 DEBUG [auth-service] [traceId=02a048dd5c344434] [tenantId=default] [nio-8081-exec-7] c.liochio.common.advice.LoggingAspect    : [EXECUTION] com.liochio.auth.service.DeviceService.getOrCreateDevice() hoàn tất trong 11 ms
2026-09-08 17:20:09.198  INFO [auth-service] [traceId=02a048dd5c344434] [tenantId=default] [nio-8081-exec-7] c.liochio.common.outbox.OutboxPublisher  : [OutboxPublisher] Đã lưu sự kiện Outbox: Type='USER_REGISTERED', AggregateId='8'
2026-09-08 17:20:09.198  INFO [auth-service] [traceId=02a048dd5c344434] [tenantId=default] [nio-8081-exec-7] com.liochio.auth.service.AuthService     : [AuthService] Đăng ký tài khoản thành công: ID=8, User='test_user_otp_01' (Chờ kích hoạt OTP)
2026-09-08 17:20:09.199 DEBUG [auth-service] [traceId=02a048dd5c344434] [tenantId=default] [nio-8081-exec-7] c.liochio.common.advice.LoggingAspect    : [EXECUTION] com.liochio.auth.service.AuthService.register() hoàn tất trong 549 ms
2026-09-08 17:20:09.207 DEBUG [auth-service] [traceId=02a048dd5c344434] [tenantId=default] [nio-8081-exec-7] c.liochio.common.advice.LoggingAspect    : [EXECUTION] com.liochio.common.i18n.MessageService.getMessage() hoàn tất trong 0 ms
2026-09-08 17:20:09.207 DEBUG [auth-service] [traceId=02a048dd5c344434] [tenantId=default] [nio-8081-exec-7] c.liochio.common.advice.LoggingAspect    : [EXECUTION] com.liochio.auth.controller.AuthController.register() hoàn tất trong 558 ms
2026-09-08 17:20:34.242  WARN [auth-service] [traceId=NO_TRACE] [tenantId=default] [beatExecutor-%d] c.n.d.s.t.d.RetryableEurekaHttpClient    : Request execution failed with message: I/O error on PUT request for "http://localhost:8761/eureka/apps/AUTH-SERVICE/localhost:auth-service:8081": Connect to http://localhost:8761 [localhost/127.0.0.1, localhost/0:0:0:0:0:0:0:1] failed: Connection refused: no further information
2026-09-08 17:20:34.242 ERROR [auth-service] [traceId=NO_TRACE] [tenantId=default] [beatExecutor-%d] com.netflix.discovery.DiscoveryClient    : DiscoveryClient_AUTH-SERVICE/localhost:auth-service:8081 - was unable to send heartbeat!

com.netflix.discovery.shared.transport.TransportException: Cannot execute request on any known server
	at com.netflix.discovery.shared.transport.decorator.RetryableEurekaHttpClient.execute(RetryableEurekaHttpClient.java:112)
	at com.netflix.discovery.shared.transport.decorator.EurekaHttpClientDecorator.sendHeartBeat(EurekaHttpClientDecorator.java:89)
	at com.netflix.discovery.shared.transport.decorator.EurekaHttpClientDecorator$3.execute(EurekaHttpClientDecorator.java:92)
	at com.netflix.discovery.shared.transport.decorator.SessionedEurekaHttpClient.execute(SessionedEurekaHttpClient.java:76)
	at com.netflix.discovery.shared.transport.decorator.EurekaHttpClientDecorator.sendHeartBeat(EurekaHttpClientDecorator.java:89)
	at com.netflix.discovery.DiscoveryClient.renew(DiscoveryClient.java:845)
	at com.netflix.discovery.DiscoveryClient$HeartbeatThread.run(DiscoveryClient.java:1402)
	at java.base/java.util.concurrent.Executors$RunnableAdapter.call(Executors.java:539)
	at java.base/java.util.concurrent.FutureTask.run(FutureTask.java:264)
	at java.base/java.util.concurrent.ThreadPoolExecutor.runWorker(ThreadPoolExecutor.java:1136)
	at java.base/java.util.concurrent.ThreadPoolExecutor$Worker.run(ThreadPoolExecutor.java:635)
	at java.base/java.lang.Thread.run(Thread.java:842)

2026-09-08 17:20:34.263  WARN [auth-service] [traceId=NO_TRACE] [tenantId=default] [reshExecutor-%d] c.n.d.s.t.d.RetryableEurekaHttpClient    : Request execution failed with message: I/O error on GET request for "http://localhost:8761/eureka/apps/": Connect to http://localhost:8761 [localhost/127.0.0.1, localhost/0:0:0:0:0:0:0:1] failed: Connection refused: no further information
2026-09-08 17:20:35.800  WARN [auth-service] [traceId=NO_TRACE] [tenantId=default] [foReplicator-%d] c.n.d.s.t.d.RetryableEurekaHttpClient    : Request execution failed with message: I/O error on POST request for "http://localhost:8761/eureka/apps/AUTH-SERVICE": Connect to http://localhost:8761 [localhost/127.0.0.1, localhost/0:0:0:0:0:0:0:1] failed: Connection refused: no further information
2026-09-08 17:20:35.801  WARN [auth-service] [traceId=NO_TRACE] [tenantId=default] [foReplicator-%d] com.netflix.discovery.DiscoveryClient    : DiscoveryClient_AUTH-SERVICE/localhost:auth-service:8081 - registration failed Cannot execute request on any known server

com.netflix.discovery.shared.transport.TransportException: Cannot execute request on any known server
	at com.netflix.discovery.shared.transport.decorator.RetryableEurekaHttpClient.execute(RetryableEurekaHttpClient.java:112)
	at com.netflix.discovery.shared.transport.decorator.EurekaHttpClientDecorator.register(EurekaHttpClientDecorator.java:56)
	at com.netflix.discovery.shared.transport.decorator.EurekaHttpClientDecorator$1.execute(EurekaHttpClientDecorator.java:59)
	at com.netflix.discovery.shared.transport.decorator.SessionedEurekaHttpClient.execute(SessionedEurekaHttpClient.java:76)
	at com.netflix.discovery.shared.transport.decorator.EurekaHttpClientDecorator.register(EurekaHttpClientDecorator.java:56)
	at com.netflix.discovery.DiscoveryClient.register(DiscoveryClient.java:828)
	at com.netflix.discovery.InstanceInfoReplicator.run(InstanceInfoReplicator.java:125)
	at java.base/java.util.concurrent.Executors$RunnableAdapter.call(Executors.java:539)
	at java.base/java.util.concurrent.FutureTask.run(FutureTask.java:264)
	at java.base/java.util.concurrent.ScheduledThreadPoolExecutor$ScheduledFutureTask.run(ScheduledThreadPoolExecutor.java:304)
	at java.base/java.util.concurrent.ThreadPoolExecutor.runWorker(ThreadPoolExecutor.java:1136)
	at java.base/java.util.concurrent.ThreadPoolExecutor$Worker.run(ThreadPoolExecutor.java:635)
	at java.base/java.lang.Thread.run(Thread.java:842)

2026-09-08 17:20:35.802  WARN [auth-service] [traceId=NO_TRACE] [tenantId=default] [foReplicator-%d] c.n.discovery.InstanceInfoReplicator     : There was a problem with the instance info replicator

com.netflix.discovery.shared.transport.TransportException: Cannot execute request on any known server
	at com.netflix.discovery.shared.transport.decorator.RetryableEurekaHttpClient.execute(RetryableEurekaHttpClient.java:112)
	at com.netflix.discovery.shared.transport.decorator.EurekaHttpClientDecorator.register(EurekaHttpClientDecorator.java:56)
	at com.netflix.discovery.shared.transport.decorator.EurekaHttpClientDecorator$1.execute(EurekaHttpClientDecorator.java:59)
	at com.netflix.discovery.shared.transport.decorator.SessionedEurekaHttpClient.execute(SessionedEurekaHttpClient.java:76)
	at com.netflix.discovery.shared.transport.decorator.EurekaHttpClientDecorator.register(EurekaHttpClientDecorator.java:56)
	at com.netflix.discovery.DiscoveryClient.register(DiscoveryClient.java:828)
	at com.netflix.discovery.InstanceInfoReplicator.run(InstanceInfoReplicator.java:125)
	at java.base/java.util.concurrent.Executors$RunnableAdapter.call(Executors.java:539)
	at java.base/java.util.concurrent.FutureTask.run(FutureTask.java:264)
	at java.base/java.util.concurrent.ScheduledThreadPoolExecutor$ScheduledFutureTask.run(ScheduledThreadPoolExecutor.java:304)
	at java.base/java.util.concurrent.ThreadPoolExecutor.runWorker(ThreadPoolExecutor.java:1136)
	at java.base/java.util.concurrent.ThreadPoolExecutor$Worker.run(ThreadPoolExecutor.java:635)
	at java.base/java.lang.Thread.run(Thread.java:842)

2026-09-08 17:21:04.256  WARN [auth-service] [traceId=NO_TRACE] [tenantId=default] [beatExecutor-%d] c.n.d.s.t.d.RetryableEurekaHttpClient    : Request execution failed with message: I/O error on PUT request for "http://localhost:8761/eureka/apps/AUTH-SERVICE/localhost:auth-service:8081": Connect to http://localhost:8761 [localhost/127.0.0.1, localhost/0:0:0:0:0:0:0:1] failed: Connection refused: no further information
2026-09-08 17:21:04.256 ERROR [auth-service] [traceId=NO_TRACE] [tenantId=default] [beatExecutor-%d] com.netflix.discovery.DiscoveryClient    : DiscoveryClient_AUTH-SERVICE/localhost:auth-service:8081 - was unable to send heartbeat!

com.netflix.discovery.shared.transport.TransportException: Cannot execute request on any known server
	at com.netflix.discovery.shared.transport.decorator.RetryableEurekaHttpClient.execute(RetryableEurekaHttpClient.java:112)
	at com.netflix.discovery.shared.transport.decorator.EurekaHttpClientDecorator.sendHeartBeat(EurekaHttpClientDecorator.java:89)
	at com.netflix.discovery.shared.transport.decorator.EurekaHttpClientDecorator$3.execute(EurekaHttpClientDecorator.java:92)
	at com.netflix.discovery.shared.transport.decorator.SessionedEurekaHttpClient.execute(SessionedEurekaHttpClient.java:76)
	at com.netflix.discovery.shared.transport.decorator.EurekaHttpClientDecorator.sendHeartBeat(EurekaHttpClientDecorator.java:89)
	at com.netflix.discovery.DiscoveryClient.renew(DiscoveryClient.java:845)
	at com.netflix.discovery.DiscoveryClient$HeartbeatThread.run(DiscoveryClient.java:1402)
	at java.base/java.util.concurrent.Executors$RunnableAdapter.call(Executors.java:539)
	at java.base/java.util.concurrent.FutureTask.run(FutureTask.java:264)
	at java.base/java.util.concurrent.ThreadPoolExecutor.runWorker(ThreadPoolExecutor.java:1136)
	at java.base/java.util.concurrent.ThreadPoolExecutor$Worker.run(ThreadPoolExecutor.java:635)
	at java.base/java.lang.Thread.run(Thread.java:842)

2026-09-08 17:21:04.324  WARN [auth-service] [traceId=NO_TRACE] [tenantId=default] [reshExecutor-%d] c.n.d.s.t.d.RetryableEurekaHttpClient    : Request execution failed with message: I/O error on GET request for "http://localhost:8761/eureka/apps/": Connect to http://localhost:8761 [localhost/127.0.0.1, localhost/0:0:0:0:0:0:0:1] failed: Connection refused: no further information
2026-09-08 17:21:05.808  WARN [auth-service] [traceId=NO_TRACE] [tenantId=default] [foReplicator-%d] c.n.d.s.t.d.RetryableEurekaHttpClient    : Request execution failed with message: I/O error on POST request for "http://localhost:8761/eureka/apps/AUTH-SERVICE": Connect to http://localhost:8761 [localhost/127.0.0.1, localhost/0:0:0:0:0:0:0:1] failed: Connection refused: no further information
2026-09-08 17:21:05.808  WARN [auth-service] [traceId=NO_TRACE] [tenantId=default] [foReplicator-%d] com.netflix.discovery.DiscoveryClient    : DiscoveryClient_AUTH-SERVICE/localhost:auth-service:8081 - registration failed Cannot execute request on any known server

com.netflix.discovery.shared.transport.TransportException: Cannot execute request on any known server
	at com.netflix.discovery.shared.transport.decorator.RetryableEurekaHttpClient.execute(RetryableEurekaHttpClient.java:112)
	at com.netflix.discovery.shared.transport.decorator.EurekaHttpClientDecorator.register(EurekaHttpClientDecorator.java:56)
	at com.netflix.discovery.shared.transport.decorator.EurekaHttpClientDecorator$1.execute(EurekaHttpClientDecorator.java:59)
	at com.netflix.discovery.shared.transport.decorator.SessionedEurekaHttpClient.execute(SessionedEurekaHttpClient.java:76)
	at com.netflix.discovery.shared.transport.decorator.EurekaHttpClientDecorator.register(EurekaHttpClientDecorator.java:56)
	at com.netflix.discovery.DiscoveryClient.register(DiscoveryClient.java:828)
	at com.netflix.discovery.InstanceInfoReplicator.run(InstanceInfoReplicator.java:125)
	at java.base/java.util.concurrent.Executors$RunnableAdapter.call(Executors.java:539)
	at java.base/java.util.concurrent.FutureTask.run(FutureTask.java:264)
	at java.base/java.util.concurrent.ScheduledThreadPoolExecutor$ScheduledFutureTask.run(ScheduledThreadPoolExecutor.java:304)
	at java.base/java.util.concurrent.ThreadPoolExecutor.runWorker(ThreadPoolExecutor.java:1136)
	at java.base/java.util.concurrent.ThreadPoolExecutor$Worker.run(ThreadPoolExecutor.java:635)
	at java.base/java.lang.Thread.run(Thread.java:842)

2026-09-08 17:21:05.808  WARN [auth-service] [traceId=NO_TRACE] [tenantId=default] [foReplicator-%d] c.n.discovery.InstanceInfoReplicator     : There was a problem with the instance info replicator

com.netflix.discovery.shared.transport.TransportException: Cannot execute request on any known server
	at com.netflix.discovery.shared.transport.decorator.RetryableEurekaHttpClient.execute(RetryableEurekaHttpClient.java:112)
	at com.netflix.discovery.shared.transport.decorator.EurekaHttpClientDecorator.register(EurekaHttpClientDecorator.java:56)
	at com.netflix.discovery.shared.transport.decorator.EurekaHttpClientDecorator$1.execute(EurekaHttpClientDecorator.java:59)
	at com.netflix.discovery.shared.transport.decorator.SessionedEurekaHttpClient.execute(SessionedEurekaHttpClient.java:76)
	at com.netflix.discovery.shared.transport.decorator.EurekaHttpClientDecorator.register(EurekaHttpClientDecorator.java:56)
	at com.netflix.discovery.DiscoveryClient.register(DiscoveryClient.java:828)
	at com.netflix.discovery.InstanceInfoReplicator.run(InstanceInfoReplicator.java:125)
	at java.base/java.util.concurrent.Executors$RunnableAdapter.call(Executors.java:539)
	at java.base/java.util.concurrent.FutureTask.run(FutureTask.java:264)
	at java.base/java.util.concurrent.ScheduledThreadPoolExecutor$ScheduledFutureTask.run(ScheduledThreadPoolExecutor.java:304)
	at java.base/java.util.concurrent.ThreadPoolExecutor.runWorker(ThreadPoolExecutor.java:1136)
	at java.base/java.util.concurrent.ThreadPoolExecutor$Worker.run(ThreadPoolExecutor.java:635)
	at java.base/java.lang.Thread.run(Thread.java:842)

2026-09-08 17:21:34.277  WARN [auth-service] [traceId=NO_TRACE] [tenantId=default] [beatExecutor-%d] c.n.d.s.t.d.RetryableEurekaHttpClient    : Request execution failed with message: I/O error on PUT request for "http://localhost:8761/eureka/apps/AUTH-SERVICE/localhost:auth-service:8081": Connect to http://localhost:8761 [localhost/127.0.0.1, localhost/0:0:0:0:0:0:0:1] failed: Connection refused: no further information
2026-09-08 17:21:34.277 ERROR [auth-service] [traceId=NO_TRACE] [tenantId=default] [beatExecutor-%d] com.netflix.discovery.DiscoveryClient    : DiscoveryClient_AUTH-SERVICE/localhost:auth-service:8081 - was unable to send heartbeat!

com.netflix.discovery.shared.transport.TransportException: Cannot execute request on any known server
	at com.netflix.discovery.shared.transport.decorator.RetryableEurekaHttpClient.execute(RetryableEurekaHttpClient.java:112)
	at com.netflix.discovery.shared.transport.decorator.EurekaHttpClientDecorator.sendHeartBeat(EurekaHttpClientDecorator.java:89)
	at com.netflix.discovery.shared.transport.decorator.EurekaHttpClientDecorator$3.execute(EurekaHttpClientDecorator.java:92)
	at com.netflix.discovery.shared.transport.decorator.SessionedEurekaHttpClient.execute(SessionedEurekaHttpClient.java:76)
	at com.netflix.discovery.shared.transport.decorator.EurekaHttpClientDecorator.sendHeartBeat(EurekaHttpClientDecorator.java:89)
	at com.netflix.discovery.DiscoveryClient.renew(DiscoveryClient.java:845)
	at com.netflix.discovery.DiscoveryClient$HeartbeatThread.run(DiscoveryClient.java:1402)
	at java.base/java.util.concurrent.Executors$RunnableAdapter.call(Executors.java:539)
	at java.base/java.util.concurrent.FutureTask.run(FutureTask.java:264)
	at java.base/java.util.concurrent.ThreadPoolExecutor.runWorker(ThreadPoolExecutor.java:1136)
	at java.base/java.util.concurrent.ThreadPoolExecutor$Worker.run(ThreadPoolExecutor.java:635)
	at java.base/java.lang.Thread.run(Thread.java:842)

2026-09-08 17:21:34.343  WARN [auth-service] [traceId=NO_TRACE] [tenantId=default] [reshExecutor-%d] c.n.d.s.t.d.RetryableEurekaHttpClient    : Request execution failed with message: I/O error on GET request for "http://localhost:8761/eureka/apps/": Connect to http://localhost:8761 [localhost/127.0.0.1, localhost/0:0:0:0:0:0:0:1] failed: Connection refused: no further information
2026-09-08 17:21:35.819  WARN [auth-service] [traceId=NO_TRACE] [tenantId=default] [foReplicator-%d] c.n.d.s.t.d.RetryableEurekaHttpClient    : Request execution failed with message: I/O error on POST request for "http://localhost:8761/eureka/apps/AUTH-SERVICE": Connect to http://localhost:8761 [localhost/127.0.0.1, localhost/0:0:0:0:0:0:0:1] failed: Connection refused: no further information
2026-09-08 17:21:35.819  WARN [auth-service] [traceId=NO_TRACE] [tenantId=default] [foReplicator-%d] com.netflix.discovery.DiscoveryClient    : DiscoveryClient_AUTH-SERVICE/localhost:auth-service:8081 - registration failed Cannot execute request on any known server

com.netflix.discovery.shared.transport.TransportException: Cannot execute request on any known server
	at com.netflix.discovery.shared.transport.decorator.RetryableEurekaHttpClient.execute(RetryableEurekaHttpClient.java:112)
	at com.netflix.discovery.shared.transport.decorator.EurekaHttpClientDecorator.register(EurekaHttpClientDecorator.java:56)
	at com.netflix.discovery.shared.transport.decorator.EurekaHttpClientDecorator$1.execute(EurekaHttpClientDecorator.java:59)
	at com.netflix.discovery.shared.transport.decorator.SessionedEurekaHttpClient.execute(SessionedEurekaHttpClient.java:76)
	at com.netflix.discovery.shared.transport.decorator.EurekaHttpClientDecorator.register(EurekaHttpClientDecorator.java:56)
	at com.netflix.discovery.DiscoveryClient.register(DiscoveryClient.java:828)
	at com.netflix.discovery.InstanceInfoReplicator.run(InstanceInfoReplicator.java:125)
	at java.base/java.util.concurrent.Executors$RunnableAdapter.call(Executors.java:539)
	at java.base/java.util.concurrent.FutureTask.run(FutureTask.java:264)
	at java.base/java.util.concurrent.ScheduledThreadPoolExecutor$ScheduledFutureTask.run(ScheduledThreadPoolExecutor.java:304)
	at java.base/java.util.concurrent.ThreadPoolExecutor.runWorker(ThreadPoolExecutor.java:1136)
	at java.base/java.util.concurrent.ThreadPoolExecutor$Worker.run(ThreadPoolExecutor.java:635)
	at java.base/java.lang.Thread.run(Thread.java:842)

2026-09-08 17:21:35.819  WARN [auth-service] [traceId=NO_TRACE] [tenantId=default] [foReplicator-%d] c.n.discovery.InstanceInfoReplicator     : There was a problem with the instance info replicator

com.netflix.discovery.shared.transport.TransportException: Cannot execute request on any known server
	at com.netflix.discovery.shared.transport.decorator.RetryableEurekaHttpClient.execute(RetryableEurekaHttpClient.java:112)
	at com.netflix.discovery.shared.transport.decorator.EurekaHttpClientDecorator.register(EurekaHttpClientDecorator.java:56)
	at com.netflix.discovery.shared.transport.decorator.EurekaHttpClientDecorator$1.execute(EurekaHttpClientDecorator.java:59)
	at com.netflix.discovery.shared.transport.decorator.SessionedEurekaHttpClient.execute(SessionedEurekaHttpClient.java:76)
	at com.netflix.discovery.shared.transport.decorator.EurekaHttpClientDecorator.register(EurekaHttpClientDecorator.java:56)
	at com.netflix.discovery.DiscoveryClient.register(DiscoveryClient.java:828)
	at com.netflix.discovery.InstanceInfoReplicator.run(InstanceInfoReplicator.java:125)
	at java.base/java.util.concurrent.Executors$RunnableAdapter.call(Executors.java:539)
	at java.base/java.util.concurrent.FutureTask.run(FutureTask.java:264)
	at java.base/java.util.concurrent.ScheduledThreadPoolExecutor$ScheduledFutureTask.run(ScheduledThreadPoolExecutor.java:304)
	at java.base/java.util.concurrent.ThreadPoolExecutor.runWorker(ThreadPoolExecutor.java:1136)
	at java.base/java.util.concurrent.ThreadPoolExecutor$Worker.run(ThreadPoolExecutor.java:635)
	at java.base/java.lang.Thread.run(Thread.java:842)

2026-09-08 17:22:04.300  WARN [auth-service] [traceId=NO_TRACE] [tenantId=default] [beatExecutor-%d] c.n.d.s.t.d.RetryableEurekaHttpClient    : Request execution failed with message: I/O error on PUT request for "http://localhost:8761/eureka/apps/AUTH-SERVICE/localhost:auth-service:8081": Connect to http://localhost:8761 [localhost/127.0.0.1, localhost/0:0:0:0:0:0:0:1] failed: Connection refused: no further information
2026-09-08 17:22:04.301 ERROR [auth-service] [traceId=NO_TRACE] [tenantId=default] [beatExecutor-%d] com.netflix.discovery.DiscoveryClient    : DiscoveryClient_AUTH-SERVICE/localhost:auth-service:8081 - was unable to send heartbeat!

com.netflix.discovery.shared.transport.TransportException: Cannot execute request on any known server
	at com.netflix.discovery.shared.transport.decorator.RetryableEurekaHttpClient.execute(RetryableEurekaHttpClient.java:112)
	at com.netflix.discovery.shared.transport.decorator.EurekaHttpClientDecorator.sendHeartBeat(EurekaHttpClientDecorator.java:89)
	at com.netflix.discovery.shared.transport.decorator.EurekaHttpClientDecorator$3.execute(EurekaHttpClientDecorator.java:92)
	at com.netflix.discovery.shared.transport.decorator.SessionedEurekaHttpClient.execute(SessionedEurekaHttpClient.java:76)
	at com.netflix.discovery.shared.transport.decorator.EurekaHttpClientDecorator.sendHeartBeat(EurekaHttpClientDecorator.java:89)
	at com.netflix.discovery.DiscoveryClient.renew(DiscoveryClient.java:845)
	at com.netflix.discovery.DiscoveryClient$HeartbeatThread.run(DiscoveryClient.java:1402)
	at java.base/java.util.concurrent.Executors$RunnableAdapter.call(Executors.java:539)
	at java.base/java.util.concurrent.FutureTask.run(FutureTask.java:264)
	at java.base/java.util.concurrent.ThreadPoolExecutor.runWorker(ThreadPoolExecutor.java:1136)
	at java.base/java.util.concurrent.ThreadPoolExecutor$Worker.run(ThreadPoolExecutor.java:635)
	at java.base/java.lang.Thread.run(Thread.java:842)

2026-09-08 17:22:04.356  WARN [auth-service] [traceId=NO_TRACE] [tenantId=default] [reshExecutor-%d] c.n.d.s.t.d.RetryableEurekaHttpClient    : Request execution failed with message: I/O error on GET request for "http://localhost:8761/eureka/apps/": Connect to http://localhost:8761 [localhost/127.0.0.1, localhost/0:0:0:0:0:0:0:1] failed: Connection refused: no further information
2026-09-08 17:22:05.858  WARN [auth-service] [traceId=NO_TRACE] [tenantId=default] [foReplicator-%d] c.n.d.s.t.d.RetryableEurekaHttpClient    : Request execution failed with message: I/O error on POST request for "http://localhost:8761/eureka/apps/AUTH-SERVICE": Connect to http://localhost:8761 [localhost/127.0.0.1, localhost/0:0:0:0:0:0:0:1] failed: Connection refused: no further information
2026-09-08 17:22:05.858  WARN [auth-service] [traceId=NO_TRACE] [tenantId=default] [foReplicator-%d] com.netflix.discovery.DiscoveryClient    : DiscoveryClient_AUTH-SERVICE/localhost:auth-service:8081 - registration failed Cannot execute request on any known server

com.netflix.discovery.shared.transport.TransportException: Cannot execute request on any known server
	at com.netflix.discovery.shared.transport.decorator.RetryableEurekaHttpClient.execute(RetryableEurekaHttpClient.java:112)
	at com.netflix.discovery.shared.transport.decorator.EurekaHttpClientDecorator.register(EurekaHttpClientDecorator.java:56)
	at com.netflix.discovery.shared.transport.decorator.EurekaHttpClientDecorator$1.execute(EurekaHttpClientDecorator.java:59)
	at com.netflix.discovery.shared.transport.decorator.SessionedEurekaHttpClient.execute(SessionedEurekaHttpClient.java:76)
	at com.netflix.discovery.shared.transport.decorator.EurekaHttpClientDecorator.register(EurekaHttpClientDecorator.java:56)
	at com.netflix.discovery.DiscoveryClient.register(DiscoveryClient.java:828)
	at com.netflix.discovery.InstanceInfoReplicator.run(InstanceInfoReplicator.java:125)
	at java.base/java.util.concurrent.Executors$RunnableAdapter.call(Executors.java:539)
	at java.base/java.util.concurrent.FutureTask.run(FutureTask.java:264)
	at java.base/java.util.concurrent.ScheduledThreadPoolExecutor$ScheduledFutureTask.run(ScheduledThreadPoolExecutor.java:304)
	at java.base/java.util.concurrent.ThreadPoolExecutor.runWorker(ThreadPoolExecutor.java:1136)
	at java.base/java.util.concurrent.ThreadPoolExecutor$Worker.run(ThreadPoolExecutor.java:635)
	at java.base/java.lang.Thread.run(Thread.java:842)

2026-09-08 17:22:05.858  WARN [auth-service] [traceId=NO_TRACE] [tenantId=default] [foReplicator-%d] c.n.discovery.InstanceInfoReplicator     : There was a problem with the instance info replicator

com.netflix.discovery.shared.transport.TransportException: Cannot execute request on any known server
	at com.netflix.discovery.shared.transport.decorator.RetryableEurekaHttpClient.execute(RetryableEurekaHttpClient.java:112)
	at com.netflix.discovery.shared.transport.decorator.EurekaHttpClientDecorator.register(EurekaHttpClientDecorator.java:56)
	at com.netflix.discovery.shared.transport.decorator.EurekaHttpClientDecorator$1.execute(EurekaHttpClientDecorator.java:59)
	at com.netflix.discovery.shared.transport.decorator.SessionedEurekaHttpClient.execute(SessionedEurekaHttpClient.java:76)
	at com.netflix.discovery.shared.transport.decorator.EurekaHttpClientDecorator.register(EurekaHttpClientDecorator.java:56)
	at com.netflix.discovery.DiscoveryClient.register(DiscoveryClient.java:828)
	at com.netflix.discovery.InstanceInfoReplicator.run(InstanceInfoReplicator.java:125)
	at java.base/java.util.concurrent.Executors$RunnableAdapter.call(Executors.java:539)
	at java.base/java.util.concurrent.FutureTask.run(FutureTask.java:264)
	at java.base/java.util.concurrent.ScheduledThreadPoolExecutor$ScheduledFutureTask.run(ScheduledThreadPoolExecutor.java:304)
	at java.base/java.util.concurrent.ThreadPoolExecutor.runWorker(ThreadPoolExecutor.java:1136)
	at java.base/java.util.concurrent.ThreadPoolExecutor$Worker.run(ThreadPoolExecutor.java:635)
	at java.base/java.lang.Thread.run(Thread.java:842)

2026-09-08 17:22:42.998  INFO [auth-service] [traceId=NO_TRACE] [tenantId=default] [           main] c.liochio.auth.AuthServiceApplication    : Starting AuthServiceApplication v1.0.0-SNAPSHOT using Java 17.0.17 with PID 9232 (D:\Github\Back-end\Microservice\SpringBoot\auth-service\target\auth-service-1.0.0-SNAPSHOT.jar started by Liochio in D:\Github\Back-end\Microservice)
2026-09-08 17:22:43.005 DEBUG [auth-service] [traceId=NO_TRACE] [tenantId=default] [           main] c.liochio.auth.AuthServiceApplication    : Running with Spring Boot v3.4.3, Spring v6.2.3
2026-09-08 17:22:43.007  INFO [auth-service] [traceId=NO_TRACE] [tenantId=default] [           main] c.liochio.auth.AuthServiceApplication    : No active profile set, falling back to 1 default profile: "default"
2026-09-08 17:22:43.233  INFO [auth-service] [traceId=NO_TRACE] [tenantId=default] [           main] o.s.c.c.c.ConfigServerConfigDataLoader   : Fetching config from server at : http://localhost:8888/
2026-09-08 17:22:43.233  INFO [auth-service] [traceId=NO_TRACE] [tenantId=default] [           main] o.s.c.c.c.ConfigServerConfigDataLoader   : Exception on Url - http://localhost:8888/:org.springframework.web.client.ResourceAccessException: I/O error on GET request for "http://localhost:8888/auth-service/default": Connection refused: no further information. Will be trying the next url if available
2026-09-08 17:22:43.233  WARN [auth-service] [traceId=NO_TRACE] [tenantId=default] [           main] o.s.c.c.c.ConfigServerConfigDataLoader   : Could not locate PropertySource ([ConfigServerConfigDataResource@1f9d6c7b uris = array<String>['http://localhost:8888/'], optional = true, profiles = 'default']): I/O error on GET request for "http://localhost:8888/auth-service/default": Connection refused: no further information
2026-09-08 17:22:43.234  INFO [auth-service] [traceId=NO_TRACE] [tenantId=default] [           main] o.s.c.c.c.ConfigServerConfigDataLoader   : Fetching config from server at : http://localhost:8888/
2026-09-08 17:22:43.234  INFO [auth-service] [traceId=NO_TRACE] [tenantId=default] [           main] o.s.c.c.c.ConfigServerConfigDataLoader   : Exception on Url - http://localhost:8888/:org.springframework.web.client.ResourceAccessException: I/O error on GET request for "http://localhost:8888/auth-service/default": Connection refused: no further information. Will be trying the next url if available
2026-09-08 17:22:43.236  WARN [auth-service] [traceId=NO_TRACE] [tenantId=default] [           main] o.s.c.c.c.ConfigServerConfigDataLoader   : Could not locate PropertySource ([ConfigServerConfigDataResource@2617f816 uris = array<String>['http://localhost:8888/'], optional = true, profiles = 'default']): I/O error on GET request for "http://localhost:8888/auth-service/default": Connection refused: no further information
2026-09-08 17:22:43.236  INFO [auth-service] [traceId=NO_TRACE] [tenantId=default] [           main] o.s.c.c.c.ConfigServerConfigDataLoader   : Fetching config from server at : http://localhost:8888/
2026-09-08 17:22:43.236  INFO [auth-service] [traceId=NO_TRACE] [tenantId=default] [           main] o.s.c.c.c.ConfigServerConfigDataLoader   : Exception on Url - http://localhost:8888/:org.springframework.web.client.ResourceAccessException: I/O error on GET request for "http://localhost:8888/auth-service/default": Connection refused: no further information. Will be trying the next url if available
2026-09-08 17:22:43.236  WARN [auth-service] [traceId=NO_TRACE] [tenantId=default] [           main] o.s.c.c.c.ConfigServerConfigDataLoader   : Could not locate PropertySource ([ConfigServerConfigDataResource@676f0a60 uris = array<String>['http://localhost:8888/'], optional = true, profiles = 'default']): I/O error on GET request for "http://localhost:8888/auth-service/default": Connection refused: no further information
2026-09-08 17:22:45.433  INFO [auth-service] [traceId=NO_TRACE] [tenantId=default] [           main] .s.d.r.c.RepositoryConfigurationDelegate : Multiple Spring Data modules found, entering strict repository configuration mode
2026-09-08 17:22:45.433  INFO [auth-service] [traceId=NO_TRACE] [tenantId=default] [           main] .s.d.r.c.RepositoryConfigurationDelegate : Bootstrapping Spring Data JPA repositories in DEFAULT mode.
2026-09-08 17:22:45.929  INFO [auth-service] [traceId=NO_TRACE] [tenantId=default] [           main] .s.d.r.c.RepositoryConfigurationDelegate : Finished Spring Data repository scanning in 469 ms. Found 19 JPA repository interfaces.
2026-09-08 17:22:46.939  INFO [auth-service] [traceId=NO_TRACE] [tenantId=default] [           main] .s.d.r.c.RepositoryConfigurationDelegate : Multiple Spring Data modules found, entering strict repository configuration mode
2026-09-08 17:22:46.940  INFO [auth-service] [traceId=NO_TRACE] [tenantId=default] [           main] .s.d.r.c.RepositoryConfigurationDelegate : Bootstrapping Spring Data Redis repositories in DEFAULT mode.
2026-09-08 17:22:46.991  INFO [auth-service] [traceId=NO_TRACE] [tenantId=default] [           main] .RepositoryConfigurationExtensionSupport : Spring Data Redis - Could not safely identify store assignment for repository candidate interface com.liochio.auth.repository.JournalEntryDetailRepository; If you want this repository to be a Redis repository, consider annotating your entities with one of these annotations: org.springframework.data.redis.core.RedisHash (preferred), or consider extending one of the following types with your repository: org.springframework.data.keyvalue.repository.KeyValueRepository
2026-09-08 17:22:46.993  INFO [auth-service] [traceId=NO_TRACE] [tenantId=default] [           main] .RepositoryConfigurationExtensionSupport : Spring Data Redis - Could not safely identify store assignment for repository candidate interface com.liochio.auth.repository.JournalEntryRepository; If you want this repository to be a Redis repository, consider annotating your entities with one of these annotations: org.springframework.data.redis.core.RedisHash (preferred), or consider extending one of the following types with your repository: org.springframework.data.keyvalue.repository.KeyValueRepository
2026-09-08 17:22:46.994  INFO [auth-service] [traceId=NO_TRACE] [tenantId=default] [           main] .RepositoryConfigurationExtensionSupport : Spring Data Redis - Could not safely identify store assignment for repository candidate interface com.liochio.auth.repository.LedgerAccountRepository; If you want this repository to be a Redis repository, consider annotating your entities with one of these annotations: org.springframework.data.redis.core.RedisHash (preferred), or consider extending one of the following types with your repository: org.springframework.data.keyvalue.repository.KeyValueRepository
2026-09-08 17:22:47.004  INFO [auth-service] [traceId=NO_TRACE] [tenantId=default] [           main] .RepositoryConfigurationExtensionSupport : Spring Data Redis - Could not safely identify store assignment for repository candidate interface com.liochio.auth.repository.PermissionRepository; If you want this repository to be a Redis repository, consider annotating your entities with one of these annotations: org.springframework.data.redis.core.RedisHash (preferred), or consider extending one of the following types with your repository: org.springframework.data.keyvalue.repository.KeyValueRepository
2026-09-08 17:22:47.005  INFO [auth-service] [traceId=NO_TRACE] [tenantId=default] [           main] .RepositoryConfigurationExtensionSupport : Spring Data Redis - Could not safely identify store assignment for repository candidate interface com.liochio.auth.repository.QrLoginSessionRepository; If you want this repository to be a Redis repository, consider annotating your entities with one of these annotations: org.springframework.data.redis.core.RedisHash (preferred), or consider extending one of the following types with your repository: org.springframework.data.keyvalue.repository.KeyValueRepository
2026-09-08 17:22:47.005  INFO [auth-service] [traceId=NO_TRACE] [tenantId=default] [           main] .RepositoryConfigurationExtensionSupport : Spring Data Redis - Could not safely identify store assignment for repository candidate interface com.liochio.auth.repository.RoleRepository; If you want this repository to be a Redis repository, consider annotating your entities with one of these annotations: org.springframework.data.redis.core.RedisHash (preferred), or consider extending one of the following types with your repository: org.springframework.data.keyvalue.repository.KeyValueRepository
2026-09-08 17:22:47.007  INFO [auth-service] [traceId=NO_TRACE] [tenantId=default] [           main] .RepositoryConfigurationExtensionSupport : Spring Data Redis - Could not safely identify store assignment for repository candidate interface com.liochio.auth.repository.SecurityLoginHistoryRepository; If you want this repository to be a Redis repository, consider annotating your entities with one of these annotations: org.springframework.data.redis.core.RedisHash (preferred), or consider extending one of the following types with your repository: org.springframework.data.keyvalue.repository.KeyValueRepository
2026-09-08 17:22:47.008  INFO [auth-service] [traceId=NO_TRACE] [tenantId=default] [           main] .RepositoryConfigurationExtensionSupport : Spring Data Redis - Could not safely identify store assignment for repository candidate interface com.liochio.auth.repository.SystemFeatureRepository; If you want this repository to be a Redis repository, consider annotating your entities with one of these annotations: org.springframework.data.redis.core.RedisHash (preferred), or consider extending one of the following types with your repository: org.springframework.data.keyvalue.repository.KeyValueRepository
2026-09-08 17:22:47.008  INFO [auth-service] [traceId=NO_TRACE] [tenantId=default] [           main] .RepositoryConfigurationExtensionSupport : Spring Data Redis - Could not safely identify store assignment for repository candidate interface com.liochio.auth.repository.TenantFeatureRepository; If you want this repository to be a Redis repository, consider annotating your entities with one of these annotations: org.springframework.data.redis.core.RedisHash (preferred), or consider extending one of the following types with your repository: org.springframework.data.keyvalue.repository.KeyValueRepository
2026-09-08 17:22:47.011  INFO [auth-service] [traceId=NO_TRACE] [tenantId=default] [           main] .RepositoryConfigurationExtensionSupport : Spring Data Redis - Could not safely identify store assignment for repository candidate interface com.liochio.auth.repository.TenantRepository; If you want this repository to be a Redis repository, consider annotating your entities with one of these annotations: org.springframework.data.redis.core.RedisHash (preferred), or consider extending one of the following types with your repository: org.springframework.data.keyvalue.repository.KeyValueRepository
2026-09-08 17:22:47.012  INFO [auth-service] [traceId=NO_TRACE] [tenantId=default] [           main] .RepositoryConfigurationExtensionSupport : Spring Data Redis - Could not safely identify store assignment for repository candidate interface com.liochio.auth.repository.UserDeviceRepository; If you want this repository to be a Redis repository, consider annotating your entities with one of these annotations: org.springframework.data.redis.core.RedisHash (preferred), or consider extending one of the following types with your repository: org.springframework.data.keyvalue.repository.KeyValueRepository
2026-09-08 17:22:47.013  INFO [auth-service] [traceId=NO_TRACE] [tenantId=default] [           main] .RepositoryConfigurationExtensionSupport : Spring Data Redis - Could not safely identify store assignment for repository candidate interface com.liochio.auth.repository.UserRepository; If you want this repository to be a Redis repository, consider annotating your entities with one of these annotations: org.springframework.data.redis.core.RedisHash (preferred), or consider extending one of the following types with your repository: org.springframework.data.keyvalue.repository.KeyValueRepository
2026-09-08 17:22:47.014  INFO [auth-service] [traceId=NO_TRACE] [tenantId=default] [           main] .RepositoryConfigurationExtensionSupport : Spring Data Redis - Could not safely identify store assignment for repository candidate interface com.liochio.auth.repository.UserSessionRepository; If you want this repository to be a Redis repository, consider annotating your entities with one of these annotations: org.springframework.data.redis.core.RedisHash (preferred), or consider extending one of the following types with your repository: org.springframework.data.keyvalue.repository.KeyValueRepository
2026-09-08 17:22:47.015  INFO [auth-service] [traceId=NO_TRACE] [tenantId=default] [           main] .s.d.r.c.RepositoryConfigurationDelegate : Finished Spring Data repository scanning in 51 ms. Found 0 Redis repository interfaces.
2026-09-08 17:22:47.797  INFO [auth-service] [traceId=NO_TRACE] [tenantId=default] [           main] o.s.cloud.context.scope.GenericScope     : BeanFactory id=0b6f4ffd-fce5-3a49-b474-ec12419bf6c5
2026-09-08 17:22:49.466  INFO [auth-service] [traceId=NO_TRACE] [tenantId=default] [           main] o.s.b.w.embedded.tomcat.TomcatWebServer  : Tomcat initialized with port 8081 (http)
2026-09-08 17:22:49.495  INFO [auth-service] [traceId=NO_TRACE] [tenantId=default] [           main] o.apache.catalina.core.StandardService   : Starting service [Tomcat]
2026-09-08 17:22:49.496  INFO [auth-service] [traceId=NO_TRACE] [tenantId=default] [           main] o.apache.catalina.core.StandardEngine    : Starting Servlet engine: [Apache Tomcat/10.1.36]
2026-09-08 17:22:49.560  INFO [auth-service] [traceId=NO_TRACE] [tenantId=default] [           main] o.a.c.c.C.[Tomcat].[localhost].[/]       : Initializing Spring embedded WebApplicationContext
2026-09-08 17:22:49.560  INFO [auth-service] [traceId=NO_TRACE] [tenantId=default] [           main] w.s.c.ServletWebServerApplicationContext : Root WebApplicationContext: initialization completed in 6315 ms
2026-09-08 17:22:50.095  INFO [auth-service] [traceId=NO_TRACE] [tenantId=default] [           main] o.hibernate.jpa.internal.util.LogHelper  : HHH000204: Processing PersistenceUnitInfo [name: default]
2026-09-08 17:22:50.192  INFO [auth-service] [traceId=NO_TRACE] [tenantId=default] [           main] org.hibernate.Version                    : HHH000412: Hibernate ORM core version 6.6.8.Final
2026-09-08 17:22:50.254  INFO [auth-service] [traceId=NO_TRACE] [tenantId=default] [           main] o.h.c.internal.RegionFactoryInitiator    : HHH000026: Second-level cache disabled
2026-09-08 17:22:50.742  INFO [auth-service] [traceId=NO_TRACE] [tenantId=default] [           main] o.s.o.j.p.SpringPersistenceUnitInfo      : No LoadTimeWeaver setup: ignoring JPA class transformer
2026-09-08 17:22:50.782  INFO [auth-service] [traceId=NO_TRACE] [tenantId=default] [           main] com.zaxxer.hikari.HikariDataSource       : HikariPool-1 - Starting...
2026-09-08 17:22:50.970  INFO [auth-service] [traceId=NO_TRACE] [tenantId=default] [           main] com.zaxxer.hikari.pool.HikariPool        : HikariPool-1 - Added connection com.mysql.cj.jdbc.ConnectionImpl@771ede0d
2026-09-08 17:22:50.974  INFO [auth-service] [traceId=NO_TRACE] [tenantId=default] [           main] com.zaxxer.hikari.HikariDataSource       : HikariPool-1 - Start completed.
2026-09-08 17:22:51.043  WARN [auth-service] [traceId=NO_TRACE] [tenantId=default] [           main] org.hibernate.orm.deprecation            : HHH90000025: MySQLDialect does not need to be specified explicitly using 'hibernate.dialect' (remove the property setting and it will be selected by default)
2026-09-08 17:22:51.069  INFO [auth-service] [traceId=NO_TRACE] [tenantId=default] [           main] org.hibernate.orm.connections.pooling    : HHH10001005: Database info:
	Database JDBC URL [Connecting through datasource 'HikariDataSource (HikariPool-1)']
	Database driver: undefined/unknown
	Database version: 8.0.33
	Autocommit mode: undefined/unknown
	Isolation level: undefined/unknown
	Minimum pool size: undefined/unknown
	Maximum pool size: undefined/unknown
2026-09-08 17:22:52.988  INFO [auth-service] [traceId=NO_TRACE] [tenantId=default] [           main] o.h.e.t.j.p.i.JtaPlatformInitiator       : HHH000489: No JTA platform available (set 'hibernate.transaction.jta.platform' to enable JTA platform integration)
2026-09-08 17:22:53.137  INFO [auth-service] [traceId=NO_TRACE] [tenantId=default] [           main] j.LocalContainerEntityManagerFactoryBean : Initialized JPA EntityManagerFactory for persistence unit 'default'
2026-09-08 17:22:53.833  INFO [auth-service] [traceId=NO_TRACE] [tenantId=default] [           main] com.liochio.common.security.JwtUtils     : [JwtUtils] Loaded RSA Private Key successfully from classpath:certs/rsa-private.pem
2026-09-08 17:22:53.837  INFO [auth-service] [traceId=NO_TRACE] [tenantId=default] [           main] com.liochio.common.security.JwtUtils     : [JwtUtils] Loaded RSA Public Key successfully from classpath:certs/rsa-public.pem
2026-09-08 17:22:54.992 DEBUG [auth-service] [traceId=NO_TRACE] [tenantId=default] [           main] c.l.c.security.JwtAuthenticationFilter   : Filter 'jwtAuthenticationFilter' configured for use
2026-09-08 17:22:54.992 DEBUG [auth-service] [traceId=NO_TRACE] [tenantId=default] [           main] c.liochio.common.filter.MdcTraceFilter   : Filter 'mdcTraceFilter' configured for use
2026-09-08 17:22:54.993 DEBUG [auth-service] [traceId=NO_TRACE] [tenantId=default] [           main] com.liochio.common.filter.TenantFilter   : Filter 'tenantFilter' configured for use
2026-09-08 17:22:54.994 DEBUG [auth-service] [traceId=NO_TRACE] [tenantId=default] [           main] c.l.common.filter.AuditLoggingFilter     : Filter 'auditLoggingFilter' configured for use
2026-09-08 17:22:55.145  INFO [auth-service] [traceId=NO_TRACE] [tenantId=default] [           main] o.s.d.j.r.query.QueryEnhancerFactory     : Hibernate is in classpath; If applicable, HQL parser will be used.
2026-09-08 17:22:58.666  WARN [auth-service] [traceId=NO_TRACE] [tenantId=default] [           main] .s.s.UserDetailsServiceAutoConfiguration : 

Using generated security password: 2222ff47-af3a-4351-81f0-b8d8bd58721d

This generated password is for development use only. Your security configuration must be updated before running your application in production.

2026-09-08 17:22:58.716  INFO [auth-service] [traceId=NO_TRACE] [tenantId=default] [           main] r$InitializeUserDetailsManagerConfigurer : Global AuthenticationManager configured with UserDetailsService bean with name inMemoryUserDetailsManager
2026-09-08 17:23:02.720  INFO [auth-service] [traceId=NO_TRACE] [tenantId=default] [           main] o.s.cloud.commons.util.InetUtils         : Cannot determine local hostname
2026-09-08 17:23:02.772  INFO [auth-service] [traceId=NO_TRACE] [tenantId=default] [           main] DiscoveryClientOptionalArgsConfiguration : Eureka HTTP Client uses RestTemplate.
2026-09-08 17:23:03.007  INFO [auth-service] [traceId=NO_TRACE] [tenantId=default] [           main] o.s.b.w.embedded.tomcat.TomcatWebServer  : Tomcat started on port 8081 (http) with context path '/'
2026-09-08 17:23:04.158  INFO [auth-service] [traceId=NO_TRACE] [tenantId=default] [           main] o.s.cloud.commons.util.InetUtils         : Cannot determine local hostname
2026-09-08 17:23:04.187  INFO [auth-service] [traceId=NO_TRACE] [tenantId=default] [           main] c.liochio.auth.AuthServiceApplication    : Started AuthServiceApplication in 25.591 seconds (process running for 26.794)
2026-09-08 17:25:05.404  INFO [auth-service] [traceId=NO_TRACE] [tenantId=default] [           main] c.liochio.auth.AuthServiceApplication    : Starting AuthServiceApplication v1.0.0-SNAPSHOT using Java 17.0.17 with PID 24936 (D:\Github\Back-end\Microservice\SpringBoot\auth-service\target\auth-service-1.0.0-SNAPSHOT.jar started by Liochio in D:\Github\Back-end\Microservice)
2026-09-08 17:25:05.412 DEBUG [auth-service] [traceId=NO_TRACE] [tenantId=default] [           main] c.liochio.auth.AuthServiceApplication    : Running with Spring Boot v3.4.3, Spring v6.2.3
2026-09-08 17:25:05.414  INFO [auth-service] [traceId=NO_TRACE] [tenantId=default] [           main] c.liochio.auth.AuthServiceApplication    : No active profile set, falling back to 1 default profile: "default"
2026-09-08 17:25:05.653  INFO [auth-service] [traceId=NO_TRACE] [tenantId=default] [           main] o.s.c.c.c.ConfigServerConfigDataLoader   : Fetching config from server at : http://localhost:8888/
2026-09-08 17:25:05.653  INFO [auth-service] [traceId=NO_TRACE] [tenantId=default] [           main] o.s.c.c.c.ConfigServerConfigDataLoader   : Exception on Url - http://localhost:8888/:org.springframework.web.client.ResourceAccessException: I/O error on GET request for "http://localhost:8888/auth-service/default": Connection refused: no further information. Will be trying the next url if available
2026-09-08 17:25:05.653  WARN [auth-service] [traceId=NO_TRACE] [tenantId=default] [           main] o.s.c.c.c.ConfigServerConfigDataLoader   : Could not locate PropertySource ([ConfigServerConfigDataResource@1f9d6c7b uris = array<String>['http://localhost:8888/'], optional = true, profiles = 'default']): I/O error on GET request for "http://localhost:8888/auth-service/default": Connection refused: no further information
2026-09-08 17:25:05.654  INFO [auth-service] [traceId=NO_TRACE] [tenantId=default] [           main] o.s.c.c.c.ConfigServerConfigDataLoader   : Fetching config from server at : http://localhost:8888/
2026-09-08 17:25:05.654  INFO [auth-service] [traceId=NO_TRACE] [tenantId=default] [           main] o.s.c.c.c.ConfigServerConfigDataLoader   : Exception on Url - http://localhost:8888/:org.springframework.web.client.ResourceAccessException: I/O error on GET request for "http://localhost:8888/auth-service/default": Connection refused: no further information. Will be trying the next url if available
2026-09-08 17:25:05.654  WARN [auth-service] [traceId=NO_TRACE] [tenantId=default] [           main] o.s.c.c.c.ConfigServerConfigDataLoader   : Could not locate PropertySource ([ConfigServerConfigDataResource@2617f816 uris = array<String>['http://localhost:8888/'], optional = true, profiles = 'default']): I/O error on GET request for "http://localhost:8888/auth-service/default": Connection refused: no further information
2026-09-08 17:25:05.654  INFO [auth-service] [traceId=NO_TRACE] [tenantId=default] [           main] o.s.c.c.c.ConfigServerConfigDataLoader   : Fetching config from server at : http://localhost:8888/
2026-09-08 17:25:05.656  INFO [auth-service] [traceId=NO_TRACE] [tenantId=default] [           main] o.s.c.c.c.ConfigServerConfigDataLoader   : Exception on Url - http://localhost:8888/:org.springframework.web.client.ResourceAccessException: I/O error on GET request for "http://localhost:8888/auth-service/default": Connection refused: no further information. Will be trying the next url if available
2026-09-08 17:25:05.656  WARN [auth-service] [traceId=NO_TRACE] [tenantId=default] [           main] o.s.c.c.c.ConfigServerConfigDataLoader   : Could not locate PropertySource ([ConfigServerConfigDataResource@676f0a60 uris = array<String>['http://localhost:8888/'], optional = true, profiles = 'default']): I/O error on GET request for "http://localhost:8888/auth-service/default": Connection refused: no further information
2026-09-08 17:25:08.768  INFO [auth-service] [traceId=NO_TRACE] [tenantId=default] [           main] .s.d.r.c.RepositoryConfigurationDelegate : Multiple Spring Data modules found, entering strict repository configuration mode
2026-09-08 17:25:08.773  INFO [auth-service] [traceId=NO_TRACE] [tenantId=default] [           main] .s.d.r.c.RepositoryConfigurationDelegate : Bootstrapping Spring Data JPA repositories in DEFAULT mode.
2026-09-08 17:25:09.684  INFO [auth-service] [traceId=NO_TRACE] [tenantId=default] [           main] .s.d.r.c.RepositoryConfigurationDelegate : Finished Spring Data repository scanning in 865 ms. Found 19 JPA repository interfaces.
2026-09-08 17:25:11.583  INFO [auth-service] [traceId=NO_TRACE] [tenantId=default] [           main] .s.d.r.c.RepositoryConfigurationDelegate : Multiple Spring Data modules found, entering strict repository configuration mode
2026-09-08 17:25:11.586  INFO [auth-service] [traceId=NO_TRACE] [tenantId=default] [           main] .s.d.r.c.RepositoryConfigurationDelegate : Bootstrapping Spring Data Redis repositories in DEFAULT mode.
2026-09-08 17:25:11.651  INFO [auth-service] [traceId=NO_TRACE] [tenantId=default] [           main] .RepositoryConfigurationExtensionSupport : Spring Data Redis - Could not safely identify store assignment for repository candidate interface com.liochio.auth.repository.JournalEntryDetailRepository; If you want this repository to be a Redis repository, consider annotating your entities with one of these annotations: org.springframework.data.redis.core.RedisHash (preferred), or consider extending one of the following types with your repository: org.springframework.data.keyvalue.repository.KeyValueRepository
2026-09-08 17:25:11.651  INFO [auth-service] [traceId=NO_TRACE] [tenantId=default] [           main] .RepositoryConfigurationExtensionSupport : Spring Data Redis - Could not safely identify store assignment for repository candidate interface com.liochio.auth.repository.JournalEntryRepository; If you want this repository to be a Redis repository, consider annotating your entities with one of these annotations: org.springframework.data.redis.core.RedisHash (preferred), or consider extending one of the following types with your repository: org.springframework.data.keyvalue.repository.KeyValueRepository
2026-09-08 17:25:11.653  INFO [auth-service] [traceId=NO_TRACE] [tenantId=default] [           main] .RepositoryConfigurationExtensionSupport : Spring Data Redis - Could not safely identify store assignment for repository candidate interface com.liochio.auth.repository.LedgerAccountRepository; If you want this repository to be a Redis repository, consider annotating your entities with one of these annotations: org.springframework.data.redis.core.RedisHash (preferred), or consider extending one of the following types with your repository: org.springframework.data.keyvalue.repository.KeyValueRepository
2026-09-08 17:25:11.678  INFO [auth-service] [traceId=NO_TRACE] [tenantId=default] [           main] .RepositoryConfigurationExtensionSupport : Spring Data Redis - Could not safely identify store assignment for repository candidate interface com.liochio.auth.repository.PermissionRepository; If you want this repository to be a Redis repository, consider annotating your entities with one of these annotations: org.springframework.data.redis.core.RedisHash (preferred), or consider extending one of the following types with your repository: org.springframework.data.keyvalue.repository.KeyValueRepository
2026-09-08 17:25:11.678  INFO [auth-service] [traceId=NO_TRACE] [tenantId=default] [           main] .RepositoryConfigurationExtensionSupport : Spring Data Redis - Could not safely identify store assignment for repository candidate interface com.liochio.auth.repository.QrLoginSessionRepository; If you want this repository to be a Redis repository, consider annotating your entities with one of these annotations: org.springframework.data.redis.core.RedisHash (preferred), or consider extending one of the following types with your repository: org.springframework.data.keyvalue.repository.KeyValueRepository
2026-09-08 17:25:11.683  INFO [auth-service] [traceId=NO_TRACE] [tenantId=default] [           main] .RepositoryConfigurationExtensionSupport : Spring Data Redis - Could not safely identify store assignment for repository candidate interface com.liochio.auth.repository.RoleRepository; If you want this repository to be a Redis repository, consider annotating your entities with one of these annotations: org.springframework.data.redis.core.RedisHash (preferred), or consider extending one of the following types with your repository: org.springframework.data.keyvalue.repository.KeyValueRepository
2026-09-08 17:25:11.685  INFO [auth-service] [traceId=NO_TRACE] [tenantId=default] [           main] .RepositoryConfigurationExtensionSupport : Spring Data Redis - Could not safely identify store assignment for repository candidate interface com.liochio.auth.repository.SecurityLoginHistoryRepository; If you want this repository to be a Redis repository, consider annotating your entities with one of these annotations: org.springframework.data.redis.core.RedisHash (preferred), or consider extending one of the following types with your repository: org.springframework.data.keyvalue.repository.KeyValueRepository
2026-09-08 17:25:11.685  INFO [auth-service] [traceId=NO_TRACE] [tenantId=default] [           main] .RepositoryConfigurationExtensionSupport : Spring Data Redis - Could not safely identify store assignment for repository candidate interface com.liochio.auth.repository.SystemFeatureRepository; If you want this repository to be a Redis repository, consider annotating your entities with one of these annotations: org.springframework.data.redis.core.RedisHash (preferred), or consider extending one of the following types with your repository: org.springframework.data.keyvalue.repository.KeyValueRepository
2026-09-08 17:25:11.686  INFO [auth-service] [traceId=NO_TRACE] [tenantId=default] [           main] .RepositoryConfigurationExtensionSupport : Spring Data Redis - Could not safely identify store assignment for repository candidate interface com.liochio.auth.repository.TenantFeatureRepository; If you want this repository to be a Redis repository, consider annotating your entities with one of these annotations: org.springframework.data.redis.core.RedisHash (preferred), or consider extending one of the following types with your repository: org.springframework.data.keyvalue.repository.KeyValueRepository
2026-09-08 17:25:11.688  INFO [auth-service] [traceId=NO_TRACE] [tenantId=default] [           main] .RepositoryConfigurationExtensionSupport : Spring Data Redis - Could not safely identify store assignment for repository candidate interface com.liochio.auth.repository.TenantRepository; If you want this repository to be a Redis repository, consider annotating your entities with one of these annotations: org.springframework.data.redis.core.RedisHash (preferred), or consider extending one of the following types with your repository: org.springframework.data.keyvalue.repository.KeyValueRepository
2026-09-08 17:25:11.692  INFO [auth-service] [traceId=NO_TRACE] [tenantId=default] [           main] .RepositoryConfigurationExtensionSupport : Spring Data Redis - Could not safely identify store assignment for repository candidate interface com.liochio.auth.repository.UserDeviceRepository; If you want this repository to be a Redis repository, consider annotating your entities with one of these annotations: org.springframework.data.redis.core.RedisHash (preferred), or consider extending one of the following types with your repository: org.springframework.data.keyvalue.repository.KeyValueRepository
2026-09-08 17:25:11.693  INFO [auth-service] [traceId=NO_TRACE] [tenantId=default] [           main] .RepositoryConfigurationExtensionSupport : Spring Data Redis - Could not safely identify store assignment for repository candidate interface com.liochio.auth.repository.UserRepository; If you want this repository to be a Redis repository, consider annotating your entities with one of these annotations: org.springframework.data.redis.core.RedisHash (preferred), or consider extending one of the following types with your repository: org.springframework.data.keyvalue.repository.KeyValueRepository
2026-09-08 17:25:11.694  INFO [auth-service] [traceId=NO_TRACE] [tenantId=default] [           main] .RepositoryConfigurationExtensionSupport : Spring Data Redis - Could not safely identify store assignment for repository candidate interface com.liochio.auth.repository.UserSessionRepository; If you want this repository to be a Redis repository, consider annotating your entities with one of these annotations: org.springframework.data.redis.core.RedisHash (preferred), or consider extending one of the following types with your repository: org.springframework.data.keyvalue.repository.KeyValueRepository
2026-09-08 17:25:11.702  INFO [auth-service] [traceId=NO_TRACE] [tenantId=default] [           main] .s.d.r.c.RepositoryConfigurationDelegate : Finished Spring Data repository scanning in 87 ms. Found 0 Redis repository interfaces.
2026-09-08 17:25:13.484  INFO [auth-service] [traceId=NO_TRACE] [tenantId=default] [           main] o.s.cloud.context.scope.GenericScope     : BeanFactory id=0b6f4ffd-fce5-3a49-b474-ec12419bf6c5
2026-09-08 17:25:16.422  INFO [auth-service] [traceId=NO_TRACE] [tenantId=default] [           main] o.s.b.w.embedded.tomcat.TomcatWebServer  : Tomcat initialized with port 8081 (http)
2026-09-08 17:25:16.462  INFO [auth-service] [traceId=NO_TRACE] [tenantId=default] [           main] o.apache.catalina.core.StandardService   : Starting service [Tomcat]
2026-09-08 17:25:16.464  INFO [auth-service] [traceId=NO_TRACE] [tenantId=default] [           main] o.apache.catalina.core.StandardEngine    : Starting Servlet engine: [Apache Tomcat/10.1.36]
2026-09-08 17:25:16.583  INFO [auth-service] [traceId=NO_TRACE] [tenantId=default] [           main] o.a.c.c.C.[Tomcat].[localhost].[/]       : Initializing Spring embedded WebApplicationContext
2026-09-08 17:25:16.583  INFO [auth-service] [traceId=NO_TRACE] [tenantId=default] [           main] w.s.c.ServletWebServerApplicationContext : Root WebApplicationContext: initialization completed in 10915 ms
2026-09-08 17:25:17.788  INFO [auth-service] [traceId=NO_TRACE] [tenantId=default] [           main] o.hibernate.jpa.internal.util.LogHelper  : HHH000204: Processing PersistenceUnitInfo [name: default]
2026-09-08 17:25:17.915  INFO [auth-service] [traceId=NO_TRACE] [tenantId=default] [           main] org.hibernate.Version                    : HHH000412: Hibernate ORM core version 6.6.8.Final
2026-09-08 17:25:17.997  INFO [auth-service] [traceId=NO_TRACE] [tenantId=default] [           main] o.h.c.internal.RegionFactoryInitiator    : HHH000026: Second-level cache disabled
2026-09-08 17:25:18.560  INFO [auth-service] [traceId=NO_TRACE] [tenantId=default] [           main] o.s.o.j.p.SpringPersistenceUnitInfo      : No LoadTimeWeaver setup: ignoring JPA class transformer
2026-09-08 17:25:18.620  INFO [auth-service] [traceId=NO_TRACE] [tenantId=default] [           main] com.zaxxer.hikari.HikariDataSource       : HikariPool-1 - Starting...
2026-09-08 17:25:18.885  INFO [auth-service] [traceId=NO_TRACE] [tenantId=default] [           main] com.zaxxer.hikari.pool.HikariPool        : HikariPool-1 - Added connection com.mysql.cj.jdbc.ConnectionImpl@54c697c
2026-09-08 17:25:18.890  INFO [auth-service] [traceId=NO_TRACE] [tenantId=default] [           main] com.zaxxer.hikari.HikariDataSource       : HikariPool-1 - Start completed.
2026-09-08 17:25:18.963  WARN [auth-service] [traceId=NO_TRACE] [tenantId=default] [           main] org.hibernate.orm.deprecation            : HHH90000025: MySQLDialect does not need to be specified explicitly using 'hibernate.dialect' (remove the property setting and it will be selected by default)
2026-09-08 17:25:18.990  INFO [auth-service] [traceId=NO_TRACE] [tenantId=default] [           main] org.hibernate.orm.connections.pooling    : HHH10001005: Database info:
	Database JDBC URL [Connecting through datasource 'HikariDataSource (HikariPool-1)']
	Database driver: undefined/unknown
	Database version: 8.0.33
	Autocommit mode: undefined/unknown
	Isolation level: undefined/unknown
	Minimum pool size: undefined/unknown
	Maximum pool size: undefined/unknown
2026-09-08 17:25:21.063  INFO [auth-service] [traceId=NO_TRACE] [tenantId=default] [           main] o.h.e.t.j.p.i.JtaPlatformInitiator       : HHH000489: No JTA platform available (set 'hibernate.transaction.jta.platform' to enable JTA platform integration)
2026-09-08 17:25:21.200  INFO [auth-service] [traceId=NO_TRACE] [tenantId=default] [           main] j.LocalContainerEntityManagerFactoryBean : Initialized JPA EntityManagerFactory for persistence unit 'default'
2026-09-08 17:25:22.280  INFO [auth-service] [traceId=NO_TRACE] [tenantId=default] [           main] com.liochio.common.security.JwtUtils     : [JwtUtils] Loaded RSA Private Key successfully from classpath:certs/rsa-private.pem
2026-09-08 17:25:22.292  INFO [auth-service] [traceId=NO_TRACE] [tenantId=default] [           main] com.liochio.common.security.JwtUtils     : [JwtUtils] Loaded RSA Public Key successfully from classpath:certs/rsa-public.pem
2026-09-08 17:25:23.348 DEBUG [auth-service] [traceId=NO_TRACE] [tenantId=default] [           main] c.l.c.security.JwtAuthenticationFilter   : Filter 'jwtAuthenticationFilter' configured for use
2026-09-08 17:25:23.350 DEBUG [auth-service] [traceId=NO_TRACE] [tenantId=default] [           main] c.liochio.common.filter.MdcTraceFilter   : Filter 'mdcTraceFilter' configured for use
2026-09-08 17:25:23.351 DEBUG [auth-service] [traceId=NO_TRACE] [tenantId=default] [           main] com.liochio.common.filter.TenantFilter   : Filter 'tenantFilter' configured for use
2026-09-08 17:25:23.351 DEBUG [auth-service] [traceId=NO_TRACE] [tenantId=default] [           main] c.l.common.filter.AuditLoggingFilter     : Filter 'auditLoggingFilter' configured for use
2026-09-08 17:25:23.492  INFO [auth-service] [traceId=NO_TRACE] [tenantId=default] [           main] o.s.d.j.r.query.QueryEnhancerFactory     : Hibernate is in classpath; If applicable, HQL parser will be used.
2026-09-08 17:25:27.166  WARN [auth-service] [traceId=NO_TRACE] [tenantId=default] [           main] .s.s.UserDetailsServiceAutoConfiguration : 

Using generated security password: d32e6476-2095-47c4-b8f7-46ffac203864

This generated password is for development use only. Your security configuration must be updated before running your application in production.

2026-09-08 17:25:27.210  INFO [auth-service] [traceId=NO_TRACE] [tenantId=default] [           main] r$InitializeUserDetailsManagerConfigurer : Global AuthenticationManager configured with UserDetailsService bean with name inMemoryUserDetailsManager
2026-09-08 17:25:31.761  INFO [auth-service] [traceId=NO_TRACE] [tenantId=default] [           main] o.s.cloud.commons.util.InetUtils         : Cannot determine local hostname
2026-09-08 17:25:31.813  INFO [auth-service] [traceId=NO_TRACE] [tenantId=default] [           main] DiscoveryClientOptionalArgsConfiguration : Eureka HTTP Client uses RestTemplate.
2026-09-08 17:25:32.063  INFO [auth-service] [traceId=NO_TRACE] [tenantId=default] [           main] o.s.b.w.embedded.tomcat.TomcatWebServer  : Tomcat started on port 8081 (http) with context path '/'
2026-09-08 17:25:33.216  INFO [auth-service] [traceId=NO_TRACE] [tenantId=default] [           main] o.s.cloud.commons.util.InetUtils         : Cannot determine local hostname
2026-09-08 17:25:33.257  INFO [auth-service] [traceId=NO_TRACE] [tenantId=default] [           main] c.liochio.auth.AuthServiceApplication    : Started AuthServiceApplication in 31.853 seconds (process running for 33.708)
2026-09-08 17:28:50.850  INFO [auth-service] [traceId=NO_TRACE] [tenantId=default] [nio-8081-exec-1] o.a.c.c.C.[Tomcat].[localhost].[/]       : Initializing Spring DispatcherServlet 'dispatcherServlet'
2026-09-08 17:28:50.850  INFO [auth-service] [traceId=NO_TRACE] [tenantId=default] [nio-8081-exec-1] o.s.web.servlet.DispatcherServlet        : Initializing Servlet 'dispatcherServlet'
2026-09-08 17:28:50.854  INFO [auth-service] [traceId=NO_TRACE] [tenantId=default] [nio-8081-exec-1] o.s.web.servlet.DispatcherServlet        : Completed initialization in 3 ms
2026-09-08 17:28:50.860 DEBUG [auth-service] [traceId=016f4218119d422b] [tenantId=default] [nio-8081-exec-1] com.liochio.common.filter.TenantFilter   : [TenantFilter] Đã nạp Tenant ID: 'default' cho URI: /api/v1/auth/login
2026-09-08 17:28:51.371 DEBUG [auth-service] [traceId=016f4218119d422b] [tenantId=default] [nio-8081-exec-1] c.liochio.common.advice.LoggingAspect    : [EXECUTION] com.liochio.common.service.SystemConfigService.getInt() hoàn tất trong 31 ms
2026-09-08 17:28:51.379 DEBUG [auth-service] [traceId=016f4218119d422b] [tenantId=default] [nio-8081-exec-1] c.liochio.common.advice.LoggingAspect    : [EXECUTION] com.liochio.common.service.SystemConfigService.getInt() hoàn tất trong 6 ms
2026-09-08 17:28:51.713  INFO [auth-service] [traceId=016f4218119d422b] [tenantId=default] [nio-8081-exec-1] c.l.auth.service.LoginSecurityService    : [LoginSecurityService] Đã ghi nhận lịch sử bảo mật: User='superadmin', Status='SUCCESS', Reason='Đăng nhập thành công'
2026-09-08 17:28:51.713 DEBUG [auth-service] [traceId=016f4218119d422b] [tenantId=default] [nio-8081-exec-1] c.liochio.common.advice.LoggingAspect    : [EXECUTION] com.liochio.auth.service.LoginSecurityService.recordSuccessfulLogin() hoàn tất trong 71 ms
2026-09-08 17:28:51.739 DEBUG [auth-service] [traceId=016f4218119d422b] [tenantId=default] [nio-8081-exec-1] c.liochio.common.advice.LoggingAspect    : [EXECUTION] com.liochio.auth.service.DeviceService.getOrCreateDevice() hoàn tất trong 20 ms
2026-09-08 17:28:51.883 DEBUG [auth-service] [traceId=016f4218119d422b] [tenantId=default] [nio-8081-exec-1] c.liochio.common.advice.LoggingAspect    : [EXECUTION] com.liochio.auth.service.SessionService.kickOutOtherMobileSessions() hoàn tất trong 8 ms
2026-09-08 17:28:51.890  INFO [auth-service] [traceId=016f4218119d422b] [tenantId=default] [nio-8081-exec-1] c.liochio.auth.service.SessionService    : [SessionService] Tạo phiên mới: SessionID=sess_4193b11696f7450aa821ac5369c48a40, UserID=1, DeviceID=postman-superadmin-01
2026-09-08 17:28:51.890 DEBUG [auth-service] [traceId=016f4218119d422b] [tenantId=default] [nio-8081-exec-1] c.liochio.common.advice.LoggingAspect    : [EXECUTION] com.liochio.auth.service.SessionService.createSession() hoàn tất trong 5 ms
2026-09-08 17:28:51.912 DEBUG [auth-service] [traceId=016f4218119d422b] [tenantId=default] [nio-8081-exec-1] c.liochio.common.advice.LoggingAspect    : [EXECUTION] com.liochio.auth.service.AuthService.login() hoàn tất trong 786 ms
2026-09-08 17:28:51.930 DEBUG [auth-service] [traceId=016f4218119d422b] [tenantId=default] [nio-8081-exec-1] c.liochio.common.advice.LoggingAspect    : [EXECUTION] com.liochio.common.i18n.MessageService.getMessage() hoàn tất trong 2 ms
2026-09-08 17:28:51.932 DEBUG [auth-service] [traceId=016f4218119d422b] [tenantId=default] [nio-8081-exec-1] c.liochio.common.advice.LoggingAspect    : [EXECUTION] com.liochio.auth.controller.AuthController.login() hoàn tất trong 821 ms
2026-09-08 17:28:52.062 DEBUG [auth-service] [traceId=e970f31988794d6b] [tenantId=default] [nio-8081-exec-2] com.liochio.common.filter.TenantFilter   : [TenantFilter] Đã nạp Tenant ID: 'default' cho URI: /api/v1/auth/register
2026-09-08 17:28:53.288 DEBUG [auth-service] [traceId=e970f31988794d6b] [tenantId=default] [nio-8081-exec-2] c.liochio.common.advice.LoggingAspect    : [EXECUTION] com.liochio.auth.service.OtpService.generateAndSaveOtp() hoàn tất trong 890 ms
2026-09-08 17:28:53.297  INFO [auth-service] [traceId=e970f31988794d6b] [tenantId=default] [nio-8081-exec-2] com.liochio.auth.service.DeviceService   : [DeviceService] Tạo mới thiết bị: User=9, DeviceId=fp_9e909d55d2c34ddb, Trusted=true
2026-09-08 17:28:53.301 DEBUG [auth-service] [traceId=e970f31988794d6b] [tenantId=default] [nio-8081-exec-2] c.liochio.common.advice.LoggingAspect    : [EXECUTION] com.liochio.auth.service.DeviceService.getOrCreateDevice() hoàn tất trong 12 ms
2026-09-08 17:28:53.320  INFO [auth-service] [traceId=e970f31988794d6b] [tenantId=default] [nio-8081-exec-2] c.liochio.common.outbox.OutboxPublisher  : [OutboxPublisher] Đã lưu sự kiện Outbox: Type='USER_REGISTERED', AggregateId='9'
2026-09-08 17:28:53.330  INFO [auth-service] [traceId=e970f31988794d6b] [tenantId=default] [nio-8081-exec-2] com.liochio.auth.service.AuthService     : [AuthService] Đăng ký tài khoản thành công: ID=9, User='v2user_c5a605' (Chờ kích hoạt OTP)
2026-09-08 17:28:53.333  WARN [auth-service] [traceId=e970f31988794d6b] [tenantId=default] [nio-8081-exec-2] c.liochio.common.advice.LoggingAspect    : [SLOW_EXECUTION] com.liochio.auth.service.AuthService.register() thực thi mất 1233 ms
2026-09-08 17:28:53.346 DEBUG [auth-service] [traceId=e970f31988794d6b] [tenantId=default] [nio-8081-exec-2] c.liochio.common.advice.LoggingAspect    : [EXECUTION] com.liochio.common.i18n.MessageService.getMessage() hoàn tất trong 1 ms
2026-09-08 17:28:53.346  WARN [auth-service] [traceId=e970f31988794d6b] [tenantId=default] [nio-8081-exec-2] c.liochio.common.advice.LoggingAspect    : [SLOW_EXECUTION] com.liochio.auth.controller.AuthController.register() thực thi mất 1249 ms
2026-09-08 17:28:53.402 DEBUG [auth-service] [traceId=f787545e4a774d1a] [tenantId=default] [nio-8081-exec-3] com.liochio.common.filter.TenantFilter   : [TenantFilter] Đã nạp Tenant ID: '127' cho URI: /api/v1/auth/verify-otp
2026-09-08 17:28:53.480  WARN [auth-service] [traceId=f787545e4a774d1a] [tenantId=default] [nio-8081-exec-3] com.liochio.auth.service.OtpService      : [OtpService] otp-service không khả dụng ([400] during [POST] to [http://localhost:8094/api/v1/otp/verify] [OtpServiceClient#verifyOtp(OtpVerifyRequest)]: [{"status":1010,"message":"Mã OTP không tồn tại hoặc đã được sử dụng","timestamp":"2026-09-08T10:28:53.462589100Z"}]), kiểm tra Fallback OTP Cache
2026-09-08 17:28:53.885 ERROR [auth-service] [traceId=f787545e4a774d1a] [tenantId=default] [nio-8081-exec-3] c.liochio.common.advice.LoggingAspect    : [EXCEPTION] com.liochio.auth.service.OtpService.verifyOtp() ném ngoại lệ sau 469 ms: Mã xác thực OTP không chính xác hoặc đã hết hạn
2026-09-08 17:28:53.886 ERROR [auth-service] [traceId=f787545e4a774d1a] [tenantId=default] [nio-8081-exec-3] c.liochio.common.advice.LoggingAspect    : [EXCEPTION] com.liochio.auth.service.AuthService.verifyRegistrationOtp() ném ngoại lệ sau 476 ms: Mã xác thực OTP không chính xác hoặc đã hết hạn
2026-09-08 17:28:53.890 ERROR [auth-service] [traceId=f787545e4a774d1a] [tenantId=default] [nio-8081-exec-3] c.liochio.common.advice.LoggingAspect    : [EXCEPTION] com.liochio.auth.controller.AuthController.verifyOtp() ném ngoại lệ sau 481 ms: Mã xác thực OTP không chính xác hoặc đã hết hạn
2026-09-08 17:28:53.900  WARN [auth-service] [traceId=f787545e4a774d1a] [tenantId=default] [nio-8081-exec-3] c.l.c.exception.GlobalExceptionHandler   : [AppException] Code: 1010 - Message: Mã xác thực OTP không chính xác hoặc đã hết hạn
2026-09-08 17:28:54.013 DEBUG [auth-service] [traceId=a0ac6b798d7f43c3] [tenantId=default] [nio-8081-exec-4] com.liochio.common.filter.TenantFilter   : [TenantFilter] Đã nạp Tenant ID: '127' cho URI: /api/v1/auth/verify-otp
2026-09-08 17:28:54.046  WARN [auth-service] [traceId=a0ac6b798d7f43c3] [tenantId=default] [nio-8081-exec-4] com.liochio.auth.service.OtpService      : [OtpService] otp-service không khả dụng ([400] during [POST] to [http://localhost:8094/api/v1/otp/verify] [OtpServiceClient#verifyOtp(OtpVerifyRequest)]: [{"status":1010,"message":"Mã OTP không tồn tại hoặc đã được sử dụng","timestamp":"2026-09-08T10:28:54.043067100Z"}]), kiểm tra Fallback OTP Cache
2026-09-08 17:28:54.052 ERROR [auth-service] [traceId=a0ac6b798d7f43c3] [tenantId=default] [nio-8081-exec-4] c.liochio.common.advice.LoggingAspect    : [EXCEPTION] com.liochio.auth.service.OtpService.verifyOtp() ném ngoại lệ sau 31 ms: Mã xác thực OTP không chính xác hoặc đã hết hạn
2026-09-08 17:28:54.053 ERROR [auth-service] [traceId=a0ac6b798d7f43c3] [tenantId=default] [nio-8081-exec-4] c.liochio.common.advice.LoggingAspect    : [EXCEPTION] com.liochio.auth.service.AuthService.verifyRegistrationOtp() ném ngoại lệ sau 36 ms: Mã xác thực OTP không chính xác hoặc đã hết hạn
2026-09-08 17:28:54.054 ERROR [auth-service] [traceId=a0ac6b798d7f43c3] [tenantId=default] [nio-8081-exec-4] c.liochio.common.advice.LoggingAspect    : [EXCEPTION] com.liochio.auth.controller.AuthController.verifyOtp() ném ngoại lệ sau 39 ms: Mã xác thực OTP không chính xác hoặc đã hết hạn
2026-09-08 17:28:54.061  WARN [auth-service] [traceId=a0ac6b798d7f43c3] [tenantId=default] [nio-8081-exec-4] c.l.c.exception.GlobalExceptionHandler   : [AppException] Code: 1010 - Message: Mã xác thực OTP không chính xác hoặc đã hết hạn
2026-09-08 17:28:54.253 DEBUG [auth-service] [traceId=bf0e41224c4e4b90] [tenantId=default] [nio-8081-exec-5] com.liochio.common.filter.TenantFilter   : [TenantFilter] Đã nạp Tenant ID: '127' cho URI: /api/v1/auth/login
2026-09-08 17:28:54.286  INFO [auth-service] [traceId=bf0e41224c4e4b90] [tenantId=default] [nio-8081-exec-5] c.l.auth.service.LoginSecurityService    : [LoginSecurityService] Đã ghi nhận lịch sử bảo mật: User='v2user_c5a605', Status='WRONG_PASSWORD', Reason='Tài khoản chưa kích hoạt OTP (Lần thử 1/5)'
2026-09-08 17:28:54.286 DEBUG [auth-service] [traceId=bf0e41224c4e4b90] [tenantId=default] [nio-8081-exec-5] c.liochio.common.advice.LoggingAspect    : [EXECUTION] com.liochio.auth.service.LoginSecurityService.recordFailedLogin() hoàn tất trong 13 ms
2026-09-08 17:28:54.292 ERROR [auth-service] [traceId=bf0e41224c4e4b90] [tenantId=default] [nio-8081-exec-5] c.liochio.common.advice.LoggingAspect    : [EXCEPTION] com.liochio.auth.service.AuthService.login() ném ngoại lệ sau 28 ms: Tài khoản chưa được kích hoạt qua mã OTP. Vui lòng xác thực tài khoản.
2026-09-08 17:28:54.294 ERROR [auth-service] [traceId=bf0e41224c4e4b90] [tenantId=default] [nio-8081-exec-5] c.liochio.common.advice.LoggingAspect    : [EXCEPTION] com.liochio.auth.controller.AuthController.login() ném ngoại lệ sau 31 ms: Tài khoản chưa được kích hoạt qua mã OTP. Vui lòng xác thực tài khoản.
2026-09-08 17:28:54.300  WARN [auth-service] [traceId=bf0e41224c4e4b90] [tenantId=default] [nio-8081-exec-5] c.l.c.exception.GlobalExceptionHandler   : [AppException] Code: 2001 - Message: Tài khoản chưa được kích hoạt qua mã OTP. Vui lòng xác thực tài khoản.
2026-09-08 17:28:54.331 DEBUG [auth-service] [traceId=931b70d409ca4e25] [tenantId=default] [nio-8081-exec-6] com.liochio.common.filter.TenantFilter   : [TenantFilter] Đã nạp Tenant ID: '127' cho URI: /api/v1/auth/me
2026-09-08 17:28:54.337  WARN [auth-service] [traceId=931b70d409ca4e25] [tenantId=default] [nio-8081-exec-6] c.l.c.s.CustomAuthenticationEntryPoint   : [AuthenticationEntryPoint] 401 Unauthorized tại URI: /api/v1/auth/me - Lý do: Full authentication is required to access this resource
2026-09-08 17:28:54.338 DEBUG [auth-service] [traceId=931b70d409ca4e25] [tenantId=default] [nio-8081-exec-6] c.liochio.common.advice.LoggingAspect    : [EXECUTION] com.liochio.common.i18n.MessageService.getMessage() hoàn tất trong 0 ms
2026-09-08 17:28:54.359 DEBUG [auth-service] [traceId=de6d9efb2cc24eb2] [tenantId=default] [nio-8081-exec-7] com.liochio.common.filter.TenantFilter   : [TenantFilter] Đã nạp Tenant ID: '127' cho URI: /api/v1/auth/refresh
2026-09-08 17:28:54.423  WARN [auth-service] [traceId=de6d9efb2cc24eb2] [tenantId=default] [nio-8081-exec-7] c.l.c.security.TokenBlacklistService     : [TokenBlacklist] Không thể ghi Session vào Redis: Unable to connect to Redis
2026-09-08 17:28:54.424 DEBUG [auth-service] [traceId=de6d9efb2cc24eb2] [tenantId=default] [nio-8081-exec-7] c.liochio.common.advice.LoggingAspect    : [EXECUTION] com.liochio.common.security.TokenBlacklistService.blacklistSession() hoàn tất trong 6 ms
2026-09-08 17:28:54.427  INFO [auth-service] [traceId=de6d9efb2cc24eb2] [tenantId=default] [nio-8081-exec-7] c.liochio.auth.service.SessionService    : [SessionService] Tạo phiên mới: SessionID=sess_ca3b20b3296342c2a59644d92403111f, UserID=1, DeviceID=fp_9e909d55d2c34ddb
2026-09-08 17:28:54.427 DEBUG [auth-service] [traceId=de6d9efb2cc24eb2] [tenantId=default] [nio-8081-exec-7] c.liochio.common.advice.LoggingAspect    : [EXECUTION] com.liochio.auth.service.SessionService.rotateSession() hoàn tất trong 14 ms
2026-09-08 17:28:54.452  INFO [auth-service] [traceId=de6d9efb2cc24eb2] [tenantId=default] [nio-8081-exec-7] com.liochio.auth.service.AuthService     : [AuthService] Xoay vòng Token thành công: User='superadmin', SessionID='sess_ca3b20b3296342c2a59644d92403111f'
2026-09-08 17:28:54.452 DEBUG [auth-service] [traceId=de6d9efb2cc24eb2] [tenantId=default] [nio-8081-exec-7] c.liochio.common.advice.LoggingAspect    : [EXECUTION] com.liochio.auth.service.AuthService.refreshToken() hoàn tất trong 87 ms
2026-09-08 17:28:54.460 DEBUG [auth-service] [traceId=de6d9efb2cc24eb2] [tenantId=default] [nio-8081-exec-7] c.liochio.common.advice.LoggingAspect    : [EXECUTION] com.liochio.common.i18n.MessageService.getMessage() hoàn tất trong 0 ms
2026-09-08 17:28:54.461 DEBUG [auth-service] [traceId=de6d9efb2cc24eb2] [tenantId=default] [nio-8081-exec-7] c.liochio.common.advice.LoggingAspect    : [EXECUTION] com.liochio.auth.controller.AuthController.refreshToken() hoàn tất trong 97 ms
2026-09-08 17:28:54.475 DEBUG [auth-service] [traceId=eb711b1083484bfa] [tenantId=default] [nio-8081-exec-8] com.liochio.common.filter.TenantFilter   : [TenantFilter] Đã nạp Tenant ID: '127' cho URI: /api/v1/auth/register
2026-09-08 17:28:54.485 DEBUG [auth-service] [traceId=eb711b1083484bfa] [tenantId=default] [nio-8081-exec-8] c.liochio.common.advice.LoggingAspect    : [EXECUTION] com.liochio.common.i18n.MessageService.getMessage() hoàn tất trong 0 ms
2026-09-08 17:28:54.485  WARN [auth-service] [traceId=eb711b1083484bfa] [tenantId=default] [nio-8081-exec-8] c.l.c.exception.GlobalExceptionHandler   : [ValidationException] Field errors: {email=Email không được để trống}
2026-09-08 17:28:54.502 DEBUG [auth-service] [traceId=ea138335c8424b5c] [tenantId=default] [nio-8081-exec-9] com.liochio.common.filter.TenantFilter   : [TenantFilter] Đã nạp Tenant ID: '127' cho URI: /api/v1/auth/register
2026-09-08 17:28:54.506 DEBUG [auth-service] [traceId=ea138335c8424b5c] [tenantId=default] [nio-8081-exec-9] c.liochio.common.advice.LoggingAspect    : [EXECUTION] com.liochio.common.i18n.MessageService.getMessage() hoàn tất trong 0 ms
2026-09-08 17:28:54.507  WARN [auth-service] [traceId=ea138335c8424b5c] [tenantId=default] [nio-8081-exec-9] c.l.c.exception.GlobalExceptionHandler   : [ValidationException] Field errors: {email=Định dạng email không hợp lệ}
2026-09-08 17:28:54.520 DEBUG [auth-service] [traceId=c052bf8ad63843c7] [tenantId=default] [io-8081-exec-10] com.liochio.common.filter.TenantFilter   : [TenantFilter] Đã nạp Tenant ID: '127' cho URI: /api/v1/auth/register
2026-09-08 17:28:54.523 DEBUG [auth-service] [traceId=c052bf8ad63843c7] [tenantId=default] [io-8081-exec-10] c.liochio.common.advice.LoggingAspect    : [EXECUTION] com.liochio.common.i18n.MessageService.getMessage() hoàn tất trong 0 ms
2026-09-08 17:28:54.524  WARN [auth-service] [traceId=c052bf8ad63843c7] [tenantId=default] [io-8081-exec-10] c.l.c.exception.GlobalExceptionHandler   : [ValidationException] Field errors: {password=Mật khẩu phải từ 6 ký tự trở lên}
2026-09-08 17:28:54.550 DEBUG [auth-service] [traceId=1dadfe8e12b74ace] [tenantId=default] [nio-8081-exec-1] com.liochio.common.filter.TenantFilter   : [TenantFilter] Đã nạp Tenant ID: '127' cho URI: /api/v1/auth/register
2026-09-08 17:28:54.557 ERROR [auth-service] [traceId=1dadfe8e12b74ace] [tenantId=default] [nio-8081-exec-1] c.liochio.common.advice.LoggingAspect    : [EXCEPTION] com.liochio.auth.service.AuthService.register() ném ngoại lệ sau 3 ms: Tài khoản đã tồn tại
2026-09-08 17:28:54.559 ERROR [auth-service] [traceId=1dadfe8e12b74ace] [tenantId=default] [nio-8081-exec-1] c.liochio.common.advice.LoggingAspect    : [EXCEPTION] com.liochio.auth.controller.AuthController.register() ném ngoại lệ sau 5 ms: Tài khoản đã tồn tại
2026-09-08 17:28:54.565 DEBUG [auth-service] [traceId=1dadfe8e12b74ace] [tenantId=default] [nio-8081-exec-1] c.liochio.common.advice.LoggingAspect    : [EXECUTION] com.liochio.common.i18n.MessageService.getMessage() hoàn tất trong 0 ms
2026-09-08 17:28:54.565  WARN [auth-service] [traceId=1dadfe8e12b74ace] [tenantId=default] [nio-8081-exec-1] c.l.c.exception.GlobalExceptionHandler   : [AppException] Code: 1006 - Message: Tài khoản hoặc email đã tồn tại trên hệ thống
2026-09-08 17:28:54.579 DEBUG [auth-service] [traceId=bfae027554084a54] [tenantId=default] [nio-8081-exec-2] com.liochio.common.filter.TenantFilter   : [TenantFilter] Đã nạp Tenant ID: '127' cho URI: /api/v1/auth/me
2026-09-08 17:28:54.586 DEBUG [auth-service] [traceId=bfae027554084a54] [tenantId=default] [nio-8081-exec-2] c.l.c.security.TokenBlacklistService     : [TokenBlacklist] Kiểm tra Redis lỗi, tiếp tục: Unable to connect to Redis
2026-09-08 17:28:54.589 DEBUG [auth-service] [traceId=bfae027554084a54] [tenantId=default] [nio-8081-exec-2] c.liochio.common.advice.LoggingAspect    : [EXECUTION] com.liochio.common.security.TokenBlacklistService.isBlacklisted() hoàn tất trong 8 ms
2026-09-08 17:28:54.591  WARN [auth-service] [traceId=bfae027554084a54] [tenantId=default] [nio-8081-exec-2] com.liochio.common.security.JwtUtils     : [JwtUtils] Token không hợp lệ hoặc đã hết hạn: Unable to verify RS256 signature with JCA algorithm 'SHA256withRSA' using key {Sun RSA public key, 2048 bits
  params: null
  modulus: 25027314363202909346517332645411421990058396615278005871484208316680389592109252327337715574144237091142280386288102213028762059672701808813372046756085592018355560867288457061162325568869093299304317743511009541123491365488218181893341353187837816690219021283541288488651739798134878132850680235502065475121368311692313566100785273179235699509545158762983981536054036671953242119350360055274785177532153425830791958578807599111423565624876311298471457465387864241251449233963027032167838613024987612607035765075693802046009269312442454194945130962108361444143652545970673521498361974294463902529732297783613579954209
  public exponent: 65537}: Signature callback execution failed: Bad signature length: got 6 but was expecting 256
2026-09-08 17:28:54.592  WARN [auth-service] [traceId=bfae027554084a54] [tenantId=default] [nio-8081-exec-2] c.l.c.s.CustomAuthenticationEntryPoint   : [AuthenticationEntryPoint] 401 Unauthorized tại URI: /api/v1/auth/me - Lý do: Full authentication is required to access this resource
2026-09-08 17:28:54.592 DEBUG [auth-service] [traceId=bfae027554084a54] [tenantId=default] [nio-8081-exec-2] c.liochio.common.advice.LoggingAspect    : [EXECUTION] com.liochio.common.i18n.MessageService.getMessage() hoàn tất trong 0 ms
2026-09-08 17:28:56.862 DEBUG [auth-service] [traceId=33c5444f80d34079] [tenantId=default] [nio-8081-exec-3] com.liochio.common.filter.TenantFilter   : [TenantFilter] Đã nạp Tenant ID: '127' cho URI: /.well-known/jwks.json
2026-09-08 17:28:56.864 DEBUG [auth-service] [traceId=33c5444f80d34079] [tenantId=default] [nio-8081-exec-3] c.liochio.common.advice.LoggingAspect    : [EXECUTION] com.liochio.auth.controller.JwksController.getJwks() hoàn tất trong 1 ms
2026-09-08 17:30:15.151 DEBUG [auth-service] [traceId=50fb2e57bd254bb5] [tenantId=default] [nio-8081-exec-5] com.liochio.common.filter.TenantFilter   : [TenantFilter] Đã nạp Tenant ID: '127' cho URI: /.well-known/jwks.json
2026-09-08 17:30:15.153 DEBUG [auth-service] [traceId=50fb2e57bd254bb5] [tenantId=default] [nio-8081-exec-5] c.liochio.common.advice.LoggingAspect    : [EXECUTION] com.liochio.auth.controller.JwksController.getJwks() hoàn tất trong 0 ms
2026-09-08 17:31:54.148  INFO [auth-service] [traceId=NO_TRACE] [tenantId=default] [           main] c.liochio.auth.AuthServiceApplication    : Starting AuthServiceApplication v1.0.0-SNAPSHOT using Java 17.0.17 with PID 24608 (D:\Github\Back-end\Microservice\SpringBoot\auth-service\target\auth-service-1.0.0-SNAPSHOT.jar started by Liochio in D:\Github\Back-end\Microservice)
2026-09-08 17:31:54.154 DEBUG [auth-service] [traceId=NO_TRACE] [tenantId=default] [           main] c.liochio.auth.AuthServiceApplication    : Running with Spring Boot v3.4.3, Spring v6.2.3
2026-09-08 17:31:54.156  INFO [auth-service] [traceId=NO_TRACE] [tenantId=default] [           main] c.liochio.auth.AuthServiceApplication    : No active profile set, falling back to 1 default profile: "default"
2026-09-08 17:31:54.289  INFO [auth-service] [traceId=NO_TRACE] [tenantId=default] [           main] o.s.c.c.c.ConfigServerConfigDataLoader   : Fetching config from server at : http://localhost:8888/
2026-09-08 17:31:54.290  INFO [auth-service] [traceId=NO_TRACE] [tenantId=default] [           main] o.s.c.c.c.ConfigServerConfigDataLoader   : Exception on Url - http://localhost:8888/:org.springframework.web.client.ResourceAccessException: I/O error on GET request for "http://localhost:8888/auth-service/default": Connection refused: no further information. Will be trying the next url if available
2026-09-08 17:31:54.290  WARN [auth-service] [traceId=NO_TRACE] [tenantId=default] [           main] o.s.c.c.c.ConfigServerConfigDataLoader   : Could not locate PropertySource ([ConfigServerConfigDataResource@1f9d6c7b uris = array<String>['http://localhost:8888/'], optional = true, profiles = 'default']): I/O error on GET request for "http://localhost:8888/auth-service/default": Connection refused: no further information
2026-09-08 17:31:54.291  INFO [auth-service] [traceId=NO_TRACE] [tenantId=default] [           main] o.s.c.c.c.ConfigServerConfigDataLoader   : Fetching config from server at : http://localhost:8888/
2026-09-08 17:31:54.292  INFO [auth-service] [traceId=NO_TRACE] [tenantId=default] [           main] o.s.c.c.c.ConfigServerConfigDataLoader   : Exception on Url - http://localhost:8888/:org.springframework.web.client.ResourceAccessException: I/O error on GET request for "http://localhost:8888/auth-service/default": Connection refused: no further information. Will be trying the next url if available
2026-09-08 17:31:54.293  WARN [auth-service] [traceId=NO_TRACE] [tenantId=default] [           main] o.s.c.c.c.ConfigServerConfigDataLoader   : Could not locate PropertySource ([ConfigServerConfigDataResource@2617f816 uris = array<String>['http://localhost:8888/'], optional = true, profiles = 'default']): I/O error on GET request for "http://localhost:8888/auth-service/default": Connection refused: no further information
2026-09-08 17:31:54.293  INFO [auth-service] [traceId=NO_TRACE] [tenantId=default] [           main] o.s.c.c.c.ConfigServerConfigDataLoader   : Fetching config from server at : http://localhost:8888/
2026-09-08 17:31:54.293  INFO [auth-service] [traceId=NO_TRACE] [tenantId=default] [           main] o.s.c.c.c.ConfigServerConfigDataLoader   : Exception on Url - http://localhost:8888/:org.springframework.web.client.ResourceAccessException: I/O error on GET request for "http://localhost:8888/auth-service/default": Connection refused: no further information. Will be trying the next url if available
2026-09-08 17:31:54.294  WARN [auth-service] [traceId=NO_TRACE] [tenantId=default] [           main] o.s.c.c.c.ConfigServerConfigDataLoader   : Could not locate PropertySource ([ConfigServerConfigDataResource@676f0a60 uris = array<String>['http://localhost:8888/'], optional = true, profiles = 'default']): I/O error on GET request for "http://localhost:8888/auth-service/default": Connection refused: no further information
2026-09-08 17:31:55.940  INFO [auth-service] [traceId=NO_TRACE] [tenantId=default] [           main] .s.d.r.c.RepositoryConfigurationDelegate : Multiple Spring Data modules found, entering strict repository configuration mode
2026-09-08 17:31:55.942  INFO [auth-service] [traceId=NO_TRACE] [tenantId=default] [           main] .s.d.r.c.RepositoryConfigurationDelegate : Bootstrapping Spring Data JPA repositories in DEFAULT mode.
2026-09-08 17:31:56.244  INFO [auth-service] [traceId=NO_TRACE] [tenantId=default] [           main] .s.d.r.c.RepositoryConfigurationDelegate : Finished Spring Data repository scanning in 283 ms. Found 19 JPA repository interfaces.
2026-09-08 17:31:57.252  INFO [auth-service] [traceId=NO_TRACE] [tenantId=default] [           main] .s.d.r.c.RepositoryConfigurationDelegate : Multiple Spring Data modules found, entering strict repository configuration mode
2026-09-08 17:31:57.255  INFO [auth-service] [traceId=NO_TRACE] [tenantId=default] [           main] .s.d.r.c.RepositoryConfigurationDelegate : Bootstrapping Spring Data Redis repositories in DEFAULT mode.
2026-09-08 17:31:57.332  INFO [auth-service] [traceId=NO_TRACE] [tenantId=default] [           main] .RepositoryConfigurationExtensionSupport : Spring Data Redis - Could not safely identify store assignment for repository candidate interface com.liochio.auth.repository.JournalEntryDetailRepository; If you want this repository to be a Redis repository, consider annotating your entities with one of these annotations: org.springframework.data.redis.core.RedisHash (preferred), or consider extending one of the following types with your repository: org.springframework.data.keyvalue.repository.KeyValueRepository
2026-09-08 17:31:57.333  INFO [auth-service] [traceId=NO_TRACE] [tenantId=default] [           main] .RepositoryConfigurationExtensionSupport : Spring Data Redis - Could not safely identify store assignment for repository candidate interface com.liochio.auth.repository.JournalEntryRepository; If you want this repository to be a Redis repository, consider annotating your entities with one of these annotations: org.springframework.data.redis.core.RedisHash (preferred), or consider extending one of the following types with your repository: org.springframework.data.keyvalue.repository.KeyValueRepository
2026-09-08 17:31:57.334  INFO [auth-service] [traceId=NO_TRACE] [tenantId=default] [           main] .RepositoryConfigurationExtensionSupport : Spring Data Redis - Could not safely identify store assignment for repository candidate interface com.liochio.auth.repository.LedgerAccountRepository; If you want this repository to be a Redis repository, consider annotating your entities with one of these annotations: org.springframework.data.redis.core.RedisHash (preferred), or consider extending one of the following types with your repository: org.springframework.data.keyvalue.repository.KeyValueRepository
2026-09-08 17:31:57.345  INFO [auth-service] [traceId=NO_TRACE] [tenantId=default] [           main] .RepositoryConfigurationExtensionSupport : Spring Data Redis - Could not safely identify store assignment for repository candidate interface com.liochio.auth.repository.PermissionRepository; If you want this repository to be a Redis repository, consider annotating your entities with one of these annotations: org.springframework.data.redis.core.RedisHash (preferred), or consider extending one of the following types with your repository: org.springframework.data.keyvalue.repository.KeyValueRepository
2026-09-08 17:31:57.346  INFO [auth-service] [traceId=NO_TRACE] [tenantId=default] [           main] .RepositoryConfigurationExtensionSupport : Spring Data Redis - Could not safely identify store assignment for repository candidate interface com.liochio.auth.repository.QrLoginSessionRepository; If you want this repository to be a Redis repository, consider annotating your entities with one of these annotations: org.springframework.data.redis.core.RedisHash (preferred), or consider extending one of the following types with your repository: org.springframework.data.keyvalue.repository.KeyValueRepository
2026-09-08 17:31:57.346  INFO [auth-service] [traceId=NO_TRACE] [tenantId=default] [           main] .RepositoryConfigurationExtensionSupport : Spring Data Redis - Could not safely identify store assignment for repository candidate interface com.liochio.auth.repository.RoleRepository; If you want this repository to be a Redis repository, consider annotating your entities with one of these annotations: org.springframework.data.redis.core.RedisHash (preferred), or consider extending one of the following types with your repository: org.springframework.data.keyvalue.repository.KeyValueRepository
2026-09-08 17:31:57.348  INFO [auth-service] [traceId=NO_TRACE] [tenantId=default] [           main] .RepositoryConfigurationExtensionSupport : Spring Data Redis - Could not safely identify store assignment for repository candidate interface com.liochio.auth.repository.SecurityLoginHistoryRepository; If you want this repository to be a Redis repository, consider annotating your entities with one of these annotations: org.springframework.data.redis.core.RedisHash (preferred), or consider extending one of the following types with your repository: org.springframework.data.keyvalue.repository.KeyValueRepository
2026-09-08 17:31:57.349  INFO [auth-service] [traceId=NO_TRACE] [tenantId=default] [           main] .RepositoryConfigurationExtensionSupport : Spring Data Redis - Could not safely identify store assignment for repository candidate interface com.liochio.auth.repository.SystemFeatureRepository; If you want this repository to be a Redis repository, consider annotating your entities with one of these annotations: org.springframework.data.redis.core.RedisHash (preferred), or consider extending one of the following types with your repository: org.springframework.data.keyvalue.repository.KeyValueRepository
2026-09-08 17:31:57.350  INFO [auth-service] [traceId=NO_TRACE] [tenantId=default] [           main] .RepositoryConfigurationExtensionSupport : Spring Data Redis - Could not safely identify store assignment for repository candidate interface com.liochio.auth.repository.TenantFeatureRepository; If you want this repository to be a Redis repository, consider annotating your entities with one of these annotations: org.springframework.data.redis.core.RedisHash (preferred), or consider extending one of the following types with your repository: org.springframework.data.keyvalue.repository.KeyValueRepository
2026-09-08 17:31:57.352  INFO [auth-service] [traceId=NO_TRACE] [tenantId=default] [           main] .RepositoryConfigurationExtensionSupport : Spring Data Redis - Could not safely identify store assignment for repository candidate interface com.liochio.auth.repository.TenantRepository; If you want this repository to be a Redis repository, consider annotating your entities with one of these annotations: org.springframework.data.redis.core.RedisHash (preferred), or consider extending one of the following types with your repository: org.springframework.data.keyvalue.repository.KeyValueRepository
2026-09-08 17:31:57.353  INFO [auth-service] [traceId=NO_TRACE] [tenantId=default] [           main] .RepositoryConfigurationExtensionSupport : Spring Data Redis - Could not safely identify store assignment for repository candidate interface com.liochio.auth.repository.UserDeviceRepository; If you want this repository to be a Redis repository, consider annotating your entities with one of these annotations: org.springframework.data.redis.core.RedisHash (preferred), or consider extending one of the following types with your repository: org.springframework.data.keyvalue.repository.KeyValueRepository
2026-09-08 17:31:57.353  INFO [auth-service] [traceId=NO_TRACE] [tenantId=default] [           main] .RepositoryConfigurationExtensionSupport : Spring Data Redis - Could not safely identify store assignment for repository candidate interface com.liochio.auth.repository.UserRepository; If you want this repository to be a Redis repository, consider annotating your entities with one of these annotations: org.springframework.data.redis.core.RedisHash (preferred), or consider extending one of the following types with your repository: org.springframework.data.keyvalue.repository.KeyValueRepository
2026-09-08 17:31:57.355  INFO [auth-service] [traceId=NO_TRACE] [tenantId=default] [           main] .RepositoryConfigurationExtensionSupport : Spring Data Redis - Could not safely identify store assignment for repository candidate interface com.liochio.auth.repository.UserSessionRepository; If you want this repository to be a Redis repository, consider annotating your entities with one of these annotations: org.springframework.data.redis.core.RedisHash (preferred), or consider extending one of the following types with your repository: org.springframework.data.keyvalue.repository.KeyValueRepository
2026-09-08 17:31:57.356  INFO [auth-service] [traceId=NO_TRACE] [tenantId=default] [           main] .s.d.r.c.RepositoryConfigurationDelegate : Finished Spring Data repository scanning in 51 ms. Found 0 Redis repository interfaces.
2026-09-08 17:31:58.306  INFO [auth-service] [traceId=NO_TRACE] [tenantId=default] [           main] o.s.cloud.context.scope.GenericScope     : BeanFactory id=0b6f4ffd-fce5-3a49-b474-ec12419bf6c5
2026-09-08 17:32:00.427  INFO [auth-service] [traceId=NO_TRACE] [tenantId=default] [           main] o.s.b.w.embedded.tomcat.TomcatWebServer  : Tomcat initialized with port 8081 (http)
2026-09-08 17:32:00.452  INFO [auth-service] [traceId=NO_TRACE] [tenantId=default] [           main] o.apache.catalina.core.StandardService   : Starting service [Tomcat]
2026-09-08 17:32:00.453  INFO [auth-service] [traceId=NO_TRACE] [tenantId=default] [           main] o.apache.catalina.core.StandardEngine    : Starting Servlet engine: [Apache Tomcat/10.1.36]
2026-09-08 17:32:00.538  INFO [auth-service] [traceId=NO_TRACE] [tenantId=default] [           main] o.a.c.c.C.[Tomcat].[localhost].[/]       : Initializing Spring embedded WebApplicationContext
2026-09-08 17:32:00.540  INFO [auth-service] [traceId=NO_TRACE] [tenantId=default] [           main] w.s.c.ServletWebServerApplicationContext : Root WebApplicationContext: initialization completed in 6236 ms
2026-09-08 17:32:01.260  INFO [auth-service] [traceId=NO_TRACE] [tenantId=default] [           main] o.hibernate.jpa.internal.util.LogHelper  : HHH000204: Processing PersistenceUnitInfo [name: default]
2026-09-08 17:32:01.406  INFO [auth-service] [traceId=NO_TRACE] [tenantId=default] [           main] org.hibernate.Version                    : HHH000412: Hibernate ORM core version 6.6.8.Final
2026-09-08 17:32:01.502  INFO [auth-service] [traceId=NO_TRACE] [tenantId=default] [           main] o.h.c.internal.RegionFactoryInitiator    : HHH000026: Second-level cache disabled
2026-09-08 17:32:02.327  INFO [auth-service] [traceId=NO_TRACE] [tenantId=default] [           main] o.s.o.j.p.SpringPersistenceUnitInfo      : No LoadTimeWeaver setup: ignoring JPA class transformer
2026-09-08 17:32:02.399  INFO [auth-service] [traceId=NO_TRACE] [tenantId=default] [           main] com.zaxxer.hikari.HikariDataSource       : HikariPool-1 - Starting...
2026-09-08 17:32:02.597  INFO [auth-service] [traceId=NO_TRACE] [tenantId=default] [           main] com.zaxxer.hikari.pool.HikariPool        : HikariPool-1 - Added connection com.mysql.cj.jdbc.ConnectionImpl@2396dc4e
2026-09-08 17:32:02.602  INFO [auth-service] [traceId=NO_TRACE] [tenantId=default] [           main] com.zaxxer.hikari.HikariDataSource       : HikariPool-1 - Start completed.
2026-09-08 17:32:02.665  WARN [auth-service] [traceId=NO_TRACE] [tenantId=default] [           main] org.hibernate.orm.deprecation            : HHH90000025: MySQLDialect does not need to be specified explicitly using 'hibernate.dialect' (remove the property setting and it will be selected by default)
2026-09-08 17:32:02.691  INFO [auth-service] [traceId=NO_TRACE] [tenantId=default] [           main] org.hibernate.orm.connections.pooling    : HHH10001005: Database info:
	Database JDBC URL [Connecting through datasource 'HikariDataSource (HikariPool-1)']
	Database driver: undefined/unknown
	Database version: 8.0.33
	Autocommit mode: undefined/unknown
	Isolation level: undefined/unknown
	Minimum pool size: undefined/unknown
	Maximum pool size: undefined/unknown
2026-09-08 17:32:04.550  INFO [auth-service] [traceId=NO_TRACE] [tenantId=default] [           main] o.h.e.t.j.p.i.JtaPlatformInitiator       : HHH000489: No JTA platform available (set 'hibernate.transaction.jta.platform' to enable JTA platform integration)
2026-09-08 17:32:04.685  INFO [auth-service] [traceId=NO_TRACE] [tenantId=default] [           main] j.LocalContainerEntityManagerFactoryBean : Initialized JPA EntityManagerFactory for persistence unit 'default'
2026-09-08 17:32:05.266  INFO [auth-service] [traceId=NO_TRACE] [tenantId=default] [           main] com.liochio.common.security.JwtUtils     : [JwtUtils] Loaded RSA Private Key successfully from classpath:certs/rsa-private.pem
2026-09-08 17:32:05.268  INFO [auth-service] [traceId=NO_TRACE] [tenantId=default] [           main] com.liochio.common.security.JwtUtils     : [JwtUtils] Loaded RSA Public Key successfully from classpath:certs/rsa-public.pem
2026-09-08 17:32:06.446 DEBUG [auth-service] [traceId=NO_TRACE] [tenantId=default] [           main] c.l.c.security.JwtAuthenticationFilter   : Filter 'jwtAuthenticationFilter' configured for use
2026-09-08 17:32:06.448 DEBUG [auth-service] [traceId=NO_TRACE] [tenantId=default] [           main] c.liochio.common.filter.MdcTraceFilter   : Filter 'mdcTraceFilter' configured for use
2026-09-08 17:32:06.448 DEBUG [auth-service] [traceId=NO_TRACE] [tenantId=default] [           main] com.liochio.common.filter.TenantFilter   : Filter 'tenantFilter' configured for use
2026-09-08 17:32:06.449 DEBUG [auth-service] [traceId=NO_TRACE] [tenantId=default] [           main] c.l.common.filter.AuditLoggingFilter     : Filter 'auditLoggingFilter' configured for use
2026-09-08 17:32:06.606  INFO [auth-service] [traceId=NO_TRACE] [tenantId=default] [           main] o.s.d.j.r.query.QueryEnhancerFactory     : Hibernate is in classpath; If applicable, HQL parser will be used.
2026-09-08 17:32:09.701  WARN [auth-service] [traceId=NO_TRACE] [tenantId=default] [           main] .s.s.UserDetailsServiceAutoConfiguration : 

Using generated security password: 1c97d431-2684-4b25-bfa2-9d789d0c6c1c

This generated password is for development use only. Your security configuration must be updated before running your application in production.

2026-09-08 17:32:09.753  INFO [auth-service] [traceId=NO_TRACE] [tenantId=default] [           main] r$InitializeUserDetailsManagerConfigurer : Global AuthenticationManager configured with UserDetailsService bean with name inMemoryUserDetailsManager
2026-09-08 17:32:14.273  INFO [auth-service] [traceId=NO_TRACE] [tenantId=default] [           main] o.s.cloud.commons.util.InetUtils         : Cannot determine local hostname
2026-09-08 17:32:14.321  INFO [auth-service] [traceId=NO_TRACE] [tenantId=default] [           main] DiscoveryClientOptionalArgsConfiguration : Eureka HTTP Client uses RestTemplate.
2026-09-08 17:32:14.526  INFO [auth-service] [traceId=NO_TRACE] [tenantId=default] [           main] o.s.b.w.embedded.tomcat.TomcatWebServer  : Tomcat started on port 8081 (http) with context path '/'
2026-09-08 17:32:15.673  INFO [auth-service] [traceId=NO_TRACE] [tenantId=default] [           main] o.s.cloud.commons.util.InetUtils         : Cannot determine local hostname
2026-09-08 17:32:15.698  INFO [auth-service] [traceId=NO_TRACE] [tenantId=default] [           main] c.liochio.auth.AuthServiceApplication    : Started AuthServiceApplication in 24.697 seconds (process running for 25.649)
2026-09-08 17:32:25.622  INFO [auth-service] [traceId=NO_TRACE] [tenantId=default] [nio-8081-exec-2] o.a.c.c.C.[Tomcat].[localhost].[/]       : Initializing Spring DispatcherServlet 'dispatcherServlet'
2026-09-08 17:32:25.622  INFO [auth-service] [traceId=NO_TRACE] [tenantId=default] [nio-8081-exec-2] o.s.web.servlet.DispatcherServlet        : Initializing Servlet 'dispatcherServlet'
2026-09-08 17:32:25.626  INFO [auth-service] [traceId=NO_TRACE] [tenantId=default] [nio-8081-exec-2] o.s.web.servlet.DispatcherServlet        : Completed initialization in 3 ms
2026-09-08 17:32:25.632 DEBUG [auth-service] [traceId=c494e9fb3fdb432a] [tenantId=default] [nio-8081-exec-2] com.liochio.common.filter.TenantFilter   : [TenantFilter] Đã nạp Tenant ID: 'default' cho URI: /api/v1/auth/login
2026-09-08 17:32:26.093 DEBUG [auth-service] [traceId=c494e9fb3fdb432a] [tenantId=default] [nio-8081-exec-2] c.liochio.common.advice.LoggingAspect    : [EXECUTION] com.liochio.common.service.SystemConfigService.getInt() hoàn tất trong 37 ms
2026-09-08 17:32:26.101 DEBUG [auth-service] [traceId=c494e9fb3fdb432a] [tenantId=default] [nio-8081-exec-2] c.liochio.common.advice.LoggingAspect    : [EXECUTION] com.liochio.common.service.SystemConfigService.getInt() hoàn tất trong 6 ms
2026-09-08 17:32:26.469  INFO [auth-service] [traceId=c494e9fb3fdb432a] [tenantId=default] [nio-8081-exec-2] c.l.auth.service.LoginSecurityService    : [LoginSecurityService] Đã ghi nhận lịch sử bảo mật: User='superadmin', Status='SUCCESS', Reason='Đăng nhập thành công'
2026-09-08 17:32:26.469 DEBUG [auth-service] [traceId=c494e9fb3fdb432a] [tenantId=default] [nio-8081-exec-2] c.liochio.common.advice.LoggingAspect    : [EXECUTION] com.liochio.auth.service.LoginSecurityService.recordSuccessfulLogin() hoàn tất trong 51 ms
2026-09-08 17:32:26.493 DEBUG [auth-service] [traceId=c494e9fb3fdb432a] [tenantId=default] [nio-8081-exec-2] c.liochio.common.advice.LoggingAspect    : [EXECUTION] com.liochio.auth.service.DeviceService.getOrCreateDevice() hoàn tất trong 17 ms
2026-09-08 17:32:26.943  WARN [auth-service] [traceId=c494e9fb3fdb432a] [tenantId=default] [nio-8081-exec-2] c.l.c.security.TokenBlacklistService     : [TokenBlacklist] Không thể ghi Session vào Redis: Unable to connect to Redis
2026-09-08 17:32:26.944 DEBUG [auth-service] [traceId=c494e9fb3fdb432a] [tenantId=default] [nio-8081-exec-2] c.liochio.common.advice.LoggingAspect    : [EXECUTION] com.liochio.common.security.TokenBlacklistService.blacklistSession() hoàn tất trong 333 ms
2026-09-08 17:32:26.945  WARN [auth-service] [traceId=c494e9fb3fdb432a] [tenantId=default] [nio-8081-exec-2] c.liochio.auth.service.SessionService    : [SessionService] [CONCURRENT KICK-OUT] Đã thu hồi phiên cũ sess_ca3b20b3296342c2a59644d92403111f của User ID: 1 do đăng nhập trên thiết bị mới postman-superadmin-01
2026-09-08 17:32:26.945 DEBUG [auth-service] [traceId=c494e9fb3fdb432a] [tenantId=default] [nio-8081-exec-2] c.liochio.common.advice.LoggingAspect    : [EXECUTION] com.liochio.auth.service.SessionService.kickOutOtherMobileSessions() hoàn tất trong 346 ms
2026-09-08 17:32:26.950  INFO [auth-service] [traceId=c494e9fb3fdb432a] [tenantId=default] [nio-8081-exec-2] c.liochio.auth.service.SessionService    : [SessionService] Tạo phiên mới: SessionID=sess_74dd38e8a5f547e78d9fd4581ffcc392, UserID=1, DeviceID=postman-superadmin-01
2026-09-08 17:32:26.951 DEBUG [auth-service] [traceId=c494e9fb3fdb432a] [tenantId=default] [nio-8081-exec-2] c.liochio.common.advice.LoggingAspect    : [EXECUTION] com.liochio.auth.service.SessionService.createSession() hoàn tất trong 5 ms
2026-09-08 17:32:26.973  WARN [auth-service] [traceId=c494e9fb3fdb432a] [tenantId=default] [nio-8081-exec-2] c.liochio.common.advice.LoggingAspect    : [SLOW_EXECUTION] com.liochio.auth.service.AuthService.login() thực thi mất 1120 ms
2026-09-08 17:32:26.991 DEBUG [auth-service] [traceId=c494e9fb3fdb432a] [tenantId=default] [nio-8081-exec-2] c.liochio.common.advice.LoggingAspect    : [EXECUTION] com.liochio.common.i18n.MessageService.getMessage() hoàn tất trong 1 ms
2026-09-08 17:32:26.993  WARN [auth-service] [traceId=c494e9fb3fdb432a] [tenantId=default] [nio-8081-exec-2] c.liochio.common.advice.LoggingAspect    : [SLOW_EXECUTION] com.liochio.auth.controller.AuthController.login() thực thi mất 1153 ms
2026-09-08 17:32:27.082 DEBUG [auth-service] [traceId=d318a4581e534f3c] [tenantId=default] [nio-8081-exec-1] com.liochio.common.filter.TenantFilter   : [TenantFilter] Đã nạp Tenant ID: 'default' cho URI: /api/v1/auth/register
2026-09-08 17:32:27.678 DEBUG [auth-service] [traceId=d318a4581e534f3c] [tenantId=default] [nio-8081-exec-1] c.liochio.common.advice.LoggingAspect    : [EXECUTION] com.liochio.auth.service.OtpService.generateAndSaveOtp() hoàn tất trong 298 ms
2026-09-08 17:32:27.687  INFO [auth-service] [traceId=d318a4581e534f3c] [tenantId=default] [nio-8081-exec-1] com.liochio.auth.service.DeviceService   : [DeviceService] Tạo mới thiết bị: User=10, DeviceId=fp_9e909d55d2c34ddb, Trusted=true
2026-09-08 17:32:27.691 DEBUG [auth-service] [traceId=d318a4581e534f3c] [tenantId=default] [nio-8081-exec-1] c.liochio.common.advice.LoggingAspect    : [EXECUTION] com.liochio.auth.service.DeviceService.getOrCreateDevice() hoàn tất trong 13 ms
2026-09-08 17:32:27.710  INFO [auth-service] [traceId=d318a4581e534f3c] [tenantId=default] [nio-8081-exec-1] c.liochio.common.outbox.OutboxPublisher  : [OutboxPublisher] Đã lưu sự kiện Outbox: Type='USER_REGISTERED', AggregateId='10'
2026-09-08 17:32:27.712  INFO [auth-service] [traceId=d318a4581e534f3c] [tenantId=default] [nio-8081-exec-1] com.liochio.auth.service.AuthService     : [AuthService] Đăng ký tài khoản thành công: ID=10, User='v2user_04bdf9' (Chờ kích hoạt OTP)
2026-09-08 17:32:27.714 DEBUG [auth-service] [traceId=d318a4581e534f3c] [tenantId=default] [nio-8081-exec-1] c.liochio.common.advice.LoggingAspect    : [EXECUTION] com.liochio.auth.service.AuthService.register() hoàn tất trong 605 ms
2026-09-08 17:32:27.727 DEBUG [auth-service] [traceId=d318a4581e534f3c] [tenantId=default] [nio-8081-exec-1] c.liochio.common.advice.LoggingAspect    : [EXECUTION] com.liochio.common.i18n.MessageService.getMessage() hoàn tất trong 0 ms
2026-09-08 17:32:27.729 DEBUG [auth-service] [traceId=d318a4581e534f3c] [tenantId=default] [nio-8081-exec-1] c.liochio.common.advice.LoggingAspect    : [EXECUTION] com.liochio.auth.controller.AuthController.register() hoàn tất trong 621 ms
2026-09-08 17:32:27.775 DEBUG [auth-service] [traceId=b63342c789254cba] [tenantId=default] [nio-8081-exec-3] com.liochio.common.filter.TenantFilter   : [TenantFilter] Đã nạp Tenant ID: 'default' cho URI: /api/v1/auth/verify-otp
2026-09-08 17:32:28.073  WARN [auth-service] [traceId=b63342c789254cba] [tenantId=default] [nio-8081-exec-3] com.liochio.auth.service.OtpService      : [OtpService] otp-service không khả dụng ([400] during [POST] to [http://localhost:8094/api/v1/otp/verify] [OtpServiceClient#verifyOtp(OtpVerifyRequest)]: [{"status":1010,"message":"Mã OTP không chính xác. Bạn còn 2 lần thử.","timestamp":"2026-09-08T10:32:28.061782600Z"}]), kiểm tra Fallback OTP Cache
2026-09-08 17:32:28.079 ERROR [auth-service] [traceId=b63342c789254cba] [tenantId=default] [nio-8081-exec-3] c.liochio.common.advice.LoggingAspect    : [EXCEPTION] com.liochio.auth.service.OtpService.verifyOtp() ném ngoại lệ sau 286 ms: Mã xác thực OTP không chính xác hoặc đã hết hạn
2026-09-08 17:32:28.079 ERROR [auth-service] [traceId=b63342c789254cba] [tenantId=default] [nio-8081-exec-3] c.liochio.common.advice.LoggingAspect    : [EXCEPTION] com.liochio.auth.service.AuthService.verifyRegistrationOtp() ném ngoại lệ sau 294 ms: Mã xác thực OTP không chính xác hoặc đã hết hạn
2026-09-08 17:32:28.082 ERROR [auth-service] [traceId=b63342c789254cba] [tenantId=default] [nio-8081-exec-3] c.liochio.common.advice.LoggingAspect    : [EXCEPTION] com.liochio.auth.controller.AuthController.verifyOtp() ném ngoại lệ sau 298 ms: Mã xác thực OTP không chính xác hoặc đã hết hạn
2026-09-08 17:32:28.091  WARN [auth-service] [traceId=b63342c789254cba] [tenantId=default] [nio-8081-exec-3] c.l.c.exception.GlobalExceptionHandler   : [AppException] Code: 1010 - Message: Mã xác thực OTP không chính xác hoặc đã hết hạn
2026-09-08 17:32:28.170 DEBUG [auth-service] [traceId=1e994177d2594d77] [tenantId=default] [nio-8081-exec-4] com.liochio.common.filter.TenantFilter   : [TenantFilter] Đã nạp Tenant ID: 'default' cho URI: /api/v1/auth/verify-otp
2026-09-08 17:32:28.465  INFO [auth-service] [traceId=1e994177d2594d77] [tenantId=default] [nio-8081-exec-4] com.liochio.auth.service.OtpService      : [OtpService] Xác thực OTP thành công qua otp-service cho User ID=10, Purpose=REGISTRATION
2026-09-08 17:32:28.466 DEBUG [auth-service] [traceId=1e994177d2594d77] [tenantId=default] [nio-8081-exec-4] c.liochio.common.advice.LoggingAspect    : [EXECUTION] com.liochio.auth.service.OtpService.verifyOtp() hoàn tất trong 288 ms
2026-09-08 17:32:28.469  INFO [auth-service] [traceId=1e994177d2594d77] [tenantId=default] [nio-8081-exec-4] c.l.a.service.UserProvisioningService    : [UserProvisioningService] Bắt đầu cấp phát tài khoản sổ cái & đồng bộ ví cho User ID: 10, Username: 'v2user_04bdf9'
2026-09-08 17:32:28.506  INFO [auth-service] [traceId=1e994177d2594d77] [tenantId=default] [nio-8081-exec-4] c.l.a.service.UserProvisioningService    : [UserProvisioningService] -> Đồng bộ hoàn tất liochio_fintech_db cho User ID: 10
2026-09-08 17:32:28.508  INFO [auth-service] [traceId=1e994177d2594d77] [tenantId=default] [nio-8081-exec-4] c.l.a.service.UserProvisioningService    : [UserProvisioningService] ✅ Cấp phát và đồng bộ thành công cho User ID: 10
2026-09-08 17:32:28.508 DEBUG [auth-service] [traceId=1e994177d2594d77] [tenantId=default] [nio-8081-exec-4] c.liochio.common.advice.LoggingAspect    : [EXECUTION] com.liochio.auth.service.UserProvisioningService.provisionUserAccounts() hoàn tất trong 40 ms
2026-09-08 17:32:28.509  INFO [auth-service] [traceId=1e994177d2594d77] [tenantId=default] [nio-8081-exec-4] com.liochio.auth.service.AuthService     : [AuthService] Kích hoạt thành công tài khoản: ID=10, User='v2user_04bdf9'
2026-09-08 17:32:28.509 DEBUG [auth-service] [traceId=1e994177d2594d77] [tenantId=default] [nio-8081-exec-4] c.liochio.common.advice.LoggingAspect    : [EXECUTION] com.liochio.auth.service.AuthService.verifyRegistrationOtp() hoàn tất trong 335 ms
2026-09-08 17:32:28.518 DEBUG [auth-service] [traceId=1e994177d2594d77] [tenantId=default] [nio-8081-exec-4] c.liochio.common.advice.LoggingAspect    : [EXECUTION] com.liochio.common.i18n.MessageService.getMessage() hoàn tất trong 0 ms
2026-09-08 17:32:28.518 DEBUG [auth-service] [traceId=1e994177d2594d77] [tenantId=default] [nio-8081-exec-4] c.liochio.common.advice.LoggingAspect    : [EXECUTION] com.liochio.auth.controller.AuthController.verifyOtp() hoàn tất trong 345 ms
2026-09-08 17:32:28.689 DEBUG [auth-service] [traceId=4469327fa25443c1] [tenantId=default] [nio-8081-exec-5] com.liochio.common.filter.TenantFilter   : [TenantFilter] Đã nạp Tenant ID: 'default' cho URI: /api/v1/auth/login
2026-09-08 17:32:28.707 DEBUG [auth-service] [traceId=4469327fa25443c1] [tenantId=default] [nio-8081-exec-5] c.liochio.common.advice.LoggingAspect    : [EXECUTION] com.liochio.common.service.SystemConfigService.getInt() hoàn tất trong 0 ms
2026-09-08 17:32:28.707 DEBUG [auth-service] [traceId=4469327fa25443c1] [tenantId=default] [nio-8081-exec-5] c.liochio.common.advice.LoggingAspect    : [EXECUTION] com.liochio.common.service.SystemConfigService.getInt() hoàn tất trong 0 ms
2026-09-08 17:32:28.973  INFO [auth-service] [traceId=4469327fa25443c1] [tenantId=default] [nio-8081-exec-5] c.l.auth.service.LoginSecurityService    : [LoginSecurityService] Đã ghi nhận lịch sử bảo mật: User='v2user_04bdf9', Status='SUCCESS', Reason='Đăng nhập thành công'
2026-09-08 17:32:28.973 DEBUG [auth-service] [traceId=4469327fa25443c1] [tenantId=default] [nio-8081-exec-5] c.liochio.common.advice.LoggingAspect    : [EXECUTION] com.liochio.auth.service.LoginSecurityService.recordSuccessfulLogin() hoàn tất trong 5 ms
2026-09-08 17:32:28.984  INFO [auth-service] [traceId=4469327fa25443c1] [tenantId=default] [nio-8081-exec-5] com.liochio.auth.service.DeviceService   : [DeviceService] Tạo mới thiết bị: User=10, DeviceId=device_v2_tester_01, Trusted=false
2026-09-08 17:32:28.986 DEBUG [auth-service] [traceId=4469327fa25443c1] [tenantId=default] [nio-8081-exec-5] c.liochio.common.advice.LoggingAspect    : [EXECUTION] com.liochio.auth.service.DeviceService.getOrCreateDevice() hoàn tất trong 8 ms
2026-09-08 17:32:28.991  INFO [auth-service] [traceId=4469327fa25443c1] [tenantId=default] [nio-8081-exec-5] c.l.auth.service.LoginSecurityService    : [LoginSecurityService] Đã ghi nhận lịch sử bảo mật: User='v2user_04bdf9', Status='UNTRUSTED_DEVICE_CHALLENGE', Reason='Phát hiện thiết bị lạ: device_v2_tester_01'
2026-09-08 17:32:28.991 DEBUG [auth-service] [traceId=4469327fa25443c1] [tenantId=default] [nio-8081-exec-5] c.liochio.common.advice.LoggingAspect    : [EXECUTION] com.liochio.auth.service.LoginSecurityService.recordDeviceChallenge() hoàn tất trong 3 ms
2026-09-08 17:32:29.287 DEBUG [auth-service] [traceId=4469327fa25443c1] [tenantId=default] [nio-8081-exec-5] c.liochio.common.advice.LoggingAspect    : [EXECUTION] com.liochio.auth.service.OtpService.generateAndSaveOtp() hoàn tất trong 293 ms
2026-09-08 17:32:29.288  WARN [auth-service] [traceId=4469327fa25443c1] [tenantId=default] [nio-8081-exec-5] com.liochio.auth.service.AuthService     : [AuthService] Yêu cầu 2FA xác thực thiết bị mới cho User='v2user_04bdf9', DeviceId='device_v2_tester_01'
2026-09-08 17:32:29.288 DEBUG [auth-service] [traceId=4469327fa25443c1] [tenantId=default] [nio-8081-exec-5] c.liochio.common.advice.LoggingAspect    : [EXECUTION] com.liochio.auth.service.AuthService.login() hoàn tất trong 588 ms
2026-09-08 17:32:29.291 DEBUG [auth-service] [traceId=4469327fa25443c1] [tenantId=default] [nio-8081-exec-5] c.liochio.common.advice.LoggingAspect    : [EXECUTION] com.liochio.common.i18n.MessageService.getMessage() hoàn tất trong 0 ms
2026-09-08 17:32:29.291 DEBUG [auth-service] [traceId=4469327fa25443c1] [tenantId=default] [nio-8081-exec-5] c.liochio.common.advice.LoggingAspect    : [EXECUTION] com.liochio.auth.controller.AuthController.login() hoàn tất trong 591 ms
2026-09-08 17:32:29.350 DEBUG [auth-service] [traceId=f6f3970e37f84e71] [tenantId=default] [nio-8081-exec-6] com.liochio.common.filter.TenantFilter   : [TenantFilter] Đã nạp Tenant ID: 'default' cho URI: /api/v1/auth/verify-device-otp
2026-09-08 17:32:29.630  INFO [auth-service] [traceId=f6f3970e37f84e71] [tenantId=default] [nio-8081-exec-6] com.liochio.auth.service.OtpService      : [OtpService] Xác thực OTP thành công qua otp-service cho User ID=10, Purpose=DEVICE_TRUST
2026-09-08 17:32:29.630 DEBUG [auth-service] [traceId=f6f3970e37f84e71] [tenantId=default] [nio-8081-exec-6] c.liochio.common.advice.LoggingAspect    : [EXECUTION] com.liochio.auth.service.OtpService.verifyOtp() hoàn tất trong 266 ms
2026-09-08 17:32:29.637  INFO [auth-service] [traceId=f6f3970e37f84e71] [tenantId=default] [nio-8081-exec-6] com.liochio.auth.service.DeviceService   : [DeviceService] Đã gắn nhãn Tin Cậy (Trusted) cho thiết bị: User=10, DeviceId=device_v2_tester_01
2026-09-08 17:32:29.637 DEBUG [auth-service] [traceId=f6f3970e37f84e71] [tenantId=default] [nio-8081-exec-6] c.liochio.common.advice.LoggingAspect    : [EXECUTION] com.liochio.auth.service.DeviceService.trustDevice() hoàn tất trong 5 ms
2026-09-08 17:32:29.656 DEBUG [auth-service] [traceId=f6f3970e37f84e71] [tenantId=default] [nio-8081-exec-6] c.liochio.common.advice.LoggingAspect    : [EXECUTION] com.liochio.auth.service.SessionService.kickOutOtherMobileSessions() hoàn tất trong 2 ms
2026-09-08 17:32:29.659  INFO [auth-service] [traceId=f6f3970e37f84e71] [tenantId=default] [nio-8081-exec-6] c.liochio.auth.service.SessionService    : [SessionService] Tạo phiên mới: SessionID=sess_26fa374d9c0f49a998ca768f2be47f36, UserID=10, DeviceID=device_v2_tester_01
2026-09-08 17:32:29.659 DEBUG [auth-service] [traceId=f6f3970e37f84e71] [tenantId=default] [nio-8081-exec-6] c.liochio.common.advice.LoggingAspect    : [EXECUTION] com.liochio.auth.service.SessionService.createSession() hoàn tất trong 2 ms
2026-09-08 17:32:29.676 DEBUG [auth-service] [traceId=f6f3970e37f84e71] [tenantId=default] [nio-8081-exec-6] c.liochio.common.advice.LoggingAspect    : [EXECUTION] com.liochio.auth.service.AuthService.verifyDeviceOtp() hoàn tất trong 318 ms
2026-09-08 17:32:29.681 DEBUG [auth-service] [traceId=f6f3970e37f84e71] [tenantId=default] [nio-8081-exec-6] c.liochio.common.advice.LoggingAspect    : [EXECUTION] com.liochio.common.i18n.MessageService.getMessage() hoàn tất trong 0 ms
2026-09-08 17:32:29.681 DEBUG [auth-service] [traceId=f6f3970e37f84e71] [tenantId=default] [nio-8081-exec-6] c.liochio.common.advice.LoggingAspect    : [EXECUTION] com.liochio.auth.controller.AuthController.verifyDeviceOtp() hoàn tất trong 324 ms
2026-09-08 17:32:29.701 DEBUG [auth-service] [traceId=884396888ece4202] [tenantId=default] [nio-8081-exec-7] com.liochio.common.filter.TenantFilter   : [TenantFilter] Đã nạp Tenant ID: 'default' cho URI: /api/v1/auth/me
2026-09-08 17:32:29.707 DEBUG [auth-service] [traceId=884396888ece4202] [tenantId=default] [nio-8081-exec-7] c.l.c.security.TokenBlacklistService     : [TokenBlacklist] Kiểm tra Redis lỗi, tiếp tục: Unable to connect to Redis
2026-09-08 17:32:29.756 DEBUG [auth-service] [traceId=884396888ece4202] [tenantId=default] [nio-8081-exec-7] c.liochio.common.advice.LoggingAspect    : [EXECUTION] com.liochio.common.security.TokenBlacklistService.isBlacklisted() hoàn tất trong 54 ms
2026-09-08 17:32:29.772 DEBUG [auth-service] [traceId=884396888ece4202] [tenantId=default] [nio-8081-exec-7] c.liochio.common.advice.LoggingAspect    : [EXECUTION] com.liochio.auth.service.AuthService.getCurrentUser() hoàn tất trong 5 ms
2026-09-08 17:32:29.774 DEBUG [auth-service] [traceId=884396888ece4202] [tenantId=default] [nio-8081-exec-7] c.liochio.common.advice.LoggingAspect    : [EXECUTION] com.liochio.auth.controller.AuthController.getCurrentUser() hoàn tất trong 8 ms
2026-09-08 17:32:29.795 DEBUG [auth-service] [traceId=8a6db618c0ac4a06] [tenantId=default] [nio-8081-exec-8] com.liochio.common.filter.TenantFilter   : [TenantFilter] Đã nạp Tenant ID: 'default' cho URI: /api/v1/auth/refresh
2026-09-08 17:32:29.815  WARN [auth-service] [traceId=8a6db618c0ac4a06] [tenantId=default] [nio-8081-exec-8] c.l.c.security.TokenBlacklistService     : [TokenBlacklist] Không thể ghi Session vào Redis: Unable to connect to Redis
2026-09-08 17:32:29.816 DEBUG [auth-service] [traceId=8a6db618c0ac4a06] [tenantId=default] [nio-8081-exec-8] c.liochio.common.advice.LoggingAspect    : [EXECUTION] com.liochio.common.security.TokenBlacklistService.blacklistSession() hoàn tất trong 4 ms
2026-09-08 17:32:29.819  INFO [auth-service] [traceId=8a6db618c0ac4a06] [tenantId=default] [nio-8081-exec-8] c.liochio.auth.service.SessionService    : [SessionService] Tạo phiên mới: SessionID=sess_4d6cde3abdef4d4291ad5d29ad75f9b3, UserID=1, DeviceID=fp_9e909d55d2c34ddb
2026-09-08 17:32:29.819 DEBUG [auth-service] [traceId=8a6db618c0ac4a06] [tenantId=default] [nio-8081-exec-8] c.liochio.common.advice.LoggingAspect    : [EXECUTION] com.liochio.auth.service.SessionService.rotateSession() hoàn tất trong 12 ms
2026-09-08 17:32:29.836  INFO [auth-service] [traceId=8a6db618c0ac4a06] [tenantId=default] [nio-8081-exec-8] com.liochio.auth.service.AuthService     : [AuthService] Xoay vòng Token thành công: User='superadmin', SessionID='sess_4d6cde3abdef4d4291ad5d29ad75f9b3'
2026-09-08 17:32:29.837 DEBUG [auth-service] [traceId=8a6db618c0ac4a06] [tenantId=default] [nio-8081-exec-8] c.liochio.common.advice.LoggingAspect    : [EXECUTION] com.liochio.auth.service.AuthService.refreshToken() hoàn tất trong 36 ms
2026-09-08 17:32:29.845 DEBUG [auth-service] [traceId=8a6db618c0ac4a06] [tenantId=default] [nio-8081-exec-8] c.liochio.common.advice.LoggingAspect    : [EXECUTION] com.liochio.common.i18n.MessageService.getMessage() hoàn tất trong 0 ms
2026-09-08 17:32:29.845 DEBUG [auth-service] [traceId=8a6db618c0ac4a06] [tenantId=default] [nio-8081-exec-8] c.liochio.common.advice.LoggingAspect    : [EXECUTION] com.liochio.auth.controller.AuthController.refreshToken() hoàn tất trong 46 ms
2026-09-08 17:32:29.858 DEBUG [auth-service] [traceId=93b04c4fee8b4cb6] [tenantId=default] [nio-8081-exec-9] com.liochio.common.filter.TenantFilter   : [TenantFilter] Đã nạp Tenant ID: 'default' cho URI: /api/v1/auth/register
2026-09-08 17:32:29.870 DEBUG [auth-service] [traceId=93b04c4fee8b4cb6] [tenantId=default] [nio-8081-exec-9] c.liochio.common.advice.LoggingAspect    : [EXECUTION] com.liochio.common.i18n.MessageService.getMessage() hoàn tất trong 0 ms
2026-09-08 17:32:29.870  WARN [auth-service] [traceId=93b04c4fee8b4cb6] [tenantId=default] [nio-8081-exec-9] c.l.c.exception.GlobalExceptionHandler   : [ValidationException] Field errors: {email=Email không được để trống}
2026-09-08 17:32:29.885 DEBUG [auth-service] [traceId=ef8603d985e8486b] [tenantId=default] [io-8081-exec-10] com.liochio.common.filter.TenantFilter   : [TenantFilter] Đã nạp Tenant ID: 'default' cho URI: /api/v1/auth/register
2026-09-08 17:32:29.889 DEBUG [auth-service] [traceId=ef8603d985e8486b] [tenantId=default] [io-8081-exec-10] c.liochio.common.advice.LoggingAspect    : [EXECUTION] com.liochio.common.i18n.MessageService.getMessage() hoàn tất trong 0 ms
2026-09-08 17:32:29.890  WARN [auth-service] [traceId=ef8603d985e8486b] [tenantId=default] [io-8081-exec-10] c.l.c.exception.GlobalExceptionHandler   : [ValidationException] Field errors: {email=Định dạng email không hợp lệ}
2026-09-08 17:32:29.904 DEBUG [auth-service] [traceId=e0c0fe6734d44f1f] [tenantId=default] [nio-8081-exec-2] com.liochio.common.filter.TenantFilter   : [TenantFilter] Đã nạp Tenant ID: 'default' cho URI: /api/v1/auth/register
2026-09-08 17:32:29.907 DEBUG [auth-service] [traceId=e0c0fe6734d44f1f] [tenantId=default] [nio-8081-exec-2] c.liochio.common.advice.LoggingAspect    : [EXECUTION] com.liochio.common.i18n.MessageService.getMessage() hoàn tất trong 0 ms
2026-09-08 17:32:29.908  WARN [auth-service] [traceId=e0c0fe6734d44f1f] [tenantId=default] [nio-8081-exec-2] c.l.c.exception.GlobalExceptionHandler   : [ValidationException] Field errors: {password=Mật khẩu phải từ 6 ký tự trở lên}
2026-09-08 17:32:29.925 DEBUG [auth-service] [traceId=cc8f438638e24795] [tenantId=default] [nio-8081-exec-1] com.liochio.common.filter.TenantFilter   : [TenantFilter] Đã nạp Tenant ID: 'default' cho URI: /api/v1/auth/register
2026-09-08 17:32:29.934 ERROR [auth-service] [traceId=cc8f438638e24795] [tenantId=default] [nio-8081-exec-1] c.liochio.common.advice.LoggingAspect    : [EXCEPTION] com.liochio.auth.service.AuthService.register() ném ngoại lệ sau 5 ms: Tài khoản đã tồn tại
2026-09-08 17:32:29.935 ERROR [auth-service] [traceId=cc8f438638e24795] [tenantId=default] [nio-8081-exec-1] c.liochio.common.advice.LoggingAspect    : [EXCEPTION] com.liochio.auth.controller.AuthController.register() ném ngoại lệ sau 6 ms: Tài khoản đã tồn tại
2026-09-08 17:32:29.942 DEBUG [auth-service] [traceId=cc8f438638e24795] [tenantId=default] [nio-8081-exec-1] c.liochio.common.advice.LoggingAspect    : [EXECUTION] com.liochio.common.i18n.MessageService.getMessage() hoàn tất trong 0 ms
2026-09-08 17:32:29.944  WARN [auth-service] [traceId=cc8f438638e24795] [tenantId=default] [nio-8081-exec-1] c.l.c.exception.GlobalExceptionHandler   : [AppException] Code: 1006 - Message: Tài khoản hoặc email đã tồn tại trên hệ thống
2026-09-08 17:32:29.960 DEBUG [auth-service] [traceId=5269887367494a81] [tenantId=default] [nio-8081-exec-3] com.liochio.common.filter.TenantFilter   : [TenantFilter] Đã nạp Tenant ID: 'default' cho URI: /api/v1/auth/me
2026-09-08 17:32:29.965 DEBUG [auth-service] [traceId=5269887367494a81] [tenantId=default] [nio-8081-exec-3] c.l.c.security.TokenBlacklistService     : [TokenBlacklist] Kiểm tra Redis lỗi, tiếp tục: Unable to connect to Redis
2026-09-08 17:32:29.968 DEBUG [auth-service] [traceId=5269887367494a81] [tenantId=default] [nio-8081-exec-3] c.liochio.common.advice.LoggingAspect    : [EXECUTION] com.liochio.common.security.TokenBlacklistService.isBlacklisted() hoàn tất trong 7 ms
2026-09-08 17:32:29.971  WARN [auth-service] [traceId=5269887367494a81] [tenantId=default] [nio-8081-exec-3] com.liochio.common.security.JwtUtils     : [JwtUtils] Token không hợp lệ hoặc đã hết hạn: Unable to verify RS256 signature with JCA algorithm 'SHA256withRSA' using key {Sun RSA public key, 2048 bits
  params: null
  modulus: 25027314363202909346517332645411421990058396615278005871484208316680389592109252327337715574144237091142280386288102213028762059672701808813372046756085592018355560867288457061162325568869093299304317743511009541123491365488218181893341353187837816690219021283541288488651739798134878132850680235502065475121368311692313566100785273179235699509545158762983981536054036671953242119350360055274785177532153425830791958578807599111423565624876311298471457465387864241251449233963027032167838613024987612607035765075693802046009269312442454194945130962108361444143652545970673521498361974294463902529732297783613579954209
  public exponent: 65537}: Signature callback execution failed: Bad signature length: got 6 but was expecting 256
2026-09-08 17:32:29.976  WARN [auth-service] [traceId=5269887367494a81] [tenantId=default] [nio-8081-exec-3] c.l.c.s.CustomAuthenticationEntryPoint   : [AuthenticationEntryPoint] 401 Unauthorized tại URI: /api/v1/auth/me - Lý do: Full authentication is required to access this resource
2026-09-08 17:32:29.977 DEBUG [auth-service] [traceId=5269887367494a81] [tenantId=default] [nio-8081-exec-3] c.liochio.common.advice.LoggingAspect    : [EXECUTION] com.liochio.common.i18n.MessageService.getMessage() hoàn tất trong 0 ms
2026-09-08 17:32:32.241 DEBUG [auth-service] [traceId=cbb62f059dbc46b5] [tenantId=default] [nio-8081-exec-4] com.liochio.common.filter.TenantFilter   : [TenantFilter] Đã nạp Tenant ID: 'default' cho URI: /.well-known/jwks.json
2026-09-08 17:32:32.242 DEBUG [auth-service] [traceId=cbb62f059dbc46b5] [tenantId=default] [nio-8081-exec-4] c.liochio.common.advice.LoggingAspect    : [EXECUTION] com.liochio.auth.controller.JwksController.getJwks() hoàn tất trong 0 ms
2026-09-08 20:44:19.948  INFO [payment-service] [traceId=NO_TRACE] [tenantId=default] [           main] c.l.payment.PaymentServiceApplication    : Starting PaymentServiceApplication v1.0.0-SNAPSHOT using Java 17.0.17 with PID 17124 (D:\Github\Back-end\Microservice\SpringBoot\payment-service\target\payment-service-1.0.0-SNAPSHOT.jar started by Liochio in D:\Github\Back-end\Microservice)
2026-09-08 20:44:19.953 DEBUG [payment-service] [traceId=NO_TRACE] [tenantId=default] [           main] c.l.payment.PaymentServiceApplication    : Running with Spring Boot v3.4.3, Spring v6.2.3
2026-09-08 20:44:19.954  INFO [payment-service] [traceId=NO_TRACE] [tenantId=default] [           main] c.l.payment.PaymentServiceApplication    : No active profile set, falling back to 1 default profile: "default"
2026-09-08 20:44:20.020  INFO [payment-service] [traceId=NO_TRACE] [tenantId=default] [           main] o.s.c.c.c.ConfigServerConfigDataLoader   : Fetching config from server at : http://localhost:8888/
2026-09-08 20:44:20.020  INFO [payment-service] [traceId=NO_TRACE] [tenantId=default] [           main] o.s.c.c.c.ConfigServerConfigDataLoader   : Exception on Url - http://localhost:8888/:org.springframework.web.client.ResourceAccessException: I/O error on GET request for "http://localhost:8888/payment-service/default": Connection refused: no further information. Will be trying the next url if available
2026-09-08 20:44:20.020  WARN [payment-service] [traceId=NO_TRACE] [tenantId=default] [           main] o.s.c.c.c.ConfigServerConfigDataLoader   : Could not locate PropertySource ([ConfigServerConfigDataResource@1b1637e1 uris = array<String>['http://localhost:8888/'], optional = true, profiles = 'default']): I/O error on GET request for "http://localhost:8888/payment-service/default": Connection refused: no further information
2026-09-08 20:44:20.020  INFO [payment-service] [traceId=NO_TRACE] [tenantId=default] [           main] o.s.c.c.c.ConfigServerConfigDataLoader   : Fetching config from server at : http://localhost:8888/
2026-09-08 20:44:20.020  INFO [payment-service] [traceId=NO_TRACE] [tenantId=default] [           main] o.s.c.c.c.ConfigServerConfigDataLoader   : Exception on Url - http://localhost:8888/:org.springframework.web.client.ResourceAccessException: I/O error on GET request for "http://localhost:8888/payment-service/default": Connection refused: no further information. Will be trying the next url if available
2026-09-08 20:44:20.020  WARN [payment-service] [traceId=NO_TRACE] [tenantId=default] [           main] o.s.c.c.c.ConfigServerConfigDataLoader   : Could not locate PropertySource ([ConfigServerConfigDataResource@73386d72 uris = array<String>['http://localhost:8888/'], optional = true, profiles = 'default']): I/O error on GET request for "http://localhost:8888/payment-service/default": Connection refused: no further information
2026-09-08 20:44:20.022  INFO [payment-service] [traceId=NO_TRACE] [tenantId=default] [           main] o.s.c.c.c.ConfigServerConfigDataLoader   : Fetching config from server at : http://localhost:8888/
2026-09-08 20:44:20.023  INFO [payment-service] [traceId=NO_TRACE] [tenantId=default] [           main] o.s.c.c.c.ConfigServerConfigDataLoader   : Exception on Url - http://localhost:8888/:org.springframework.web.client.ResourceAccessException: I/O error on GET request for "http://localhost:8888/payment-service/default": Connection refused: no further information. Will be trying the next url if available
2026-09-08 20:44:20.023  WARN [payment-service] [traceId=NO_TRACE] [tenantId=default] [           main] o.s.c.c.c.ConfigServerConfigDataLoader   : Could not locate PropertySource ([ConfigServerConfigDataResource@6f330eb9 uris = array<String>['http://localhost:8888/'], optional = true, profiles = 'default']): I/O error on GET request for "http://localhost:8888/payment-service/default": Connection refused: no further information
2026-09-08 20:44:21.216  INFO [payment-service] [traceId=NO_TRACE] [tenantId=default] [           main] .s.d.r.c.RepositoryConfigurationDelegate : Multiple Spring Data modules found, entering strict repository configuration mode
2026-09-08 20:44:21.216  INFO [payment-service] [traceId=NO_TRACE] [tenantId=default] [           main] .s.d.r.c.RepositoryConfigurationDelegate : Bootstrapping Spring Data JPA repositories in DEFAULT mode.
2026-09-08 20:44:21.437  INFO [payment-service] [traceId=NO_TRACE] [tenantId=default] [           main] .s.d.r.c.RepositoryConfigurationDelegate : Finished Spring Data repository scanning in 211 ms. Found 10 JPA repository interfaces.
2026-09-08 20:44:22.036  INFO [payment-service] [traceId=NO_TRACE] [tenantId=default] [           main] .s.d.r.c.RepositoryConfigurationDelegate : Multiple Spring Data modules found, entering strict repository configuration mode
2026-09-08 20:44:22.037  INFO [payment-service] [traceId=NO_TRACE] [tenantId=default] [           main] .s.d.r.c.RepositoryConfigurationDelegate : Bootstrapping Spring Data Redis repositories in DEFAULT mode.
2026-09-08 20:44:22.076  INFO [payment-service] [traceId=NO_TRACE] [tenantId=default] [           main] .RepositoryConfigurationExtensionSupport : Spring Data Redis - Could not safely identify store assignment for repository candidate interface com.liochio.payment.repository.BookingRepository; If you want this repository to be a Redis repository, consider annotating your entities with one of these annotations: org.springframework.data.redis.core.RedisHash (preferred), or consider extending one of the following types with your repository: org.springframework.data.keyvalue.repository.KeyValueRepository
2026-09-08 20:44:22.078  INFO [payment-service] [traceId=NO_TRACE] [tenantId=default] [           main] .RepositoryConfigurationExtensionSupport : Spring Data Redis - Could not safely identify store assignment for repository candidate interface com.liochio.payment.repository.PaymentOrderRepository; If you want this repository to be a Redis repository, consider annotating your entities with one of these annotations: org.springframework.data.redis.core.RedisHash (preferred), or consider extending one of the following types with your repository: org.springframework.data.keyvalue.repository.KeyValueRepository
2026-09-08 20:44:22.078  INFO [payment-service] [traceId=NO_TRACE] [tenantId=default] [           main] .RepositoryConfigurationExtensionSupport : Spring Data Redis - Could not safely identify store assignment for repository candidate interface com.liochio.payment.repository.PaymentTransactionRepository; If you want this repository to be a Redis repository, consider annotating your entities with one of these annotations: org.springframework.data.redis.core.RedisHash (preferred), or consider extending one of the following types with your repository: org.springframework.data.keyvalue.repository.KeyValueRepository
2026-09-08 20:44:22.079  INFO [payment-service] [traceId=NO_TRACE] [tenantId=default] [           main] .RepositoryConfigurationExtensionSupport : Spring Data Redis - Could not safely identify store assignment for repository candidate interface com.liochio.payment.repository.TenantPaymentConfigRepository; If you want this repository to be a Redis repository, consider annotating your entities with one of these annotations: org.springframework.data.redis.core.RedisHash (preferred), or consider extending one of the following types with your repository: org.springframework.data.keyvalue.repository.KeyValueRepository
2026-09-08 20:44:22.080  INFO [payment-service] [traceId=NO_TRACE] [tenantId=default] [           main] .s.d.r.c.RepositoryConfigurationDelegate : Finished Spring Data repository scanning in 26 ms. Found 0 Redis repository interfaces.
2026-09-08 20:44:23.039  INFO [payment-service] [traceId=NO_TRACE] [tenantId=default] [           main] o.s.cloud.context.scope.GenericScope     : BeanFactory id=2c7af4ab-596a-3a4e-945e-e4e5ab68e0a8
2026-09-08 20:44:24.400  INFO [payment-service] [traceId=NO_TRACE] [tenantId=default] [           main] o.s.b.w.embedded.tomcat.TomcatWebServer  : Tomcat initialized with port 8085 (http)
2026-09-08 20:44:24.419  INFO [payment-service] [traceId=NO_TRACE] [tenantId=default] [           main] o.apache.catalina.core.StandardService   : Starting service [Tomcat]
2026-09-08 20:44:24.419  INFO [payment-service] [traceId=NO_TRACE] [tenantId=default] [           main] o.apache.catalina.core.StandardEngine    : Starting Servlet engine: [Apache Tomcat/10.1.36]
2026-09-08 20:44:24.460  INFO [payment-service] [traceId=NO_TRACE] [tenantId=default] [           main] o.a.c.c.C.[Tomcat].[localhost].[/]       : Initializing Spring embedded WebApplicationContext
2026-09-08 20:44:24.460  INFO [payment-service] [traceId=NO_TRACE] [tenantId=default] [           main] w.s.c.ServletWebServerApplicationContext : Root WebApplicationContext: initialization completed in 4433 ms
2026-09-08 20:44:24.862  INFO [payment-service] [traceId=NO_TRACE] [tenantId=default] [           main] com.zaxxer.hikari.HikariDataSource       : HikariPool-1 - Starting...
2026-09-08 20:44:25.041  INFO [payment-service] [traceId=NO_TRACE] [tenantId=default] [           main] com.zaxxer.hikari.pool.HikariPool        : HikariPool-1 - Added connection com.mysql.cj.jdbc.ConnectionImpl@4d6027be
2026-09-08 20:44:25.044  INFO [payment-service] [traceId=NO_TRACE] [tenantId=default] [           main] com.zaxxer.hikari.HikariDataSource       : HikariPool-1 - Start completed.
2026-09-08 20:44:25.104  INFO [payment-service] [traceId=NO_TRACE] [tenantId=default] [           main] org.flywaydb.core.FlywayExecutor         : Database: jdbc:mysql://localhost:3306/liochio_payment_db?useSSL=false&serverTimezone=UTC&allowPublicKeyRetrieval=true&createDatabaseIfNotExist=true&characterEncoding=UTF-8 (MySQL 8.0)
2026-09-08 20:44:25.160  INFO [payment-service] [traceId=NO_TRACE] [tenantId=default] [           main] o.f.c.i.s.JdbcTableSchemaHistory         : Schema history table `liochio_payment_db`.`flyway_schema_history_payment` does not exist yet
2026-09-08 20:44:25.164  INFO [payment-service] [traceId=NO_TRACE] [tenantId=default] [           main] o.f.core.internal.command.DbValidate     : Successfully validated 3 migrations (execution time 00:00.031s)
2026-09-08 20:44:25.213  INFO [payment-service] [traceId=NO_TRACE] [tenantId=default] [           main] o.f.c.i.s.JdbcTableSchemaHistory         : Creating Schema History table `liochio_payment_db`.`flyway_schema_history_payment` with baseline ...
2026-09-08 20:44:25.286  INFO [payment-service] [traceId=NO_TRACE] [tenantId=default] [           main] o.f.core.internal.command.DbBaseline     : Successfully baselined schema with version: 1
2026-09-08 20:44:25.310  INFO [payment-service] [traceId=NO_TRACE] [tenantId=default] [           main] o.f.core.internal.command.DbMigrate      : Current version of schema `liochio_payment_db`: 1
2026-09-08 20:44:25.319  INFO [payment-service] [traceId=NO_TRACE] [tenantId=default] [           main] o.f.core.internal.command.DbMigrate      : Migrating schema `liochio_payment_db` to version "2 - create outbox events"
2026-09-08 20:44:25.331  WARN [payment-service] [traceId=NO_TRACE] [tenantId=default] [           main] o.f.c.i.s.DefaultSqlScriptExecutor       : DB: Table 'outbox_events' already exists (SQL State: 42S01 - Error Code: 1050)
2026-09-08 20:44:25.360  INFO [payment-service] [traceId=NO_TRACE] [tenantId=default] [           main] o.f.core.internal.command.DbMigrate      : Migrating schema `liochio_payment_db` to version "3 - create bookings and payment configs"
2026-09-08 20:44:25.369  WARN [payment-service] [traceId=NO_TRACE] [tenantId=default] [           main] o.f.c.i.s.DefaultSqlScriptExecutor       : DB: Table 'bookings' already exists (SQL State: 42S01 - Error Code: 1050)
2026-09-08 20:44:25.375  WARN [payment-service] [traceId=NO_TRACE] [tenantId=default] [           main] o.f.c.i.s.DefaultSqlScriptExecutor       : DB: Table 'tenant_payment_configs' already exists (SQL State: 42S01 - Error Code: 1050)
2026-09-08 20:44:25.379  WARN [payment-service] [traceId=NO_TRACE] [tenantId=default] [           main] o.f.c.i.s.DefaultSqlScriptExecutor       : DB: Table 'payment_transactions' already exists (SQL State: 42S01 - Error Code: 1050)
2026-09-08 20:44:25.402  INFO [payment-service] [traceId=NO_TRACE] [tenantId=default] [           main] o.f.core.internal.command.DbMigrate      : Successfully applied 2 migrations to schema `liochio_payment_db`, now at version v3 (execution time 00:00.036s)
2026-09-08 20:44:25.740  INFO [payment-service] [traceId=NO_TRACE] [tenantId=default] [           main] o.hibernate.jpa.internal.util.LogHelper  : HHH000204: Processing PersistenceUnitInfo [name: default]
2026-09-08 20:44:25.872  INFO [payment-service] [traceId=NO_TRACE] [tenantId=default] [           main] org.hibernate.Version                    : HHH000412: Hibernate ORM core version 6.6.8.Final
2026-09-08 20:44:25.939  INFO [payment-service] [traceId=NO_TRACE] [tenantId=default] [           main] o.h.c.internal.RegionFactoryInitiator    : HHH000026: Second-level cache disabled
2026-09-08 20:44:26.542  INFO [payment-service] [traceId=NO_TRACE] [tenantId=default] [           main] o.s.o.j.p.SpringPersistenceUnitInfo      : No LoadTimeWeaver setup: ignoring JPA class transformer
2026-09-08 20:44:26.612  WARN [payment-service] [traceId=NO_TRACE] [tenantId=default] [           main] org.hibernate.orm.deprecation            : HHH90000025: MySQLDialect does not need to be specified explicitly using 'hibernate.dialect' (remove the property setting and it will be selected by default)
2026-09-08 20:44:26.633  INFO [payment-service] [traceId=NO_TRACE] [tenantId=default] [           main] org.hibernate.orm.connections.pooling    : HHH10001005: Database info:
	Database JDBC URL [Connecting through datasource 'HikariDataSource (HikariPool-1)']
	Database driver: undefined/unknown
	Database version: 8.0.33
	Autocommit mode: undefined/unknown
	Isolation level: undefined/unknown
	Minimum pool size: undefined/unknown
	Maximum pool size: undefined/unknown
2026-09-08 20:44:28.188  INFO [payment-service] [traceId=NO_TRACE] [tenantId=default] [           main] o.h.e.t.j.p.i.JtaPlatformInitiator       : HHH000489: No JTA platform available (set 'hibernate.transaction.jta.platform' to enable JTA platform integration)
2026-09-08 20:44:28.709  INFO [payment-service] [traceId=NO_TRACE] [tenantId=default] [           main] j.LocalContainerEntityManagerFactoryBean : Initialized JPA EntityManagerFactory for persistence unit 'default'
2026-09-08 20:44:29.179  INFO [payment-service] [traceId=NO_TRACE] [tenantId=default] [           main] com.liochio.common.security.JwtUtils     : [JwtUtils] Loaded RSA Private Key successfully from classpath:certs/rsa-private.pem
2026-09-08 20:44:29.179  INFO [payment-service] [traceId=NO_TRACE] [tenantId=default] [           main] com.liochio.common.security.JwtUtils     : [JwtUtils] Loaded RSA Public Key successfully from classpath:certs/rsa-public.pem
2026-09-08 20:44:29.842 DEBUG [payment-service] [traceId=NO_TRACE] [tenantId=default] [           main] c.l.c.security.JwtAuthenticationFilter   : Filter 'jwtAuthenticationFilter' configured for use
2026-09-08 20:44:29.844 DEBUG [payment-service] [traceId=NO_TRACE] [tenantId=default] [           main] c.liochio.common.filter.MdcTraceFilter   : Filter 'mdcTraceFilter' configured for use
2026-09-08 20:44:29.844 DEBUG [payment-service] [traceId=NO_TRACE] [tenantId=default] [           main] com.liochio.common.filter.TenantFilter   : Filter 'tenantFilter' configured for use
2026-09-08 20:44:29.844 DEBUG [payment-service] [traceId=NO_TRACE] [tenantId=default] [           main] c.l.common.filter.AuditLoggingFilter     : Filter 'auditLoggingFilter' configured for use
2026-09-08 20:44:30.066  INFO [payment-service] [traceId=NO_TRACE] [tenantId=default] [           main] o.s.d.j.r.query.QueryEnhancerFactory     : Hibernate is in classpath; If applicable, HQL parser will be used.
2026-09-08 20:44:31.485  WARN [payment-service] [traceId=NO_TRACE] [tenantId=default] [           main] .s.s.UserDetailsServiceAutoConfiguration : 

Using generated security password: 4be6190a-9fa7-4c08-bf59-e2fa9899ccb4

This generated password is for development use only. Your security configuration must be updated before running your application in production.

2026-09-08 20:44:31.521  INFO [payment-service] [traceId=NO_TRACE] [tenantId=default] [           main] r$InitializeUserDetailsManagerConfigurer : Global AuthenticationManager configured with UserDetailsService bean with name inMemoryUserDetailsManager
2026-09-08 20:44:35.885  INFO [payment-service] [traceId=NO_TRACE] [tenantId=default] [           main] o.s.cloud.commons.util.InetUtils         : Cannot determine local hostname
2026-09-08 20:44:37.103  INFO [payment-service] [traceId=NO_TRACE] [tenantId=default] [           main] o.s.cloud.commons.util.InetUtils         : Cannot determine local hostname
2026-09-08 20:44:37.186  INFO [payment-service] [traceId=NO_TRACE] [tenantId=default] [           main] DiscoveryClientOptionalArgsConfiguration : Eureka HTTP Client uses RestTemplate.
2026-09-08 20:44:37.510  INFO [payment-service] [traceId=NO_TRACE] [tenantId=default] [           main] o.s.c.n.eureka.InstanceInfoFactory       : Setting initial instance status as: STARTING
2026-09-08 20:44:38.032  WARN [payment-service] [traceId=NO_TRACE] [tenantId=default] [           main] c.n.d.s.t.d.RetryableEurekaHttpClient    : Request execution failed with message: I/O error on GET request for "http://localhost:8761/eureka/apps/": Connect to http://localhost:8761 [localhost/127.0.0.1, localhost/0:0:0:0:0:0:0:1] failed: Connection refused: no further information
2026-09-08 20:44:38.032  WARN [payment-service] [traceId=NO_TRACE] [tenantId=default] [           main] com.netflix.discovery.DiscoveryClient    : Using default backup registry implementation which does not do anything.
2026-09-08 20:44:38.071  INFO [payment-service] [traceId=NO_TRACE] [tenantId=default] [           main] o.s.c.n.e.s.EurekaServiceRegistry        : Registering application PAYMENT-SERVICE with eureka with status UP
2026-09-08 20:44:38.093  INFO [payment-service] [traceId=NO_TRACE] [tenantId=default] [           main] o.s.b.w.embedded.tomcat.TomcatWebServer  : Tomcat started on port 8085 (http) with context path '/'
2026-09-08 20:44:38.094  INFO [payment-service] [traceId=NO_TRACE] [tenantId=default] [           main] .s.c.n.e.s.EurekaAutoServiceRegistration : Updating port to 8085
2026-09-08 20:44:38.122  WARN [payment-service] [traceId=NO_TRACE] [tenantId=default] [foReplicator-%d] c.n.d.s.t.d.RetryableEurekaHttpClient    : Request execution failed with message: I/O error on POST request for "http://localhost:8761/eureka/apps/PAYMENT-SERVICE": Connect to http://localhost:8761 [localhost/127.0.0.1, localhost/0:0:0:0:0:0:0:1] failed: Connection refused: no further information
2026-09-08 20:44:38.122  WARN [payment-service] [traceId=NO_TRACE] [tenantId=default] [foReplicator-%d] com.netflix.discovery.DiscoveryClient    : DiscoveryClient_PAYMENT-SERVICE/localhost:payment-service:8085 - registration failed Cannot execute request on any known server

com.netflix.discovery.shared.transport.TransportException: Cannot execute request on any known server
	at com.netflix.discovery.shared.transport.decorator.RetryableEurekaHttpClient.execute(RetryableEurekaHttpClient.java:112)
	at com.netflix.discovery.shared.transport.decorator.EurekaHttpClientDecorator.register(EurekaHttpClientDecorator.java:56)
	at com.netflix.discovery.shared.transport.decorator.EurekaHttpClientDecorator$1.execute(EurekaHttpClientDecorator.java:59)
	at com.netflix.discovery.shared.transport.decorator.SessionedEurekaHttpClient.execute(SessionedEurekaHttpClient.java:76)
	at com.netflix.discovery.shared.transport.decorator.EurekaHttpClientDecorator.register(EurekaHttpClientDecorator.java:56)
	at com.netflix.discovery.DiscoveryClient.register(DiscoveryClient.java:828)
	at com.netflix.discovery.InstanceInfoReplicator.run(InstanceInfoReplicator.java:125)
	at com.netflix.discovery.InstanceInfoReplicator$2.run(InstanceInfoReplicator.java:105)
	at java.base/java.util.concurrent.Executors$RunnableAdapter.call(Executors.java:539)
	at java.base/java.util.concurrent.FutureTask.run(FutureTask.java:264)
	at java.base/java.util.concurrent.ScheduledThreadPoolExecutor$ScheduledFutureTask.run(ScheduledThreadPoolExecutor.java:304)
	at java.base/java.util.concurrent.ThreadPoolExecutor.runWorker(ThreadPoolExecutor.java:1136)
	at java.base/java.util.concurrent.ThreadPoolExecutor$Worker.run(ThreadPoolExecutor.java:635)
	at java.base/java.lang.Thread.run(Thread.java:842)

2026-09-08 20:44:38.127  WARN [payment-service] [traceId=NO_TRACE] [tenantId=default] [foReplicator-%d] c.n.discovery.InstanceInfoReplicator     : There was a problem with the instance info replicator

com.netflix.discovery.shared.transport.TransportException: Cannot execute request on any known server
	at com.netflix.discovery.shared.transport.decorator.RetryableEurekaHttpClient.execute(RetryableEurekaHttpClient.java:112)
	at com.netflix.discovery.shared.transport.decorator.EurekaHttpClientDecorator.register(EurekaHttpClientDecorator.java:56)
	at com.netflix.discovery.shared.transport.decorator.EurekaHttpClientDecorator$1.execute(EurekaHttpClientDecorator.java:59)
	at com.netflix.discovery.shared.transport.decorator.SessionedEurekaHttpClient.execute(SessionedEurekaHttpClient.java:76)
	at com.netflix.discovery.shared.transport.decorator.EurekaHttpClientDecorator.register(EurekaHttpClientDecorator.java:56)
	at com.netflix.discovery.DiscoveryClient.register(DiscoveryClient.java:828)
	at com.netflix.discovery.InstanceInfoReplicator.run(InstanceInfoReplicator.java:125)
	at com.netflix.discovery.InstanceInfoReplicator$2.run(InstanceInfoReplicator.java:105)
	at java.base/java.util.concurrent.Executors$RunnableAdapter.call(Executors.java:539)
	at java.base/java.util.concurrent.FutureTask.run(FutureTask.java:264)
	at java.base/java.util.concurrent.ScheduledThreadPoolExecutor$ScheduledFutureTask.run(ScheduledThreadPoolExecutor.java:304)
	at java.base/java.util.concurrent.ThreadPoolExecutor.runWorker(ThreadPoolExecutor.java:1136)
	at java.base/java.util.concurrent.ThreadPoolExecutor$Worker.run(ThreadPoolExecutor.java:635)
	at java.base/java.lang.Thread.run(Thread.java:842)

2026-09-08 20:44:39.233  INFO [payment-service] [traceId=NO_TRACE] [tenantId=default] [           main] o.s.cloud.commons.util.InetUtils         : Cannot determine local hostname
2026-09-08 20:44:39.256  INFO [payment-service] [traceId=NO_TRACE] [tenantId=default] [           main] c.l.payment.PaymentServiceApplication    : Started PaymentServiceApplication in 21.98 seconds (process running for 22.555)
2026-09-08 20:44:48.833  INFO [payment-service] [traceId=NO_TRACE] [tenantId=default] [nio-8085-exec-1] o.a.c.c.C.[Tomcat].[localhost].[/]       : Initializing Spring DispatcherServlet 'dispatcherServlet'
2026-09-08 20:44:48.834  INFO [payment-service] [traceId=NO_TRACE] [tenantId=default] [nio-8085-exec-1] o.s.web.servlet.DispatcherServlet        : Initializing Servlet 'dispatcherServlet'
2026-09-08 20:44:48.836  INFO [payment-service] [traceId=NO_TRACE] [tenantId=default] [nio-8085-exec-1] o.s.web.servlet.DispatcherServlet        : Completed initialization in 2 ms
2026-09-08 20:44:48.842 DEBUG [payment-service] [traceId=da3b5319dd734780] [tenantId=default] [nio-8085-exec-1] com.liochio.common.filter.TenantFilter   : [TenantFilter] Đã nạp Tenant ID: 'default' cho URI: /api/payments/compensate
2026-09-08 20:44:48.882  WARN [payment-service] [traceId=da3b5319dd734780] [tenantId=default] [nio-8085-exec-1] c.l.c.s.CustomAuthenticationEntryPoint   : [AuthenticationEntryPoint] 401 Unauthorized tại URI: /api/payments/compensate - Lý do: Full authentication is required to access this resource
2026-09-08 20:44:48.887 DEBUG [payment-service] [traceId=da3b5319dd734780] [tenantId=default] [nio-8085-exec-1] c.liochio.common.advice.LoggingAspect    : [EXECUTION] com.liochio.common.i18n.MessageService.getMessage() hoàn tất trong 0 ms
2026-09-08 20:45:08.069  WARN [payment-service] [traceId=NO_TRACE] [tenantId=default] [reshExecutor-%d] c.n.d.s.t.d.RetryableEurekaHttpClient    : Request execution failed with message: I/O error on GET request for "http://localhost:8761/eureka/apps/": Connect to http://localhost:8761 [localhost/127.0.0.1, localhost/0:0:0:0:0:0:0:1] failed: Connection refused: no further information
2026-09-08 20:45:08.071  WARN [payment-service] [traceId=NO_TRACE] [tenantId=default] [beatExecutor-%d] c.n.d.s.t.d.RetryableEurekaHttpClient    : Request execution failed with message: I/O error on PUT request for "http://localhost:8761/eureka/apps/PAYMENT-SERVICE/localhost:payment-service:8085": Connect to http://localhost:8761 [localhost/127.0.0.1, localhost/0:0:0:0:0:0:0:1] failed: Connection refused: no further information
2026-09-08 20:45:08.071 ERROR [payment-service] [traceId=NO_TRACE] [tenantId=default] [beatExecutor-%d] com.netflix.discovery.DiscoveryClient    : DiscoveryClient_PAYMENT-SERVICE/localhost:payment-service:8085 - was unable to send heartbeat!

com.netflix.discovery.shared.transport.TransportException: Cannot execute request on any known server
	at com.netflix.discovery.shared.transport.decorator.RetryableEurekaHttpClient.execute(RetryableEurekaHttpClient.java:112)
	at com.netflix.discovery.shared.transport.decorator.EurekaHttpClientDecorator.sendHeartBeat(EurekaHttpClientDecorator.java:89)
	at com.netflix.discovery.shared.transport.decorator.EurekaHttpClientDecorator$3.execute(EurekaHttpClientDecorator.java:92)
	at com.netflix.discovery.shared.transport.decorator.SessionedEurekaHttpClient.execute(SessionedEurekaHttpClient.java:76)
	at com.netflix.discovery.shared.transport.decorator.EurekaHttpClientDecorator.sendHeartBeat(EurekaHttpClientDecorator.java:89)
	at com.netflix.discovery.DiscoveryClient.renew(DiscoveryClient.java:845)
	at com.netflix.discovery.DiscoveryClient$HeartbeatThread.run(DiscoveryClient.java:1402)
	at java.base/java.util.concurrent.Executors$RunnableAdapter.call(Executors.java:539)
	at java.base/java.util.concurrent.FutureTask.run(FutureTask.java:264)
	at java.base/java.util.concurrent.ThreadPoolExecutor.runWorker(ThreadPoolExecutor.java:1136)
	at java.base/java.util.concurrent.ThreadPoolExecutor$Worker.run(ThreadPoolExecutor.java:635)
	at java.base/java.lang.Thread.run(Thread.java:842)

2026-09-08 20:45:08.147  WARN [payment-service] [traceId=NO_TRACE] [tenantId=default] [foReplicator-%d] c.n.d.s.t.d.RetryableEurekaHttpClient    : Request execution failed with message: I/O error on POST request for "http://localhost:8761/eureka/apps/PAYMENT-SERVICE": Connect to http://localhost:8761 [localhost/127.0.0.1, localhost/0:0:0:0:0:0:0:1] failed: Connection refused: no further information
2026-09-08 20:45:08.147  WARN [payment-service] [traceId=NO_TRACE] [tenantId=default] [foReplicator-%d] com.netflix.discovery.DiscoveryClient    : DiscoveryClient_PAYMENT-SERVICE/localhost:payment-service:8085 - registration failed Cannot execute request on any known server

com.netflix.discovery.shared.transport.TransportException: Cannot execute request on any known server
	at com.netflix.discovery.shared.transport.decorator.RetryableEurekaHttpClient.execute(RetryableEurekaHttpClient.java:112)
	at com.netflix.discovery.shared.transport.decorator.EurekaHttpClientDecorator.register(EurekaHttpClientDecorator.java:56)
	at com.netflix.discovery.shared.transport.decorator.EurekaHttpClientDecorator$1.execute(EurekaHttpClientDecorator.java:59)
	at com.netflix.discovery.shared.transport.decorator.SessionedEurekaHttpClient.execute(SessionedEurekaHttpClient.java:76)
	at com.netflix.discovery.shared.transport.decorator.EurekaHttpClientDecorator.register(EurekaHttpClientDecorator.java:56)
	at com.netflix.discovery.DiscoveryClient.register(DiscoveryClient.java:828)
	at com.netflix.discovery.InstanceInfoReplicator.run(InstanceInfoReplicator.java:125)
	at java.base/java.util.concurrent.Executors$RunnableAdapter.call(Executors.java:539)
	at java.base/java.util.concurrent.FutureTask.run(FutureTask.java:264)
	at java.base/java.util.concurrent.ScheduledThreadPoolExecutor$ScheduledFutureTask.run(ScheduledThreadPoolExecutor.java:304)
	at java.base/java.util.concurrent.ThreadPoolExecutor.runWorker(ThreadPoolExecutor.java:1136)
	at java.base/java.util.concurrent.ThreadPoolExecutor$Worker.run(ThreadPoolExecutor.java:635)
	at java.base/java.lang.Thread.run(Thread.java:842)

2026-09-08 20:45:08.147  WARN [payment-service] [traceId=NO_TRACE] [tenantId=default] [foReplicator-%d] c.n.discovery.InstanceInfoReplicator     : There was a problem with the instance info replicator

com.netflix.discovery.shared.transport.TransportException: Cannot execute request on any known server
	at com.netflix.discovery.shared.transport.decorator.RetryableEurekaHttpClient.execute(RetryableEurekaHttpClient.java:112)
	at com.netflix.discovery.shared.transport.decorator.EurekaHttpClientDecorator.register(EurekaHttpClientDecorator.java:56)
	at com.netflix.discovery.shared.transport.decorator.EurekaHttpClientDecorator$1.execute(EurekaHttpClientDecorator.java:59)
	at com.netflix.discovery.shared.transport.decorator.SessionedEurekaHttpClient.execute(SessionedEurekaHttpClient.java:76)
	at com.netflix.discovery.shared.transport.decorator.EurekaHttpClientDecorator.register(EurekaHttpClientDecorator.java:56)
	at com.netflix.discovery.DiscoveryClient.register(DiscoveryClient.java:828)
	at com.netflix.discovery.InstanceInfoReplicator.run(InstanceInfoReplicator.java:125)
	at java.base/java.util.concurrent.Executors$RunnableAdapter.call(Executors.java:539)
	at java.base/java.util.concurrent.FutureTask.run(FutureTask.java:264)
	at java.base/java.util.concurrent.ScheduledThreadPoolExecutor$ScheduledFutureTask.run(ScheduledThreadPoolExecutor.java:304)
	at java.base/java.util.concurrent.ThreadPoolExecutor.runWorker(ThreadPoolExecutor.java:1136)
	at java.base/java.util.concurrent.ThreadPoolExecutor$Worker.run(ThreadPoolExecutor.java:635)
	at java.base/java.lang.Thread.run(Thread.java:842)

2026-09-08 20:45:12.314  INFO [auth-service] [traceId=NO_TRACE] [tenantId=default] [           main] c.liochio.auth.AuthServiceApplication    : Starting AuthServiceApplication v1.0.0-SNAPSHOT using Java 17.0.17 with PID 20152 (D:\Github\Back-end\Microservice\SpringBoot\auth-service\target\auth-service-1.0.0-SNAPSHOT.jar started by Liochio in D:\Github\Back-end\Microservice)
2026-09-08 20:45:12.320 DEBUG [auth-service] [traceId=NO_TRACE] [tenantId=default] [           main] c.liochio.auth.AuthServiceApplication    : Running with Spring Boot v3.4.3, Spring v6.2.3
2026-09-08 20:45:12.321  INFO [auth-service] [traceId=NO_TRACE] [tenantId=default] [           main] c.liochio.auth.AuthServiceApplication    : No active profile set, falling back to 1 default profile: "default"
2026-09-08 20:45:12.459  INFO [auth-service] [traceId=NO_TRACE] [tenantId=default] [           main] o.s.c.c.c.ConfigServerConfigDataLoader   : Fetching config from server at : http://localhost:8888/
2026-09-08 20:45:12.459  INFO [auth-service] [traceId=NO_TRACE] [tenantId=default] [           main] o.s.c.c.c.ConfigServerConfigDataLoader   : Exception on Url - http://localhost:8888/:org.springframework.web.client.ResourceAccessException: I/O error on GET request for "http://localhost:8888/auth-service/default": Connection refused: no further information. Will be trying the next url if available
2026-09-08 20:45:12.460  WARN [auth-service] [traceId=NO_TRACE] [tenantId=default] [           main] o.s.c.c.c.ConfigServerConfigDataLoader   : Could not locate PropertySource ([ConfigServerConfigDataResource@6df20ade uris = array<String>['http://localhost:8888/'], optional = true, profiles = 'default']): I/O error on GET request for "http://localhost:8888/auth-service/default": Connection refused: no further information
2026-09-08 20:45:12.460  INFO [auth-service] [traceId=NO_TRACE] [tenantId=default] [           main] o.s.c.c.c.ConfigServerConfigDataLoader   : Fetching config from server at : http://localhost:8888/
2026-09-08 20:45:12.461  INFO [auth-service] [traceId=NO_TRACE] [tenantId=default] [           main] o.s.c.c.c.ConfigServerConfigDataLoader   : Exception on Url - http://localhost:8888/:org.springframework.web.client.ResourceAccessException: I/O error on GET request for "http://localhost:8888/auth-service/default": Connection refused: no further information. Will be trying the next url if available
2026-09-08 20:45:12.461  WARN [auth-service] [traceId=NO_TRACE] [tenantId=default] [           main] o.s.c.c.c.ConfigServerConfigDataLoader   : Could not locate PropertySource ([ConfigServerConfigDataResource@676f0a60 uris = array<String>['http://localhost:8888/'], optional = true, profiles = 'default']): I/O error on GET request for "http://localhost:8888/auth-service/default": Connection refused: no further information
2026-09-08 20:45:12.461  INFO [auth-service] [traceId=NO_TRACE] [tenantId=default] [           main] o.s.c.c.c.ConfigServerConfigDataLoader   : Fetching config from server at : http://localhost:8888/
2026-09-08 20:45:12.461  INFO [auth-service] [traceId=NO_TRACE] [tenantId=default] [           main] o.s.c.c.c.ConfigServerConfigDataLoader   : Exception on Url - http://localhost:8888/:org.springframework.web.client.ResourceAccessException: I/O error on GET request for "http://localhost:8888/auth-service/default": Connection refused: no further information. Will be trying the next url if available
2026-09-08 20:45:12.461  WARN [auth-service] [traceId=NO_TRACE] [tenantId=default] [           main] o.s.c.c.c.ConfigServerConfigDataLoader   : Could not locate PropertySource ([ConfigServerConfigDataResource@5d10455d uris = array<String>['http://localhost:8888/'], optional = true, profiles = 'default']): I/O error on GET request for "http://localhost:8888/auth-service/default": Connection refused: no further information
2026-09-08 20:45:14.101  INFO [auth-service] [traceId=NO_TRACE] [tenantId=default] [           main] .s.d.r.c.RepositoryConfigurationDelegate : Multiple Spring Data modules found, entering strict repository configuration mode
2026-09-08 20:45:14.101  INFO [auth-service] [traceId=NO_TRACE] [tenantId=default] [           main] .s.d.r.c.RepositoryConfigurationDelegate : Bootstrapping Spring Data JPA repositories in DEFAULT mode.
2026-09-08 20:45:14.411  INFO [auth-service] [traceId=NO_TRACE] [tenantId=default] [           main] .s.d.r.c.RepositoryConfigurationDelegate : Finished Spring Data repository scanning in 289 ms. Found 19 JPA repository interfaces.
2026-09-08 20:45:15.267  INFO [auth-service] [traceId=NO_TRACE] [tenantId=default] [           main] .s.d.r.c.RepositoryConfigurationDelegate : Multiple Spring Data modules found, entering strict repository configuration mode
2026-09-08 20:45:15.271  INFO [auth-service] [traceId=NO_TRACE] [tenantId=default] [           main] .s.d.r.c.RepositoryConfigurationDelegate : Bootstrapping Spring Data Redis repositories in DEFAULT mode.
2026-09-08 20:45:15.309  INFO [auth-service] [traceId=NO_TRACE] [tenantId=default] [           main] .RepositoryConfigurationExtensionSupport : Spring Data Redis - Could not safely identify store assignment for repository candidate interface com.liochio.auth.repository.JournalEntryDetailRepository; If you want this repository to be a Redis repository, consider annotating your entities with one of these annotations: org.springframework.data.redis.core.RedisHash (preferred), or consider extending one of the following types with your repository: org.springframework.data.keyvalue.repository.KeyValueRepository
2026-09-08 20:45:15.310  INFO [auth-service] [traceId=NO_TRACE] [tenantId=default] [           main] .RepositoryConfigurationExtensionSupport : Spring Data Redis - Could not safely identify store assignment for repository candidate interface com.liochio.auth.repository.JournalEntryRepository; If you want this repository to be a Redis repository, consider annotating your entities with one of these annotations: org.springframework.data.redis.core.RedisHash (preferred), or consider extending one of the following types with your repository: org.springframework.data.keyvalue.repository.KeyValueRepository
2026-09-08 20:45:15.311  INFO [auth-service] [traceId=NO_TRACE] [tenantId=default] [           main] .RepositoryConfigurationExtensionSupport : Spring Data Redis - Could not safely identify store assignment for repository candidate interface com.liochio.auth.repository.LedgerAccountRepository; If you want this repository to be a Redis repository, consider annotating your entities with one of these annotations: org.springframework.data.redis.core.RedisHash (preferred), or consider extending one of the following types with your repository: org.springframework.data.keyvalue.repository.KeyValueRepository
2026-09-08 20:45:15.316  INFO [auth-service] [traceId=NO_TRACE] [tenantId=default] [           main] .RepositoryConfigurationExtensionSupport : Spring Data Redis - Could not safely identify store assignment for repository candidate interface com.liochio.auth.repository.PermissionRepository; If you want this repository to be a Redis repository, consider annotating your entities with one of these annotations: org.springframework.data.redis.core.RedisHash (preferred), or consider extending one of the following types with your repository: org.springframework.data.keyvalue.repository.KeyValueRepository
2026-09-08 20:45:15.317  INFO [auth-service] [traceId=NO_TRACE] [tenantId=default] [           main] .RepositoryConfigurationExtensionSupport : Spring Data Redis - Could not safely identify store assignment for repository candidate interface com.liochio.auth.repository.QrLoginSessionRepository; If you want this repository to be a Redis repository, consider annotating your entities with one of these annotations: org.springframework.data.redis.core.RedisHash (preferred), or consider extending one of the following types with your repository: org.springframework.data.keyvalue.repository.KeyValueRepository
2026-09-08 20:45:15.318  INFO [auth-service] [traceId=NO_TRACE] [tenantId=default] [           main] .RepositoryConfigurationExtensionSupport : Spring Data Redis - Could not safely identify store assignment for repository candidate interface com.liochio.auth.repository.RoleRepository; If you want this repository to be a Redis repository, consider annotating your entities with one of these annotations: org.springframework.data.redis.core.RedisHash (preferred), or consider extending one of the following types with your repository: org.springframework.data.keyvalue.repository.KeyValueRepository
2026-09-08 20:45:15.318  INFO [auth-service] [traceId=NO_TRACE] [tenantId=default] [           main] .RepositoryConfigurationExtensionSupport : Spring Data Redis - Could not safely identify store assignment for repository candidate interface com.liochio.auth.repository.SecurityLoginHistoryRepository; If you want this repository to be a Redis repository, consider annotating your entities with one of these annotations: org.springframework.data.redis.core.RedisHash (preferred), or consider extending one of the following types with your repository: org.springframework.data.keyvalue.repository.KeyValueRepository
2026-09-08 20:45:15.320  INFO [auth-service] [traceId=NO_TRACE] [tenantId=default] [           main] .RepositoryConfigurationExtensionSupport : Spring Data Redis - Could not safely identify store assignment for repository candidate interface com.liochio.auth.repository.SystemFeatureRepository; If you want this repository to be a Redis repository, consider annotating your entities with one of these annotations: org.springframework.data.redis.core.RedisHash (preferred), or consider extending one of the following types with your repository: org.springframework.data.keyvalue.repository.KeyValueRepository
2026-09-08 20:45:15.320  INFO [auth-service] [traceId=NO_TRACE] [tenantId=default] [           main] .RepositoryConfigurationExtensionSupport : Spring Data Redis - Could not safely identify store assignment for repository candidate interface com.liochio.auth.repository.TenantFeatureRepository; If you want this repository to be a Redis repository, consider annotating your entities with one of these annotations: org.springframework.data.redis.core.RedisHash (preferred), or consider extending one of the following types with your repository: org.springframework.data.keyvalue.repository.KeyValueRepository
2026-09-08 20:45:15.321  INFO [auth-service] [traceId=NO_TRACE] [tenantId=default] [           main] .RepositoryConfigurationExtensionSupport : Spring Data Redis - Could not safely identify store assignment for repository candidate interface com.liochio.auth.repository.TenantRepository; If you want this repository to be a Redis repository, consider annotating your entities with one of these annotations: org.springframework.data.redis.core.RedisHash (preferred), or consider extending one of the following types with your repository: org.springframework.data.keyvalue.repository.KeyValueRepository
2026-09-08 20:45:15.322  INFO [auth-service] [traceId=NO_TRACE] [tenantId=default] [           main] .RepositoryConfigurationExtensionSupport : Spring Data Redis - Could not safely identify store assignment for repository candidate interface com.liochio.auth.repository.UserDeviceRepository; If you want this repository to be a Redis repository, consider annotating your entities with one of these annotations: org.springframework.data.redis.core.RedisHash (preferred), or consider extending one of the following types with your repository: org.springframework.data.keyvalue.repository.KeyValueRepository
2026-09-08 20:45:15.322  INFO [auth-service] [traceId=NO_TRACE] [tenantId=default] [           main] .RepositoryConfigurationExtensionSupport : Spring Data Redis - Could not safely identify store assignment for repository candidate interface com.liochio.auth.repository.UserRepository; If you want this repository to be a Redis repository, consider annotating your entities with one of these annotations: org.springframework.data.redis.core.RedisHash (preferred), or consider extending one of the following types with your repository: org.springframework.data.keyvalue.repository.KeyValueRepository
2026-09-08 20:45:15.322  INFO [auth-service] [traceId=NO_TRACE] [tenantId=default] [           main] .RepositoryConfigurationExtensionSupport : Spring Data Redis - Could not safely identify store assignment for repository candidate interface com.liochio.auth.repository.UserSessionRepository; If you want this repository to be a Redis repository, consider annotating your entities with one of these annotations: org.springframework.data.redis.core.RedisHash (preferred), or consider extending one of the following types with your repository: org.springframework.data.keyvalue.repository.KeyValueRepository
2026-09-08 20:45:15.323  INFO [auth-service] [traceId=NO_TRACE] [tenantId=default] [           main] .s.d.r.c.RepositoryConfigurationDelegate : Finished Spring Data repository scanning in 33 ms. Found 0 Redis repository interfaces.
2026-09-08 20:45:16.098  INFO [auth-service] [traceId=NO_TRACE] [tenantId=default] [           main] o.s.cloud.context.scope.GenericScope     : BeanFactory id=9e386616-4413-3d83-82c6-331fd5b87ad3
2026-09-08 20:45:17.674  INFO [auth-service] [traceId=NO_TRACE] [tenantId=default] [           main] o.s.b.w.embedded.tomcat.TomcatWebServer  : Tomcat initialized with port 8081 (http)
2026-09-08 20:45:17.690  INFO [auth-service] [traceId=NO_TRACE] [tenantId=default] [           main] o.apache.catalina.core.StandardService   : Starting service [Tomcat]
2026-09-08 20:45:17.690  INFO [auth-service] [traceId=NO_TRACE] [tenantId=default] [           main] o.apache.catalina.core.StandardEngine    : Starting Servlet engine: [Apache Tomcat/10.1.36]
2026-09-08 20:45:17.748  INFO [auth-service] [traceId=NO_TRACE] [tenantId=default] [           main] o.a.c.c.C.[Tomcat].[localhost].[/]       : Initializing Spring embedded WebApplicationContext
2026-09-08 20:45:17.749  INFO [auth-service] [traceId=NO_TRACE] [tenantId=default] [           main] w.s.c.ServletWebServerApplicationContext : Root WebApplicationContext: initialization completed in 5282 ms
2026-09-08 20:45:18.159  INFO [auth-service] [traceId=NO_TRACE] [tenantId=default] [           main] o.hibernate.jpa.internal.util.LogHelper  : HHH000204: Processing PersistenceUnitInfo [name: default]
2026-09-08 20:45:18.267  INFO [auth-service] [traceId=NO_TRACE] [tenantId=default] [           main] org.hibernate.Version                    : HHH000412: Hibernate ORM core version 6.6.8.Final
2026-09-08 20:45:18.329  INFO [auth-service] [traceId=NO_TRACE] [tenantId=default] [           main] o.h.c.internal.RegionFactoryInitiator    : HHH000026: Second-level cache disabled
2026-09-08 20:45:19.113  INFO [auth-service] [traceId=NO_TRACE] [tenantId=default] [           main] o.s.o.j.p.SpringPersistenceUnitInfo      : No LoadTimeWeaver setup: ignoring JPA class transformer
2026-09-08 20:45:19.179  INFO [auth-service] [traceId=NO_TRACE] [tenantId=default] [           main] com.zaxxer.hikari.HikariDataSource       : HikariPool-1 - Starting...
2026-09-08 20:45:19.361  INFO [auth-service] [traceId=NO_TRACE] [tenantId=default] [           main] com.zaxxer.hikari.pool.HikariPool        : HikariPool-1 - Added connection com.mysql.cj.jdbc.ConnectionImpl@1bd6bfb0
2026-09-08 20:45:19.365  INFO [auth-service] [traceId=NO_TRACE] [tenantId=default] [           main] com.zaxxer.hikari.HikariDataSource       : HikariPool-1 - Start completed.
2026-09-08 20:45:19.433  WARN [auth-service] [traceId=NO_TRACE] [tenantId=default] [           main] org.hibernate.orm.deprecation            : HHH90000025: MySQLDialect does not need to be specified explicitly using 'hibernate.dialect' (remove the property setting and it will be selected by default)
2026-09-08 20:45:19.458  INFO [auth-service] [traceId=NO_TRACE] [tenantId=default] [           main] org.hibernate.orm.connections.pooling    : HHH10001005: Database info:
	Database JDBC URL [Connecting through datasource 'HikariDataSource (HikariPool-1)']
	Database driver: undefined/unknown
	Database version: 8.0.33
	Autocommit mode: undefined/unknown
	Isolation level: undefined/unknown
	Minimum pool size: undefined/unknown
	Maximum pool size: undefined/unknown
2026-09-08 20:45:21.241  INFO [auth-service] [traceId=NO_TRACE] [tenantId=default] [           main] o.h.e.t.j.p.i.JtaPlatformInitiator       : HHH000489: No JTA platform available (set 'hibernate.transaction.jta.platform' to enable JTA platform integration)
2026-09-08 20:45:21.376  INFO [auth-service] [traceId=NO_TRACE] [tenantId=default] [           main] j.LocalContainerEntityManagerFactoryBean : Initialized JPA EntityManagerFactory for persistence unit 'default'
2026-09-08 20:45:21.876  INFO [auth-service] [traceId=NO_TRACE] [tenantId=default] [           main] com.liochio.common.security.JwtUtils     : [JwtUtils] Loaded RSA Private Key successfully from classpath:certs/rsa-private.pem
2026-09-08 20:45:21.878  INFO [auth-service] [traceId=NO_TRACE] [tenantId=default] [           main] com.liochio.common.security.JwtUtils     : [JwtUtils] Loaded RSA Public Key successfully from classpath:certs/rsa-public.pem
2026-09-08 20:45:22.560 DEBUG [auth-service] [traceId=NO_TRACE] [tenantId=default] [           main] c.l.c.security.JwtAuthenticationFilter   : Filter 'jwtAuthenticationFilter' configured for use
2026-09-08 20:45:22.560 DEBUG [auth-service] [traceId=NO_TRACE] [tenantId=default] [           main] c.liochio.common.filter.MdcTraceFilter   : Filter 'mdcTraceFilter' configured for use
2026-09-08 20:45:22.562 DEBUG [auth-service] [traceId=NO_TRACE] [tenantId=default] [           main] com.liochio.common.filter.TenantFilter   : Filter 'tenantFilter' configured for use
2026-09-08 20:45:22.562 DEBUG [auth-service] [traceId=NO_TRACE] [tenantId=default] [           main] c.l.common.filter.AuditLoggingFilter     : Filter 'auditLoggingFilter' configured for use
2026-09-08 20:45:22.662  INFO [auth-service] [traceId=NO_TRACE] [tenantId=default] [           main] o.s.d.j.r.query.QueryEnhancerFactory     : Hibernate is in classpath; If applicable, HQL parser will be used.
2026-09-08 20:45:26.649  WARN [auth-service] [traceId=NO_TRACE] [tenantId=default] [           main] .s.s.UserDetailsServiceAutoConfiguration : 

Using generated security password: b9107214-d7bd-46f7-bde5-8393b59a89ea

This generated password is for development use only. Your security configuration must be updated before running your application in production.

2026-09-08 20:45:26.690  INFO [auth-service] [traceId=NO_TRACE] [tenantId=default] [           main] r$InitializeUserDetailsManagerConfigurer : Global AuthenticationManager configured with UserDetailsService bean with name inMemoryUserDetailsManager
2026-09-08 20:45:30.969  INFO [auth-service] [traceId=NO_TRACE] [tenantId=default] [           main] o.s.cloud.commons.util.InetUtils         : Cannot determine local hostname
2026-09-08 20:45:31.096  INFO [auth-service] [traceId=NO_TRACE] [tenantId=default] [           main] DiscoveryClientOptionalArgsConfiguration : Eureka HTTP Client uses RestTemplate.
2026-09-08 20:45:31.543  INFO [auth-service] [traceId=NO_TRACE] [tenantId=default] [           main] o.s.b.w.embedded.tomcat.TomcatWebServer  : Tomcat started on port 8081 (http) with context path '/'
2026-09-08 20:45:32.687  INFO [auth-service] [traceId=NO_TRACE] [tenantId=default] [           main] o.s.cloud.commons.util.InetUtils         : Cannot determine local hostname
2026-09-08 20:45:32.726  INFO [auth-service] [traceId=NO_TRACE] [tenantId=default] [           main] c.liochio.auth.AuthServiceApplication    : Started AuthServiceApplication in 23.508 seconds (process running for 24.247)
2026-09-08 20:45:37.766  INFO [auth-service] [traceId=NO_TRACE] [tenantId=default] [nio-8081-exec-1] o.a.c.c.C.[Tomcat].[localhost].[/]       : Initializing Spring DispatcherServlet 'dispatcherServlet'
2026-09-08 20:45:37.766  INFO [auth-service] [traceId=NO_TRACE] [tenantId=default] [nio-8081-exec-1] o.s.web.servlet.DispatcherServlet        : Initializing Servlet 'dispatcherServlet'
2026-09-08 20:45:37.769  INFO [auth-service] [traceId=NO_TRACE] [tenantId=default] [nio-8081-exec-1] o.s.web.servlet.DispatcherServlet        : Completed initialization in 3 ms
2026-09-08 20:45:37.774 DEBUG [auth-service] [traceId=b080cd2eac764f5b] [tenantId=default] [nio-8081-exec-1] com.liochio.common.filter.TenantFilter   : [TenantFilter] Đã nạp Tenant ID: 'default' cho URI: /api/v1/auth/login
2026-09-08 20:45:37.882 DEBUG [auth-service] [traceId=b080cd2eac764f5b] [tenantId=default] [nio-8081-exec-1] c.liochio.common.advice.LoggingAspect    : [EXECUTION] com.liochio.common.i18n.MessageService.getMessage() hoàn tất trong 2 ms
2026-09-08 20:45:37.882  WARN [auth-service] [traceId=b080cd2eac764f5b] [tenantId=default] [nio-8081-exec-1] c.l.c.exception.GlobalExceptionHandler   : [HttpMessageNotReadable] Malformed JSON: JSON parse error: Unexpected character ('\' (code 92)): was expecting double-quote to start field name
2026-09-08 20:45:37.997  WARN [auth-service] [traceId=b080cd2eac764f5b] [tenantId=default] [nio-8081-exec-1] o.h.engine.jdbc.spi.SqlExceptionHelper   : SQL Error: 3140, SQLState: 22001
2026-09-08 20:45:37.997 ERROR [auth-service] [traceId=b080cd2eac764f5b] [tenantId=default] [nio-8081-exec-1] o.h.engine.jdbc.spi.SqlExceptionHelper   : Data truncation: Invalid JSON text: "Missing a name for object member." at position 1 in value for column 'audit_logs.request_body'.
2026-09-08 20:45:38.015  WARN [auth-service] [traceId=b080cd2eac764f5b] [tenantId=default] [nio-8081-exec-1] c.l.common.filter.AuditLoggingFilter     : [AuditLoggingFilter] Không thể lưu audit log: could not execute statement [Data truncation: Invalid JSON text: "Missing a name for object member." at position 1 in value for column 'audit_logs.request_body'.] [insert into audit_logs (action_description,action_type,client_ip,created_at,device_id,device_name,error_message,execution_time_ms,http_method,http_status_code,module,new_data,old_data,platform,request_body,request_params,request_uri,status,tenant_id,trace_id,user_agent,user_email,user_id,user_role,username) values (?,?,?,?,?,?,?,?,?,?,?,?,?,?,?,?,?,?,?,?,?,?,?,?,?)]; SQL [insert into audit_logs (action_description,action_type,client_ip,created_at,device_id,device_name,error_message,execution_time_ms,http_method,http_status_code,module,new_data,old_data,platform,request_body,request_params,request_uri,status,tenant_id,trace_id,user_agent,user_email,user_id,user_role,username) values (?,?,?,?,?,?,?,?,?,?,?,?,?,?,?,?,?,?,?,?,?,?,?,?,?)]
2026-09-08 20:45:38.110  WARN [payment-service] [traceId=NO_TRACE] [tenantId=default] [reshExecutor-%d] c.n.d.s.t.d.RetryableEurekaHttpClient    : Request execution failed with message: I/O error on GET request for "http://localhost:8761/eureka/apps/": Connect to http://localhost:8761 [localhost/127.0.0.1, localhost/0:0:0:0:0:0:0:1] failed: Connection refused: no further information
2026-09-08 20:45:38.114  WARN [payment-service] [traceId=NO_TRACE] [tenantId=default] [beatExecutor-%d] c.n.d.s.t.d.RetryableEurekaHttpClient    : Request execution failed with message: I/O error on PUT request for "http://localhost:8761/eureka/apps/PAYMENT-SERVICE/localhost:payment-service:8085": Connect to http://localhost:8761 [localhost/127.0.0.1, localhost/0:0:0:0:0:0:0:1] failed: Connection refused: no further information
2026-09-08 20:45:38.114 ERROR [payment-service] [traceId=NO_TRACE] [tenantId=default] [beatExecutor-%d] com.netflix.discovery.DiscoveryClient    : DiscoveryClient_PAYMENT-SERVICE/localhost:payment-service:8085 - was unable to send heartbeat!

com.netflix.discovery.shared.transport.TransportException: Cannot execute request on any known server
	at com.netflix.discovery.shared.transport.decorator.RetryableEurekaHttpClient.execute(RetryableEurekaHttpClient.java:112)
	at com.netflix.discovery.shared.transport.decorator.EurekaHttpClientDecorator.sendHeartBeat(EurekaHttpClientDecorator.java:89)
	at com.netflix.discovery.shared.transport.decorator.EurekaHttpClientDecorator$3.execute(EurekaHttpClientDecorator.java:92)
	at com.netflix.discovery.shared.transport.decorator.SessionedEurekaHttpClient.execute(SessionedEurekaHttpClient.java:76)
	at com.netflix.discovery.shared.transport.decorator.EurekaHttpClientDecorator.sendHeartBeat(EurekaHttpClientDecorator.java:89)
	at com.netflix.discovery.DiscoveryClient.renew(DiscoveryClient.java:845)
	at com.netflix.discovery.DiscoveryClient$HeartbeatThread.run(DiscoveryClient.java:1402)
	at java.base/java.util.concurrent.Executors$RunnableAdapter.call(Executors.java:539)
	at java.base/java.util.concurrent.FutureTask.run(FutureTask.java:264)
	at java.base/java.util.concurrent.ThreadPoolExecutor.runWorker(ThreadPoolExecutor.java:1136)
	at java.base/java.util.concurrent.ThreadPoolExecutor$Worker.run(ThreadPoolExecutor.java:635)
	at java.base/java.lang.Thread.run(Thread.java:842)

2026-09-08 20:45:38.172  WARN [payment-service] [traceId=NO_TRACE] [tenantId=default] [foReplicator-%d] c.n.d.s.t.d.RetryableEurekaHttpClient    : Request execution failed with message: I/O error on POST request for "http://localhost:8761/eureka/apps/PAYMENT-SERVICE": Connect to http://localhost:8761 [localhost/127.0.0.1, localhost/0:0:0:0:0:0:0:1] failed: Connection refused: no further information
2026-09-08 20:45:38.174  WARN [payment-service] [traceId=NO_TRACE] [tenantId=default] [foReplicator-%d] com.netflix.discovery.DiscoveryClient    : DiscoveryClient_PAYMENT-SERVICE/localhost:payment-service:8085 - registration failed Cannot execute request on any known server

com.netflix.discovery.shared.transport.TransportException: Cannot execute request on any known server
	at com.netflix.discovery.shared.transport.decorator.RetryableEurekaHttpClient.execute(RetryableEurekaHttpClient.java:112)
	at com.netflix.discovery.shared.transport.decorator.EurekaHttpClientDecorator.register(EurekaHttpClientDecorator.java:56)
	at com.netflix.discovery.shared.transport.decorator.EurekaHttpClientDecorator$1.execute(EurekaHttpClientDecorator.java:59)
	at com.netflix.discovery.shared.transport.decorator.SessionedEurekaHttpClient.execute(SessionedEurekaHttpClient.java:76)
	at com.netflix.discovery.shared.transport.decorator.EurekaHttpClientDecorator.register(EurekaHttpClientDecorator.java:56)
	at com.netflix.discovery.DiscoveryClient.register(DiscoveryClient.java:828)
	at com.netflix.discovery.InstanceInfoReplicator.run(InstanceInfoReplicator.java:125)
	at java.base/java.util.concurrent.Executors$RunnableAdapter.call(Executors.java:539)
	at java.base/java.util.concurrent.FutureTask.run(FutureTask.java:264)
	at java.base/java.util.concurrent.ScheduledThreadPoolExecutor$ScheduledFutureTask.run(ScheduledThreadPoolExecutor.java:304)
	at java.base/java.util.concurrent.ThreadPoolExecutor.runWorker(ThreadPoolExecutor.java:1136)
	at java.base/java.util.concurrent.ThreadPoolExecutor$Worker.run(ThreadPoolExecutor.java:635)
	at java.base/java.lang.Thread.run(Thread.java:842)

2026-09-08 20:45:38.174  WARN [payment-service] [traceId=NO_TRACE] [tenantId=default] [foReplicator-%d] c.n.discovery.InstanceInfoReplicator     : There was a problem with the instance info replicator

com.netflix.discovery.shared.transport.TransportException: Cannot execute request on any known server
	at com.netflix.discovery.shared.transport.decorator.RetryableEurekaHttpClient.execute(RetryableEurekaHttpClient.java:112)
	at com.netflix.discovery.shared.transport.decorator.EurekaHttpClientDecorator.register(EurekaHttpClientDecorator.java:56)
	at com.netflix.discovery.shared.transport.decorator.EurekaHttpClientDecorator$1.execute(EurekaHttpClientDecorator.java:59)
	at com.netflix.discovery.shared.transport.decorator.SessionedEurekaHttpClient.execute(SessionedEurekaHttpClient.java:76)
	at com.netflix.discovery.shared.transport.decorator.EurekaHttpClientDecorator.register(EurekaHttpClientDecorator.java:56)
	at com.netflix.discovery.DiscoveryClient.register(DiscoveryClient.java:828)
	at com.netflix.discovery.InstanceInfoReplicator.run(InstanceInfoReplicator.java:125)
	at java.base/java.util.concurrent.Executors$RunnableAdapter.call(Executors.java:539)
	at java.base/java.util.concurrent.FutureTask.run(FutureTask.java:264)
	at java.base/java.util.concurrent.ScheduledThreadPoolExecutor$ScheduledFutureTask.run(ScheduledThreadPoolExecutor.java:304)
	at java.base/java.util.concurrent.ThreadPoolExecutor.runWorker(ThreadPoolExecutor.java:1136)
	at java.base/java.util.concurrent.ThreadPoolExecutor$Worker.run(ThreadPoolExecutor.java:635)
	at java.base/java.lang.Thread.run(Thread.java:842)

2026-09-08 20:45:43.099 DEBUG [auth-service] [traceId=dc830c6ca5f747ed] [tenantId=default] [nio-8081-exec-2] com.liochio.common.filter.TenantFilter   : [TenantFilter] Đã nạp Tenant ID: 'default' cho URI: /api/v1/auth/login
2026-09-08 20:45:43.350  INFO [auth-service] [traceId=dc830c6ca5f747ed] [tenantId=default] [nio-8081-exec-2] c.l.auth.service.LoginSecurityService    : [LoginSecurityService] Đã ghi nhận lịch sử bảo mật: User='fintech_user_new4', Status='WRONG_PASSWORD', Reason='Tài khoản chưa kích hoạt OTP (Lần thử 1/5)'
2026-09-08 20:45:43.350 DEBUG [auth-service] [traceId=dc830c6ca5f747ed] [tenantId=default] [nio-8081-exec-2] c.liochio.common.advice.LoggingAspect    : [EXECUTION] com.liochio.auth.service.LoginSecurityService.recordFailedLogin() hoàn tất trong 27 ms
2026-09-08 20:45:43.373 ERROR [auth-service] [traceId=dc830c6ca5f747ed] [tenantId=default] [nio-8081-exec-2] c.liochio.common.advice.LoggingAspect    : [EXCEPTION] com.liochio.auth.service.AuthService.login() ném ngoại lệ sau 167 ms: Tài khoản chưa được kích hoạt qua mã OTP. Vui lòng xác thực tài khoản.
2026-09-08 20:45:43.374 ERROR [auth-service] [traceId=dc830c6ca5f747ed] [tenantId=default] [nio-8081-exec-2] c.liochio.common.advice.LoggingAspect    : [EXCEPTION] com.liochio.auth.controller.AuthController.login() ném ngoại lệ sau 169 ms: Tài khoản chưa được kích hoạt qua mã OTP. Vui lòng xác thực tài khoản.
2026-09-08 20:45:43.380  WARN [auth-service] [traceId=dc830c6ca5f747ed] [tenantId=default] [nio-8081-exec-2] c.l.c.exception.GlobalExceptionHandler   : [AppException] Code: 2001 - Message: Tài khoản chưa được kích hoạt qua mã OTP. Vui lòng xác thực tài khoản.
2026-09-08 20:45:46.049 DEBUG [auth-service] [traceId=68a6a7b7969e4551] [tenantId=default] [nio-8081-exec-3] com.liochio.common.filter.TenantFilter   : [TenantFilter] Đã nạp Tenant ID: 'default' cho URI: /api/v1/auth/login
2026-09-08 20:45:46.079  INFO [auth-service] [traceId=68a6a7b7969e4551] [tenantId=default] [nio-8081-exec-3] c.l.auth.service.LoginSecurityService    : [LoginSecurityService] Đã ghi nhận lịch sử bảo mật: User='fintech_admin', Status='UNKNOWN_USER', Reason='Tài khoản không tồn tại trong hệ thống'
2026-09-08 20:45:46.080 DEBUG [auth-service] [traceId=68a6a7b7969e4551] [tenantId=default] [nio-8081-exec-3] c.liochio.common.advice.LoggingAspect    : [EXECUTION] com.liochio.auth.service.LoginSecurityService.recordFailedLogin() hoàn tất trong 9 ms
2026-09-08 20:45:46.082 ERROR [auth-service] [traceId=68a6a7b7969e4551] [tenantId=default] [nio-8081-exec-3] c.liochio.common.advice.LoggingAspect    : [EXCEPTION] com.liochio.auth.service.AuthService.login() ném ngoại lệ sau 28 ms: Không tìm thấy người dùng
2026-09-08 20:45:46.084 ERROR [auth-service] [traceId=68a6a7b7969e4551] [tenantId=default] [nio-8081-exec-3] c.liochio.common.advice.LoggingAspect    : [EXCEPTION] com.liochio.auth.controller.AuthController.login() ném ngoại lệ sau 30 ms: Không tìm thấy người dùng
2026-09-08 20:45:46.089 DEBUG [auth-service] [traceId=68a6a7b7969e4551] [tenantId=default] [nio-8081-exec-3] c.liochio.common.advice.LoggingAspect    : [EXECUTION] com.liochio.common.i18n.MessageService.getMessage() hoàn tất trong 0 ms
2026-09-08 20:45:46.090  WARN [auth-service] [traceId=68a6a7b7969e4551] [tenantId=default] [nio-8081-exec-3] c.l.c.exception.GlobalExceptionHandler   : [AppException] Code: 1005 - Message: Không tìm thấy thông tin tài khoản người dùng
2026-09-08 20:46:03.816 DEBUG [auth-service] [traceId=32ba2e77c09b4025] [tenantId=default] [nio-8081-exec-4] com.liochio.common.filter.TenantFilter   : [TenantFilter] Đã nạp Tenant ID: 'default' cho URI: /api/v1/auth/login
2026-09-08 20:46:03.842 DEBUG [auth-service] [traceId=32ba2e77c09b4025] [tenantId=default] [nio-8081-exec-4] c.liochio.common.advice.LoggingAspect    : [EXECUTION] com.liochio.common.service.SystemConfigService.getInt() hoàn tất trong 11 ms
2026-09-08 20:46:03.847 DEBUG [auth-service] [traceId=32ba2e77c09b4025] [tenantId=default] [nio-8081-exec-4] c.liochio.common.advice.LoggingAspect    : [EXECUTION] com.liochio.common.service.SystemConfigService.getInt() hoàn tất trong 5 ms
2026-09-08 20:46:04.165  INFO [auth-service] [traceId=32ba2e77c09b4025] [tenantId=default] [nio-8081-exec-4] c.l.auth.service.LoginSecurityService    : [LoginSecurityService] Đã ghi nhận lịch sử bảo mật: User='superadmin', Status='WRONG_PASSWORD', Reason='Mật khẩu không chính xác (Lần thử 1/5)'
2026-09-08 20:46:04.165 DEBUG [auth-service] [traceId=32ba2e77c09b4025] [tenantId=default] [nio-8081-exec-4] c.liochio.common.advice.LoggingAspect    : [EXECUTION] com.liochio.auth.service.LoginSecurityService.recordFailedLogin() hoàn tất trong 12 ms
2026-09-08 20:46:04.171 ERROR [auth-service] [traceId=32ba2e77c09b4025] [tenantId=default] [nio-8081-exec-4] c.liochio.common.advice.LoggingAspect    : [EXCEPTION] com.liochio.auth.service.AuthService.login() ném ngoại lệ sau 351 ms: Mật khẩu không chính xác. Bạn còn 4 lần thử.
2026-09-08 20:46:04.175 ERROR [auth-service] [traceId=32ba2e77c09b4025] [tenantId=default] [nio-8081-exec-4] c.liochio.common.advice.LoggingAspect    : [EXCEPTION] com.liochio.auth.controller.AuthController.login() ném ngoại lệ sau 355 ms: Mật khẩu không chính xác. Bạn còn 4 lần thử.
2026-09-08 20:46:04.181  WARN [auth-service] [traceId=32ba2e77c09b4025] [tenantId=default] [nio-8081-exec-4] c.l.c.exception.GlobalExceptionHandler   : [AppException] Code: 1007 - Message: Mật khẩu không chính xác. Bạn còn 4 lần thử.
2026-09-08 20:46:08.135  WARN [payment-service] [traceId=NO_TRACE] [tenantId=default] [beatExecutor-%d] c.n.d.s.t.d.RetryableEurekaHttpClient    : Request execution failed with message: I/O error on PUT request for "http://localhost:8761/eureka/apps/PAYMENT-SERVICE/localhost:payment-service:8085": Connect to http://localhost:8761 [localhost/127.0.0.1, localhost/0:0:0:0:0:0:0:1] failed: Connection refused: no further information
2026-09-08 20:46:08.135  WARN [payment-service] [traceId=NO_TRACE] [tenantId=default] [reshExecutor-%d] c.n.d.s.t.d.RetryableEurekaHttpClient    : Request execution failed with message: I/O error on GET request for "http://localhost:8761/eureka/apps/": Connect to http://localhost:8761 [localhost/127.0.0.1, localhost/0:0:0:0:0:0:0:1] failed: Connection refused: no further information
2026-09-08 20:46:08.135 ERROR [payment-service] [traceId=NO_TRACE] [tenantId=default] [beatExecutor-%d] com.netflix.discovery.DiscoveryClient    : DiscoveryClient_PAYMENT-SERVICE/localhost:payment-service:8085 - was unable to send heartbeat!

com.netflix.discovery.shared.transport.TransportException: Cannot execute request on any known server
	at com.netflix.discovery.shared.transport.decorator.RetryableEurekaHttpClient.execute(RetryableEurekaHttpClient.java:112)
	at com.netflix.discovery.shared.transport.decorator.EurekaHttpClientDecorator.sendHeartBeat(EurekaHttpClientDecorator.java:89)
	at com.netflix.discovery.shared.transport.decorator.EurekaHttpClientDecorator$3.execute(EurekaHttpClientDecorator.java:92)
	at com.netflix.discovery.shared.transport.decorator.SessionedEurekaHttpClient.execute(SessionedEurekaHttpClient.java:76)
	at com.netflix.discovery.shared.transport.decorator.EurekaHttpClientDecorator.sendHeartBeat(EurekaHttpClientDecorator.java:89)
	at com.netflix.discovery.DiscoveryClient.renew(DiscoveryClient.java:845)
	at com.netflix.discovery.DiscoveryClient$HeartbeatThread.run(DiscoveryClient.java:1402)
	at java.base/java.util.concurrent.Executors$RunnableAdapter.call(Executors.java:539)
	at java.base/java.util.concurrent.FutureTask.run(FutureTask.java:264)
	at java.base/java.util.concurrent.ThreadPoolExecutor.runWorker(ThreadPoolExecutor.java:1136)
	at java.base/java.util.concurrent.ThreadPoolExecutor$Worker.run(ThreadPoolExecutor.java:635)
	at java.base/java.lang.Thread.run(Thread.java:842)

2026-09-08 20:46:08.235  WARN [payment-service] [traceId=NO_TRACE] [tenantId=default] [foReplicator-%d] c.n.d.s.t.d.RetryableEurekaHttpClient    : Request execution failed with message: I/O error on POST request for "http://localhost:8761/eureka/apps/PAYMENT-SERVICE": Connect to http://localhost:8761 [localhost/127.0.0.1, localhost/0:0:0:0:0:0:0:1] failed: Connection refused: no further information
2026-09-08 20:46:08.236  WARN [payment-service] [traceId=NO_TRACE] [tenantId=default] [foReplicator-%d] com.netflix.discovery.DiscoveryClient    : DiscoveryClient_PAYMENT-SERVICE/localhost:payment-service:8085 - registration failed Cannot execute request on any known server

com.netflix.discovery.shared.transport.TransportException: Cannot execute request on any known server
	at com.netflix.discovery.shared.transport.decorator.RetryableEurekaHttpClient.execute(RetryableEurekaHttpClient.java:112)
	at com.netflix.discovery.shared.transport.decorator.EurekaHttpClientDecorator.register(EurekaHttpClientDecorator.java:56)
	at com.netflix.discovery.shared.transport.decorator.EurekaHttpClientDecorator$1.execute(EurekaHttpClientDecorator.java:59)
	at com.netflix.discovery.shared.transport.decorator.SessionedEurekaHttpClient.execute(SessionedEurekaHttpClient.java:76)
	at com.netflix.discovery.shared.transport.decorator.EurekaHttpClientDecorator.register(EurekaHttpClientDecorator.java:56)
	at com.netflix.discovery.DiscoveryClient.register(DiscoveryClient.java:828)
	at com.netflix.discovery.InstanceInfoReplicator.run(InstanceInfoReplicator.java:125)
	at java.base/java.util.concurrent.Executors$RunnableAdapter.call(Executors.java:539)
	at java.base/java.util.concurrent.FutureTask.run(FutureTask.java:264)
	at java.base/java.util.concurrent.ScheduledThreadPoolExecutor$ScheduledFutureTask.run(ScheduledThreadPoolExecutor.java:304)
	at java.base/java.util.concurrent.ThreadPoolExecutor.runWorker(ThreadPoolExecutor.java:1136)
	at java.base/java.util.concurrent.ThreadPoolExecutor$Worker.run(ThreadPoolExecutor.java:635)
	at java.base/java.lang.Thread.run(Thread.java:842)

2026-09-08 20:46:08.236  WARN [payment-service] [traceId=NO_TRACE] [tenantId=default] [foReplicator-%d] c.n.discovery.InstanceInfoReplicator     : There was a problem with the instance info replicator

com.netflix.discovery.shared.transport.TransportException: Cannot execute request on any known server
	at com.netflix.discovery.shared.transport.decorator.RetryableEurekaHttpClient.execute(RetryableEurekaHttpClient.java:112)
	at com.netflix.discovery.shared.transport.decorator.EurekaHttpClientDecorator.register(EurekaHttpClientDecorator.java:56)
	at com.netflix.discovery.shared.transport.decorator.EurekaHttpClientDecorator$1.execute(EurekaHttpClientDecorator.java:59)
	at com.netflix.discovery.shared.transport.decorator.SessionedEurekaHttpClient.execute(SessionedEurekaHttpClient.java:76)
	at com.netflix.discovery.shared.transport.decorator.EurekaHttpClientDecorator.register(EurekaHttpClientDecorator.java:56)
	at com.netflix.discovery.DiscoveryClient.register(DiscoveryClient.java:828)
	at com.netflix.discovery.InstanceInfoReplicator.run(InstanceInfoReplicator.java:125)
	at java.base/java.util.concurrent.Executors$RunnableAdapter.call(Executors.java:539)
	at java.base/java.util.concurrent.FutureTask.run(FutureTask.java:264)
	at java.base/java.util.concurrent.ScheduledThreadPoolExecutor$ScheduledFutureTask.run(ScheduledThreadPoolExecutor.java:304)
	at java.base/java.util.concurrent.ThreadPoolExecutor.runWorker(ThreadPoolExecutor.java:1136)
	at java.base/java.util.concurrent.ThreadPoolExecutor$Worker.run(ThreadPoolExecutor.java:635)
	at java.base/java.lang.Thread.run(Thread.java:842)

2026-09-08 20:46:24.162 DEBUG [auth-service] [traceId=ab8de0f8da5b47d3] [tenantId=default] [nio-8081-exec-6] com.liochio.common.filter.TenantFilter   : [TenantFilter] Đã nạp Tenant ID: 'default' cho URI: /api/v1/auth/login
2026-09-08 20:46:24.181 DEBUG [auth-service] [traceId=ab8de0f8da5b47d3] [tenantId=default] [nio-8081-exec-6] c.liochio.common.advice.LoggingAspect    : [EXECUTION] com.liochio.common.service.SystemConfigService.getInt() hoàn tất trong 0 ms
2026-09-08 20:46:24.183 DEBUG [auth-service] [traceId=ab8de0f8da5b47d3] [tenantId=default] [nio-8081-exec-6] c.liochio.common.advice.LoggingAspect    : [EXECUTION] com.liochio.common.service.SystemConfigService.getInt() hoàn tất trong 0 ms
2026-09-08 20:46:24.263  INFO [auth-service] [traceId=ab8de0f8da5b47d3] [tenantId=default] [nio-8081-exec-6] c.l.auth.service.LoginSecurityService    : [LoginSecurityService] Đã ghi nhận lịch sử bảo mật: User='superadmin', Status='WRONG_PASSWORD', Reason='Mật khẩu không chính xác (Lần thử 1/5)'
2026-09-08 20:46:24.263 DEBUG [auth-service] [traceId=ab8de0f8da5b47d3] [tenantId=default] [nio-8081-exec-6] c.liochio.common.advice.LoggingAspect    : [EXECUTION] com.liochio.auth.service.LoginSecurityService.recordFailedLogin() hoàn tất trong 8 ms
2026-09-08 20:46:24.270 ERROR [auth-service] [traceId=ab8de0f8da5b47d3] [tenantId=default] [nio-8081-exec-6] c.liochio.common.advice.LoggingAspect    : [EXCEPTION] com.liochio.auth.service.AuthService.login() ném ngoại lệ sau 98 ms: Mật khẩu không chính xác. Bạn còn 4 lần thử.
2026-09-08 20:46:24.271 ERROR [auth-service] [traceId=ab8de0f8da5b47d3] [tenantId=default] [nio-8081-exec-6] c.liochio.common.advice.LoggingAspect    : [EXCEPTION] com.liochio.auth.controller.AuthController.login() ném ngoại lệ sau 100 ms: Mật khẩu không chính xác. Bạn còn 4 lần thử.
2026-09-08 20:46:24.275  WARN [auth-service] [traceId=ab8de0f8da5b47d3] [tenantId=default] [nio-8081-exec-6] c.l.c.exception.GlobalExceptionHandler   : [AppException] Code: 1007 - Message: Mật khẩu không chính xác. Bạn còn 4 lần thử.
2026-09-08 20:46:38.146  WARN [payment-service] [traceId=NO_TRACE] [tenantId=default] [beatExecutor-%d] c.n.d.s.t.d.RetryableEurekaHttpClient    : Request execution failed with message: I/O error on PUT request for "http://localhost:8761/eureka/apps/PAYMENT-SERVICE/localhost:payment-service:8085": Connect to http://localhost:8761 [localhost/127.0.0.1, localhost/0:0:0:0:0:0:0:1] failed: Connection refused: no further information
2026-09-08 20:46:38.147 ERROR [payment-service] [traceId=NO_TRACE] [tenantId=default] [beatExecutor-%d] com.netflix.discovery.DiscoveryClient    : DiscoveryClient_PAYMENT-SERVICE/localhost:payment-service:8085 - was unable to send heartbeat!

com.netflix.discovery.shared.transport.TransportException: Cannot execute request on any known server
	at com.netflix.discovery.shared.transport.decorator.RetryableEurekaHttpClient.execute(RetryableEurekaHttpClient.java:112)
	at com.netflix.discovery.shared.transport.decorator.EurekaHttpClientDecorator.sendHeartBeat(EurekaHttpClientDecorator.java:89)
	at com.netflix.discovery.shared.transport.decorator.EurekaHttpClientDecorator$3.execute(EurekaHttpClientDecorator.java:92)
	at com.netflix.discovery.shared.transport.decorator.SessionedEurekaHttpClient.execute(SessionedEurekaHttpClient.java:76)
	at com.netflix.discovery.shared.transport.decorator.EurekaHttpClientDecorator.sendHeartBeat(EurekaHttpClientDecorator.java:89)
	at com.netflix.discovery.DiscoveryClient.renew(DiscoveryClient.java:845)
	at com.netflix.discovery.DiscoveryClient$HeartbeatThread.run(DiscoveryClient.java:1402)
	at java.base/java.util.concurrent.Executors$RunnableAdapter.call(Executors.java:539)
	at java.base/java.util.concurrent.FutureTask.run(FutureTask.java:264)
	at java.base/java.util.concurrent.ThreadPoolExecutor.runWorker(ThreadPoolExecutor.java:1136)
	at java.base/java.util.concurrent.ThreadPoolExecutor$Worker.run(ThreadPoolExecutor.java:635)
	at java.base/java.lang.Thread.run(Thread.java:842)

2026-09-08 20:46:38.169  WARN [payment-service] [traceId=NO_TRACE] [tenantId=default] [reshExecutor-%d] c.n.d.s.t.d.RetryableEurekaHttpClient    : Request execution failed with message: I/O error on GET request for "http://localhost:8761/eureka/apps/": Connect to http://localhost:8761 [localhost/127.0.0.1, localhost/0:0:0:0:0:0:0:1] failed: Connection refused: no further information
2026-09-08 20:46:38.258  WARN [payment-service] [traceId=NO_TRACE] [tenantId=default] [foReplicator-%d] c.n.d.s.t.d.RetryableEurekaHttpClient    : Request execution failed with message: I/O error on POST request for "http://localhost:8761/eureka/apps/PAYMENT-SERVICE": Connect to http://localhost:8761 [localhost/127.0.0.1, localhost/0:0:0:0:0:0:0:1] failed: Connection refused: no further information
2026-09-08 20:46:38.258  WARN [payment-service] [traceId=NO_TRACE] [tenantId=default] [foReplicator-%d] com.netflix.discovery.DiscoveryClient    : DiscoveryClient_PAYMENT-SERVICE/localhost:payment-service:8085 - registration failed Cannot execute request on any known server

com.netflix.discovery.shared.transport.TransportException: Cannot execute request on any known server
	at com.netflix.discovery.shared.transport.decorator.RetryableEurekaHttpClient.execute(RetryableEurekaHttpClient.java:112)
	at com.netflix.discovery.shared.transport.decorator.EurekaHttpClientDecorator.register(EurekaHttpClientDecorator.java:56)
	at com.netflix.discovery.shared.transport.decorator.EurekaHttpClientDecorator$1.execute(EurekaHttpClientDecorator.java:59)
	at com.netflix.discovery.shared.transport.decorator.SessionedEurekaHttpClient.execute(SessionedEurekaHttpClient.java:76)
	at com.netflix.discovery.shared.transport.decorator.EurekaHttpClientDecorator.register(EurekaHttpClientDecorator.java:56)
	at com.netflix.discovery.DiscoveryClient.register(DiscoveryClient.java:828)
	at com.netflix.discovery.InstanceInfoReplicator.run(InstanceInfoReplicator.java:125)
	at java.base/java.util.concurrent.Executors$RunnableAdapter.call(Executors.java:539)
	at java.base/java.util.concurrent.FutureTask.run(FutureTask.java:264)
	at java.base/java.util.concurrent.ScheduledThreadPoolExecutor$ScheduledFutureTask.run(ScheduledThreadPoolExecutor.java:304)
	at java.base/java.util.concurrent.ThreadPoolExecutor.runWorker(ThreadPoolExecutor.java:1136)
	at java.base/java.util.concurrent.ThreadPoolExecutor$Worker.run(ThreadPoolExecutor.java:635)
	at java.base/java.lang.Thread.run(Thread.java:842)

2026-09-08 20:46:38.259  WARN [payment-service] [traceId=NO_TRACE] [tenantId=default] [foReplicator-%d] c.n.discovery.InstanceInfoReplicator     : There was a problem with the instance info replicator

com.netflix.discovery.shared.transport.TransportException: Cannot execute request on any known server
	at com.netflix.discovery.shared.transport.decorator.RetryableEurekaHttpClient.execute(RetryableEurekaHttpClient.java:112)
	at com.netflix.discovery.shared.transport.decorator.EurekaHttpClientDecorator.register(EurekaHttpClientDecorator.java:56)
	at com.netflix.discovery.shared.transport.decorator.EurekaHttpClientDecorator$1.execute(EurekaHttpClientDecorator.java:59)
	at com.netflix.discovery.shared.transport.decorator.SessionedEurekaHttpClient.execute(SessionedEurekaHttpClient.java:76)
	at com.netflix.discovery.shared.transport.decorator.EurekaHttpClientDecorator.register(EurekaHttpClientDecorator.java:56)
	at com.netflix.discovery.DiscoveryClient.register(DiscoveryClient.java:828)
	at com.netflix.discovery.InstanceInfoReplicator.run(InstanceInfoReplicator.java:125)
	at java.base/java.util.concurrent.Executors$RunnableAdapter.call(Executors.java:539)
	at java.base/java.util.concurrent.FutureTask.run(FutureTask.java:264)
	at java.base/java.util.concurrent.ScheduledThreadPoolExecutor$ScheduledFutureTask.run(ScheduledThreadPoolExecutor.java:304)
	at java.base/java.util.concurrent.ThreadPoolExecutor.runWorker(ThreadPoolExecutor.java:1136)
	at java.base/java.util.concurrent.ThreadPoolExecutor$Worker.run(ThreadPoolExecutor.java:635)
	at java.base/java.lang.Thread.run(Thread.java:842)

2026-09-08 20:47:08.213  WARN [payment-service] [traceId=NO_TRACE] [tenantId=default] [beatExecutor-%d] c.n.d.s.t.d.RetryableEurekaHttpClient    : Request execution failed with message: I/O error on PUT request for "http://localhost:8761/eureka/apps/PAYMENT-SERVICE/localhost:payment-service:8085": Connect to http://localhost:8761 [localhost/127.0.0.1, localhost/0:0:0:0:0:0:0:1] failed: Connection refused: no further information
2026-09-08 20:47:08.213  WARN [payment-service] [traceId=NO_TRACE] [tenantId=default] [reshExecutor-%d] c.n.d.s.t.d.RetryableEurekaHttpClient    : Request execution failed with message: I/O error on GET request for "http://localhost:8761/eureka/apps/": Connect to http://localhost:8761 [localhost/127.0.0.1, localhost/0:0:0:0:0:0:0:1] failed: Connection refused: no further information
2026-09-08 20:47:08.213 ERROR [payment-service] [traceId=NO_TRACE] [tenantId=default] [beatExecutor-%d] com.netflix.discovery.DiscoveryClient    : DiscoveryClient_PAYMENT-SERVICE/localhost:payment-service:8085 - was unable to send heartbeat!

com.netflix.discovery.shared.transport.TransportException: Cannot execute request on any known server
	at com.netflix.discovery.shared.transport.decorator.RetryableEurekaHttpClient.execute(RetryableEurekaHttpClient.java:112)
	at com.netflix.discovery.shared.transport.decorator.EurekaHttpClientDecorator.sendHeartBeat(EurekaHttpClientDecorator.java:89)
	at com.netflix.discovery.shared.transport.decorator.EurekaHttpClientDecorator$3.execute(EurekaHttpClientDecorator.java:92)
	at com.netflix.discovery.shared.transport.decorator.SessionedEurekaHttpClient.execute(SessionedEurekaHttpClient.java:76)
	at com.netflix.discovery.shared.transport.decorator.EurekaHttpClientDecorator.sendHeartBeat(EurekaHttpClientDecorator.java:89)
	at com.netflix.discovery.DiscoveryClient.renew(DiscoveryClient.java:845)
	at com.netflix.discovery.DiscoveryClient$HeartbeatThread.run(DiscoveryClient.java:1402)
	at java.base/java.util.concurrent.Executors$RunnableAdapter.call(Executors.java:539)
	at java.base/java.util.concurrent.FutureTask.run(FutureTask.java:264)
	at java.base/java.util.concurrent.ThreadPoolExecutor.runWorker(ThreadPoolExecutor.java:1136)
	at java.base/java.util.concurrent.ThreadPoolExecutor$Worker.run(ThreadPoolExecutor.java:635)
	at java.base/java.lang.Thread.run(Thread.java:842)

2026-09-08 20:47:08.293  WARN [payment-service] [traceId=NO_TRACE] [tenantId=default] [foReplicator-%d] c.n.d.s.t.d.RetryableEurekaHttpClient    : Request execution failed with message: I/O error on POST request for "http://localhost:8761/eureka/apps/PAYMENT-SERVICE": Connect to http://localhost:8761 [localhost/127.0.0.1, localhost/0:0:0:0:0:0:0:1] failed: Connection refused: no further information
2026-09-08 20:47:08.293  WARN [payment-service] [traceId=NO_TRACE] [tenantId=default] [foReplicator-%d] com.netflix.discovery.DiscoveryClient    : DiscoveryClient_PAYMENT-SERVICE/localhost:payment-service:8085 - registration failed Cannot execute request on any known server

com.netflix.discovery.shared.transport.TransportException: Cannot execute request on any known server
	at com.netflix.discovery.shared.transport.decorator.RetryableEurekaHttpClient.execute(RetryableEurekaHttpClient.java:112)
	at com.netflix.discovery.shared.transport.decorator.EurekaHttpClientDecorator.register(EurekaHttpClientDecorator.java:56)
	at com.netflix.discovery.shared.transport.decorator.EurekaHttpClientDecorator$1.execute(EurekaHttpClientDecorator.java:59)
	at com.netflix.discovery.shared.transport.decorator.SessionedEurekaHttpClient.execute(SessionedEurekaHttpClient.java:76)
	at com.netflix.discovery.shared.transport.decorator.EurekaHttpClientDecorator.register(EurekaHttpClientDecorator.java:56)
	at com.netflix.discovery.DiscoveryClient.register(DiscoveryClient.java:828)
	at com.netflix.discovery.InstanceInfoReplicator.run(InstanceInfoReplicator.java:125)
	at java.base/java.util.concurrent.Executors$RunnableAdapter.call(Executors.java:539)
	at java.base/java.util.concurrent.FutureTask.run(FutureTask.java:264)
	at java.base/java.util.concurrent.ScheduledThreadPoolExecutor$ScheduledFutureTask.run(ScheduledThreadPoolExecutor.java:304)
	at java.base/java.util.concurrent.ThreadPoolExecutor.runWorker(ThreadPoolExecutor.java:1136)
	at java.base/java.util.concurrent.ThreadPoolExecutor$Worker.run(ThreadPoolExecutor.java:635)
	at java.base/java.lang.Thread.run(Thread.java:842)

2026-09-08 20:47:08.293  WARN [payment-service] [traceId=NO_TRACE] [tenantId=default] [foReplicator-%d] c.n.discovery.InstanceInfoReplicator     : There was a problem with the instance info replicator

com.netflix.discovery.shared.transport.TransportException: Cannot execute request on any known server
	at com.netflix.discovery.shared.transport.decorator.RetryableEurekaHttpClient.execute(RetryableEurekaHttpClient.java:112)
	at com.netflix.discovery.shared.transport.decorator.EurekaHttpClientDecorator.register(EurekaHttpClientDecorator.java:56)
	at com.netflix.discovery.shared.transport.decorator.EurekaHttpClientDecorator$1.execute(EurekaHttpClientDecorator.java:59)
	at com.netflix.discovery.shared.transport.decorator.SessionedEurekaHttpClient.execute(SessionedEurekaHttpClient.java:76)
	at com.netflix.discovery.shared.transport.decorator.EurekaHttpClientDecorator.register(EurekaHttpClientDecorator.java:56)
	at com.netflix.discovery.DiscoveryClient.register(DiscoveryClient.java:828)
	at com.netflix.discovery.InstanceInfoReplicator.run(InstanceInfoReplicator.java:125)
	at java.base/java.util.concurrent.Executors$RunnableAdapter.call(Executors.java:539)
	at java.base/java.util.concurrent.FutureTask.run(FutureTask.java:264)
	at java.base/java.util.concurrent.ScheduledThreadPoolExecutor$ScheduledFutureTask.run(ScheduledThreadPoolExecutor.java:304)
	at java.base/java.util.concurrent.ThreadPoolExecutor.runWorker(ThreadPoolExecutor.java:1136)
	at java.base/java.util.concurrent.ThreadPoolExecutor$Worker.run(ThreadPoolExecutor.java:635)
	at java.base/java.lang.Thread.run(Thread.java:842)

2026-09-08 20:47:09.040 DEBUG [auth-service] [traceId=357046ae21b94357] [tenantId=default] [nio-8081-exec-5] com.liochio.common.filter.TenantFilter   : [TenantFilter] Đã nạp Tenant ID: 'default' cho URI: /api/v1/auth/login
2026-09-08 20:47:09.051 DEBUG [auth-service] [traceId=357046ae21b94357] [tenantId=default] [nio-8081-exec-5] c.liochio.common.advice.LoggingAspect    : [EXECUTION] com.liochio.common.service.SystemConfigService.getInt() hoàn tất trong 0 ms
2026-09-08 20:47:09.052 DEBUG [auth-service] [traceId=357046ae21b94357] [tenantId=default] [nio-8081-exec-5] c.liochio.common.advice.LoggingAspect    : [EXECUTION] com.liochio.common.service.SystemConfigService.getInt() hoàn tất trong 0 ms
2026-09-08 20:47:09.348  INFO [auth-service] [traceId=357046ae21b94357] [tenantId=default] [nio-8081-exec-5] c.l.auth.service.LoginSecurityService    : [LoginSecurityService] Đã ghi nhận lịch sử bảo mật: User='superadmin', Status='SUCCESS', Reason='Đăng nhập thành công'
2026-09-08 20:47:09.350 DEBUG [auth-service] [traceId=357046ae21b94357] [tenantId=default] [nio-8081-exec-5] c.liochio.common.advice.LoggingAspect    : [EXECUTION] com.liochio.auth.service.LoginSecurityService.recordSuccessfulLogin() hoàn tất trong 9 ms
2026-09-08 20:47:09.360  INFO [auth-service] [traceId=357046ae21b94357] [tenantId=default] [nio-8081-exec-5] com.liochio.auth.service.DeviceService   : [DeviceService] Tạo mới thiết bị: User=1, DeviceId=fp_196e530f9c611ded, Trusted=false
2026-09-08 20:47:09.363 DEBUG [auth-service] [traceId=357046ae21b94357] [tenantId=default] [nio-8081-exec-5] c.liochio.common.advice.LoggingAspect    : [EXECUTION] com.liochio.auth.service.DeviceService.getOrCreateDevice() hoàn tất trong 11 ms
2026-09-08 20:47:09.366  INFO [auth-service] [traceId=357046ae21b94357] [tenantId=default] [nio-8081-exec-5] c.l.auth.service.LoginSecurityService    : [LoginSecurityService] Đã ghi nhận lịch sử bảo mật: User='superadmin', Status='UNTRUSTED_DEVICE_CHALLENGE', Reason='Phát hiện thiết bị lạ: fp_196e530f9c611ded'
2026-09-08 20:47:09.366 DEBUG [auth-service] [traceId=357046ae21b94357] [tenantId=default] [nio-8081-exec-5] c.liochio.common.advice.LoggingAspect    : [EXECUTION] com.liochio.auth.service.LoginSecurityService.recordDeviceChallenge() hoàn tất trong 2 ms
2026-09-08 20:47:09.427  WARN [auth-service] [traceId=357046ae21b94357] [tenantId=default] [nio-8081-exec-5] com.liochio.auth.service.OtpService      : [OtpService] otp-service (8094) không phản hồi (Connection refused: no further information executing POST http://localhost:8094/api/v1/otp/generate), kích hoạt Fallback OTP Mode
2026-09-08 20:47:09.787  INFO [auth-service] [traceId=357046ae21b94357] [tenantId=default] [nio-8081-exec-5] com.liochio.auth.service.OtpService      : [OtpService] [FALLBACK_OTP_GENERATED] Mã OTP cho User ID=1: 316485
2026-09-08 20:47:09.787 DEBUG [auth-service] [traceId=357046ae21b94357] [tenantId=default] [nio-8081-exec-5] c.liochio.common.advice.LoggingAspect    : [EXECUTION] com.liochio.auth.service.OtpService.generateAndSaveOtp() hoàn tất trong 418 ms
2026-09-08 20:47:09.787  WARN [auth-service] [traceId=357046ae21b94357] [tenantId=default] [nio-8081-exec-5] com.liochio.auth.service.AuthService     : [AuthService] Yêu cầu 2FA xác thực thiết bị mới cho User='superadmin', DeviceId='fp_196e530f9c611ded'
2026-09-08 20:47:09.787 DEBUG [auth-service] [traceId=357046ae21b94357] [tenantId=default] [nio-8081-exec-5] c.liochio.common.advice.LoggingAspect    : [EXECUTION] com.liochio.auth.service.AuthService.login() hoàn tất trong 743 ms
2026-09-08 20:47:09.792 DEBUG [auth-service] [traceId=357046ae21b94357] [tenantId=default] [nio-8081-exec-5] c.liochio.common.advice.LoggingAspect    : [EXECUTION] com.liochio.common.i18n.MessageService.getMessage() hoàn tất trong 0 ms
2026-09-08 20:47:09.792 DEBUG [auth-service] [traceId=357046ae21b94357] [tenantId=default] [nio-8081-exec-5] c.liochio.common.advice.LoggingAspect    : [EXECUTION] com.liochio.auth.controller.AuthController.login() hoàn tất trong 749 ms
2026-09-08 20:47:12.829 DEBUG [auth-service] [traceId=47120569fce14d4e] [tenantId=default] [nio-8081-exec-7] com.liochio.common.filter.TenantFilter   : [TenantFilter] Đã nạp Tenant ID: 'default' cho URI: /api/v1/auth/login
2026-09-08 20:47:12.837 DEBUG [auth-service] [traceId=47120569fce14d4e] [tenantId=default] [nio-8081-exec-7] c.liochio.common.advice.LoggingAspect    : [EXECUTION] com.liochio.common.service.SystemConfigService.getInt() hoàn tất trong 0 ms
2026-09-08 20:47:12.837 DEBUG [auth-service] [traceId=47120569fce14d4e] [tenantId=default] [nio-8081-exec-7] c.liochio.common.advice.LoggingAspect    : [EXECUTION] com.liochio.common.service.SystemConfigService.getInt() hoàn tất trong 0 ms
2026-09-08 20:47:13.116  INFO [auth-service] [traceId=47120569fce14d4e] [tenantId=default] [nio-8081-exec-7] c.l.auth.service.LoginSecurityService    : [LoginSecurityService] Đã ghi nhận lịch sử bảo mật: User='superadmin', Status='SUCCESS', Reason='Đăng nhập thành công'
2026-09-08 20:47:13.116 DEBUG [auth-service] [traceId=47120569fce14d4e] [tenantId=default] [nio-8081-exec-7] c.liochio.common.advice.LoggingAspect    : [EXECUTION] com.liochio.auth.service.LoginSecurityService.recordSuccessfulLogin() hoàn tất trong 2 ms
2026-09-08 20:47:13.123 DEBUG [auth-service] [traceId=47120569fce14d4e] [tenantId=default] [nio-8081-exec-7] c.liochio.common.advice.LoggingAspect    : [EXECUTION] com.liochio.auth.service.DeviceService.getOrCreateDevice() hoàn tất trong 4 ms
2026-09-08 20:47:13.126  INFO [auth-service] [traceId=47120569fce14d4e] [tenantId=default] [nio-8081-exec-7] c.l.auth.service.LoginSecurityService    : [LoginSecurityService] Đã ghi nhận lịch sử bảo mật: User='superadmin', Status='UNTRUSTED_DEVICE_CHALLENGE', Reason='Phát hiện thiết bị lạ: fp_196e530f9c611ded'
2026-09-08 20:47:13.126 DEBUG [auth-service] [traceId=47120569fce14d4e] [tenantId=default] [nio-8081-exec-7] c.liochio.common.advice.LoggingAspect    : [EXECUTION] com.liochio.auth.service.LoginSecurityService.recordDeviceChallenge() hoàn tất trong 2 ms
2026-09-08 20:47:13.130  WARN [auth-service] [traceId=47120569fce14d4e] [tenantId=default] [nio-8081-exec-7] com.liochio.auth.service.OtpService      : [OtpService] otp-service (8094) không phản hồi (Connection refused: no further information executing POST http://localhost:8094/api/v1/otp/generate), kích hoạt Fallback OTP Mode
2026-09-08 20:47:13.137  INFO [auth-service] [traceId=47120569fce14d4e] [tenantId=default] [nio-8081-exec-7] com.liochio.auth.service.OtpService      : [OtpService] [FALLBACK_OTP_GENERATED] Mã OTP cho User ID=1: 225360
2026-09-08 20:47:13.137 DEBUG [auth-service] [traceId=47120569fce14d4e] [tenantId=default] [nio-8081-exec-7] c.liochio.common.advice.LoggingAspect    : [EXECUTION] com.liochio.auth.service.OtpService.generateAndSaveOtp() hoàn tất trong 8 ms
2026-09-08 20:47:13.137  WARN [auth-service] [traceId=47120569fce14d4e] [tenantId=default] [nio-8081-exec-7] com.liochio.auth.service.AuthService     : [AuthService] Yêu cầu 2FA xác thực thiết bị mới cho User='superadmin', DeviceId='fp_196e530f9c611ded'
2026-09-08 20:47:13.138 DEBUG [auth-service] [traceId=47120569fce14d4e] [tenantId=default] [nio-8081-exec-7] c.liochio.common.advice.LoggingAspect    : [EXECUTION] com.liochio.auth.service.AuthService.login() hoàn tất trong 306 ms
2026-09-08 20:47:13.143 DEBUG [auth-service] [traceId=47120569fce14d4e] [tenantId=default] [nio-8081-exec-7] c.liochio.common.advice.LoggingAspect    : [EXECUTION] com.liochio.common.i18n.MessageService.getMessage() hoàn tất trong 0 ms
2026-09-08 20:47:13.143 DEBUG [auth-service] [traceId=47120569fce14d4e] [tenantId=default] [nio-8081-exec-7] c.liochio.common.advice.LoggingAspect    : [EXECUTION] com.liochio.auth.controller.AuthController.login() hoàn tất trong 312 ms
2026-09-08 20:47:27.700 DEBUG [auth-service] [traceId=40f72e763de14f77] [tenantId=default] [nio-8081-exec-8] com.liochio.common.filter.TenantFilter   : [TenantFilter] Đã nạp Tenant ID: 'default' cho URI: /api/v1/auth/verify-device-otp
2026-09-08 20:47:27.717  WARN [auth-service] [traceId=40f72e763de14f77] [tenantId=default] [nio-8081-exec-8] com.liochio.auth.service.OtpService      : [OtpService] otp-service không khả dụng (Connection refused: no further information executing POST http://localhost:8094/api/v1/otp/verify), kiểm tra Fallback OTP Cache
2026-09-08 20:47:27.723  INFO [auth-service] [traceId=40f72e763de14f77] [tenantId=default] [nio-8081-exec-8] com.liochio.auth.service.OtpService      : [OtpService] Xác thực OTP thành công qua Fallback Cache cho User ID: 1
2026-09-08 20:47:27.723 DEBUG [auth-service] [traceId=40f72e763de14f77] [tenantId=default] [nio-8081-exec-8] c.liochio.common.advice.LoggingAspect    : [EXECUTION] com.liochio.auth.service.OtpService.verifyOtp() hoàn tất trong 9 ms
2026-09-08 20:47:27.727  INFO [auth-service] [traceId=40f72e763de14f77] [tenantId=default] [nio-8081-exec-8] com.liochio.auth.service.DeviceService   : [DeviceService] Đã gắn nhãn Tin Cậy (Trusted) cho thiết bị: User=1, DeviceId=fp_196e530f9c611ded
2026-09-08 20:47:27.727 DEBUG [auth-service] [traceId=40f72e763de14f77] [tenantId=default] [nio-8081-exec-8] c.liochio.common.advice.LoggingAspect    : [EXECUTION] com.liochio.auth.service.DeviceService.trustDevice() hoàn tất trong 4 ms
2026-09-08 20:47:27.869  WARN [auth-service] [traceId=40f72e763de14f77] [tenantId=default] [nio-8081-exec-8] c.l.c.security.TokenBlacklistService     : [TokenBlacklist] Không thể ghi Session vào Redis: Unable to connect to Redis
2026-09-08 20:47:27.869 DEBUG [auth-service] [traceId=40f72e763de14f77] [tenantId=default] [nio-8081-exec-8] c.liochio.common.advice.LoggingAspect    : [EXECUTION] com.liochio.common.security.TokenBlacklistService.blacklistSession() hoàn tất trong 3 ms
2026-09-08 20:47:27.869  WARN [auth-service] [traceId=40f72e763de14f77] [tenantId=default] [nio-8081-exec-8] c.liochio.auth.service.SessionService    : [SessionService] [CONCURRENT KICK-OUT] Đã thu hồi phiên cũ sess_1374b1258e7244baac74a92406bfe4b1 của User ID: 1 do đăng nhập trên thiết bị mới fp_196e530f9c611ded
2026-09-08 20:47:27.873  WARN [auth-service] [traceId=40f72e763de14f77] [tenantId=default] [nio-8081-exec-8] c.l.c.security.TokenBlacklistService     : [TokenBlacklist] Không thể ghi Session vào Redis: Unable to connect to Redis
2026-09-08 20:47:27.873 DEBUG [auth-service] [traceId=40f72e763de14f77] [tenantId=default] [nio-8081-exec-8] c.liochio.common.advice.LoggingAspect    : [EXECUTION] com.liochio.common.security.TokenBlacklistService.blacklistSession() hoàn tất trong 3 ms
2026-09-08 20:47:27.873  WARN [auth-service] [traceId=40f72e763de14f77] [tenantId=default] [nio-8081-exec-8] c.liochio.auth.service.SessionService    : [SessionService] [CONCURRENT KICK-OUT] Đã thu hồi phiên cũ sess_7f452bd18bdf4f6d98d404ad318731ac của User ID: 1 do đăng nhập trên thiết bị mới fp_196e530f9c611ded
2026-09-08 20:47:27.876  WARN [auth-service] [traceId=40f72e763de14f77] [tenantId=default] [nio-8081-exec-8] c.l.c.security.TokenBlacklistService     : [TokenBlacklist] Không thể ghi Session vào Redis: Unable to connect to Redis
2026-09-08 20:47:27.877 DEBUG [auth-service] [traceId=40f72e763de14f77] [tenantId=default] [nio-8081-exec-8] c.liochio.common.advice.LoggingAspect    : [EXECUTION] com.liochio.common.security.TokenBlacklistService.blacklistSession() hoàn tất trong 3 ms
2026-09-08 20:47:27.877  WARN [auth-service] [traceId=40f72e763de14f77] [tenantId=default] [nio-8081-exec-8] c.liochio.auth.service.SessionService    : [SessionService] [CONCURRENT KICK-OUT] Đã thu hồi phiên cũ sess_b70126e6304540fe96e1cceed2a763ea của User ID: 1 do đăng nhập trên thiết bị mới fp_196e530f9c611ded
2026-09-08 20:47:27.879  WARN [auth-service] [traceId=40f72e763de14f77] [tenantId=default] [nio-8081-exec-8] c.l.c.security.TokenBlacklistService     : [TokenBlacklist] Không thể ghi Session vào Redis: Unable to connect to Redis
2026-09-08 20:47:27.880 DEBUG [auth-service] [traceId=40f72e763de14f77] [tenantId=default] [nio-8081-exec-8] c.liochio.common.advice.LoggingAspect    : [EXECUTION] com.liochio.common.security.TokenBlacklistService.blacklistSession() hoàn tất trong 3 ms
2026-09-08 20:47:27.880  WARN [auth-service] [traceId=40f72e763de14f77] [tenantId=default] [nio-8081-exec-8] c.liochio.auth.service.SessionService    : [SessionService] [CONCURRENT KICK-OUT] Đã thu hồi phiên cũ sess_d95697a6157a40ca9b187f5053afe8c3 của User ID: 1 do đăng nhập trên thiết bị mới fp_196e530f9c611ded
2026-09-08 20:47:27.880 DEBUG [auth-service] [traceId=40f72e763de14f77] [tenantId=default] [nio-8081-exec-8] c.liochio.common.advice.LoggingAspect    : [EXECUTION] com.liochio.auth.service.SessionService.kickOutOtherMobileSessions() hoàn tất trong 21 ms
2026-09-08 20:47:27.885  INFO [auth-service] [traceId=40f72e763de14f77] [tenantId=default] [nio-8081-exec-8] c.liochio.auth.service.SessionService    : [SessionService] Tạo phiên mới: SessionID=sess_6a82790ad7f4441cacbf03eff7a36cf9, UserID=1, DeviceID=fp_196e530f9c611ded
2026-09-08 20:47:27.885 DEBUG [auth-service] [traceId=40f72e763de14f77] [tenantId=default] [nio-8081-exec-8] c.liochio.common.advice.LoggingAspect    : [EXECUTION] com.liochio.auth.service.SessionService.createSession() hoàn tất trong 4 ms
2026-09-08 20:47:27.901 DEBUG [auth-service] [traceId=40f72e763de14f77] [tenantId=default] [nio-8081-exec-8] c.liochio.common.advice.LoggingAspect    : [EXECUTION] com.liochio.auth.service.AuthService.verifyDeviceOtp() hoàn tất trong 193 ms
2026-09-08 20:47:27.911 DEBUG [auth-service] [traceId=40f72e763de14f77] [tenantId=default] [nio-8081-exec-8] c.liochio.common.advice.LoggingAspect    : [EXECUTION] com.liochio.common.i18n.MessageService.getMessage() hoàn tất trong 0 ms
2026-09-08 20:47:27.911 DEBUG [auth-service] [traceId=40f72e763de14f77] [tenantId=default] [nio-8081-exec-8] c.liochio.common.advice.LoggingAspect    : [EXECUTION] com.liochio.auth.controller.AuthController.verifyDeviceOtp() hoàn tất trong 204 ms
2026-09-08 20:47:34.823 DEBUG [payment-service] [traceId=edacfac4fc9c443d] [tenantId=default] [nio-8085-exec-3] com.liochio.common.filter.TenantFilter   : [TenantFilter] Đã nạp Tenant ID: 'default' cho URI: /api/payments/compensate
2026-09-08 20:47:35.280 DEBUG [payment-service] [traceId=edacfac4fc9c443d] [tenantId=default] [nio-8085-exec-3] c.l.c.security.TokenBlacklistService     : [TokenBlacklist] Kiểm tra Redis lỗi, tiếp tục: Unable to connect to Redis
2026-09-08 20:47:35.430 DEBUG [payment-service] [traceId=edacfac4fc9c443d] [tenantId=default] [nio-8085-exec-3] c.liochio.common.advice.LoggingAspect    : [EXECUTION] com.liochio.common.security.TokenBlacklistService.isBlacklisted() hoàn tất trong 605 ms
2026-09-08 20:47:35.433  WARN [payment-service] [traceId=edacfac4fc9c443d] [tenantId=default] [nio-8085-exec-3] com.liochio.common.security.JwtUtils     : [JwtUtils] Token không hợp lệ hoặc đã hết hạn: JWT signature does not match locally computed signature. JWT validity cannot be asserted and should not be trusted.
2026-09-08 20:47:35.434  WARN [payment-service] [traceId=edacfac4fc9c443d] [tenantId=default] [nio-8085-exec-3] c.l.c.s.CustomAuthenticationEntryPoint   : [AuthenticationEntryPoint] 401 Unauthorized tại URI: /api/payments/compensate - Lý do: Full authentication is required to access this resource
2026-09-08 20:47:35.435 DEBUG [payment-service] [traceId=edacfac4fc9c443d] [tenantId=default] [nio-8085-exec-3] c.liochio.common.advice.LoggingAspect    : [EXECUTION] com.liochio.common.i18n.MessageService.getMessage() hoàn tất trong 1 ms
2026-09-08 20:47:38.235  WARN [payment-service] [traceId=NO_TRACE] [tenantId=default] [beatExecutor-%d] c.n.d.s.t.d.RetryableEurekaHttpClient    : Request execution failed with message: I/O error on PUT request for "http://localhost:8761/eureka/apps/PAYMENT-SERVICE/localhost:payment-service:8085": Connect to http://localhost:8761 [localhost/127.0.0.1, localhost/0:0:0:0:0:0:0:1] failed: Connection refused: no further information
2026-09-08 20:47:38.235 ERROR [payment-service] [traceId=NO_TRACE] [tenantId=default] [beatExecutor-%d] com.netflix.discovery.DiscoveryClient    : DiscoveryClient_PAYMENT-SERVICE/localhost:payment-service:8085 - was unable to send heartbeat!

com.netflix.discovery.shared.transport.TransportException: Cannot execute request on any known server
	at com.netflix.discovery.shared.transport.decorator.RetryableEurekaHttpClient.execute(RetryableEurekaHttpClient.java:112)
	at com.netflix.discovery.shared.transport.decorator.EurekaHttpClientDecorator.sendHeartBeat(EurekaHttpClientDecorator.java:89)
	at com.netflix.discovery.shared.transport.decorator.EurekaHttpClientDecorator$3.execute(EurekaHttpClientDecorator.java:92)
	at com.netflix.discovery.shared.transport.decorator.SessionedEurekaHttpClient.execute(SessionedEurekaHttpClient.java:76)
	at com.netflix.discovery.shared.transport.decorator.EurekaHttpClientDecorator.sendHeartBeat(EurekaHttpClientDecorator.java:89)
	at com.netflix.discovery.DiscoveryClient.renew(DiscoveryClient.java:845)
	at com.netflix.discovery.DiscoveryClient$HeartbeatThread.run(DiscoveryClient.java:1402)
	at java.base/java.util.concurrent.Executors$RunnableAdapter.call(Executors.java:539)
	at java.base/java.util.concurrent.FutureTask.run(FutureTask.java:264)
	at java.base/java.util.concurrent.ThreadPoolExecutor.runWorker(ThreadPoolExecutor.java:1136)
	at java.base/java.util.concurrent.ThreadPoolExecutor$Worker.run(ThreadPoolExecutor.java:635)
	at java.base/java.lang.Thread.run(Thread.java:842)

2026-09-08 20:47:38.237  WARN [payment-service] [traceId=NO_TRACE] [tenantId=default] [reshExecutor-%d] c.n.d.s.t.d.RetryableEurekaHttpClient    : Request execution failed with message: I/O error on GET request for "http://localhost:8761/eureka/apps/": Connect to http://localhost:8761 [localhost/127.0.0.1, localhost/0:0:0:0:0:0:0:1] failed: Connection refused: no further information
2026-09-08 20:47:38.302  WARN [payment-service] [traceId=NO_TRACE] [tenantId=default] [foReplicator-%d] c.n.d.s.t.d.RetryableEurekaHttpClient    : Request execution failed with message: I/O error on POST request for "http://localhost:8761/eureka/apps/PAYMENT-SERVICE": Connect to http://localhost:8761 [localhost/127.0.0.1, localhost/0:0:0:0:0:0:0:1] failed: Connection refused: no further information
2026-09-08 20:47:38.304  WARN [payment-service] [traceId=NO_TRACE] [tenantId=default] [foReplicator-%d] com.netflix.discovery.DiscoveryClient    : DiscoveryClient_PAYMENT-SERVICE/localhost:payment-service:8085 - registration failed Cannot execute request on any known server

com.netflix.discovery.shared.transport.TransportException: Cannot execute request on any known server
	at com.netflix.discovery.shared.transport.decorator.RetryableEurekaHttpClient.execute(RetryableEurekaHttpClient.java:112)
	at com.netflix.discovery.shared.transport.decorator.EurekaHttpClientDecorator.register(EurekaHttpClientDecorator.java:56)
	at com.netflix.discovery.shared.transport.decorator.EurekaHttpClientDecorator$1.execute(EurekaHttpClientDecorator.java:59)
	at com.netflix.discovery.shared.transport.decorator.SessionedEurekaHttpClient.execute(SessionedEurekaHttpClient.java:76)
	at com.netflix.discovery.shared.transport.decorator.EurekaHttpClientDecorator.register(EurekaHttpClientDecorator.java:56)
	at com.netflix.discovery.DiscoveryClient.register(DiscoveryClient.java:828)
	at com.netflix.discovery.InstanceInfoReplicator.run(InstanceInfoReplicator.java:125)
	at java.base/java.util.concurrent.Executors$RunnableAdapter.call(Executors.java:539)
	at java.base/java.util.concurrent.FutureTask.run(FutureTask.java:264)
	at java.base/java.util.concurrent.ScheduledThreadPoolExecutor$ScheduledFutureTask.run(ScheduledThreadPoolExecutor.java:304)
	at java.base/java.util.concurrent.ThreadPoolExecutor.runWorker(ThreadPoolExecutor.java:1136)
	at java.base/java.util.concurrent.ThreadPoolExecutor$Worker.run(ThreadPoolExecutor.java:635)
	at java.base/java.lang.Thread.run(Thread.java:842)

2026-09-08 20:47:38.304  WARN [payment-service] [traceId=NO_TRACE] [tenantId=default] [foReplicator-%d] c.n.discovery.InstanceInfoReplicator     : There was a problem with the instance info replicator

com.netflix.discovery.shared.transport.TransportException: Cannot execute request on any known server
	at com.netflix.discovery.shared.transport.decorator.RetryableEurekaHttpClient.execute(RetryableEurekaHttpClient.java:112)
	at com.netflix.discovery.shared.transport.decorator.EurekaHttpClientDecorator.register(EurekaHttpClientDecorator.java:56)
	at com.netflix.discovery.shared.transport.decorator.EurekaHttpClientDecorator$1.execute(EurekaHttpClientDecorator.java:59)
	at com.netflix.discovery.shared.transport.decorator.SessionedEurekaHttpClient.execute(SessionedEurekaHttpClient.java:76)
	at com.netflix.discovery.shared.transport.decorator.EurekaHttpClientDecorator.register(EurekaHttpClientDecorator.java:56)
	at com.netflix.discovery.DiscoveryClient.register(DiscoveryClient.java:828)
	at com.netflix.discovery.InstanceInfoReplicator.run(InstanceInfoReplicator.java:125)
	at java.base/java.util.concurrent.Executors$RunnableAdapter.call(Executors.java:539)
	at java.base/java.util.concurrent.FutureTask.run(FutureTask.java:264)
	at java.base/java.util.concurrent.ScheduledThreadPoolExecutor$ScheduledFutureTask.run(ScheduledThreadPoolExecutor.java:304)
	at java.base/java.util.concurrent.ThreadPoolExecutor.runWorker(ThreadPoolExecutor.java:1136)
	at java.base/java.util.concurrent.ThreadPoolExecutor$Worker.run(ThreadPoolExecutor.java:635)
	at java.base/java.lang.Thread.run(Thread.java:842)

2026-09-08 20:48:08.251  WARN [payment-service] [traceId=NO_TRACE] [tenantId=default] [beatExecutor-%d] c.n.d.s.t.d.RetryableEurekaHttpClient    : Request execution failed with message: I/O error on PUT request for "http://localhost:8761/eureka/apps/PAYMENT-SERVICE/localhost:payment-service:8085": Connect to http://localhost:8761 [localhost/127.0.0.1, localhost/0:0:0:0:0:0:0:1] failed: Connection refused: no further information
2026-09-08 20:48:08.251 ERROR [payment-service] [traceId=NO_TRACE] [tenantId=default] [beatExecutor-%d] com.netflix.discovery.DiscoveryClient    : DiscoveryClient_PAYMENT-SERVICE/localhost:payment-service:8085 - was unable to send heartbeat!

com.netflix.discovery.shared.transport.TransportException: Cannot execute request on any known server
	at com.netflix.discovery.shared.transport.decorator.RetryableEurekaHttpClient.execute(RetryableEurekaHttpClient.java:112)
	at com.netflix.discovery.shared.transport.decorator.EurekaHttpClientDecorator.sendHeartBeat(EurekaHttpClientDecorator.java:89)
	at com.netflix.discovery.shared.transport.decorator.EurekaHttpClientDecorator$3.execute(EurekaHttpClientDecorator.java:92)
	at com.netflix.discovery.shared.transport.decorator.SessionedEurekaHttpClient.execute(SessionedEurekaHttpClient.java:76)
	at com.netflix.discovery.shared.transport.decorator.EurekaHttpClientDecorator.sendHeartBeat(EurekaHttpClientDecorator.java:89)
	at com.netflix.discovery.DiscoveryClient.renew(DiscoveryClient.java:845)
	at com.netflix.discovery.DiscoveryClient$HeartbeatThread.run(DiscoveryClient.java:1402)
	at java.base/java.util.concurrent.Executors$RunnableAdapter.call(Executors.java:539)
	at java.base/java.util.concurrent.FutureTask.run(FutureTask.java:264)
	at java.base/java.util.concurrent.ThreadPoolExecutor.runWorker(ThreadPoolExecutor.java:1136)
	at java.base/java.util.concurrent.ThreadPoolExecutor$Worker.run(ThreadPoolExecutor.java:635)
	at java.base/java.lang.Thread.run(Thread.java:842)

2026-09-08 20:48:08.269  WARN [payment-service] [traceId=NO_TRACE] [tenantId=default] [reshExecutor-%d] c.n.d.s.t.d.RetryableEurekaHttpClient    : Request execution failed with message: I/O error on GET request for "http://localhost:8761/eureka/apps/": Connect to http://localhost:8761 [localhost/127.0.0.1, localhost/0:0:0:0:0:0:0:1] failed: Connection refused: no further information
2026-09-08 20:48:08.323  WARN [payment-service] [traceId=NO_TRACE] [tenantId=default] [foReplicator-%d] c.n.d.s.t.d.RetryableEurekaHttpClient    : Request execution failed with message: I/O error on POST request for "http://localhost:8761/eureka/apps/PAYMENT-SERVICE": Connect to http://localhost:8761 [localhost/127.0.0.1, localhost/0:0:0:0:0:0:0:1] failed: Connection refused: no further information
2026-09-08 20:48:08.325  WARN [payment-service] [traceId=NO_TRACE] [tenantId=default] [foReplicator-%d] com.netflix.discovery.DiscoveryClient    : DiscoveryClient_PAYMENT-SERVICE/localhost:payment-service:8085 - registration failed Cannot execute request on any known server

com.netflix.discovery.shared.transport.TransportException: Cannot execute request on any known server
	at com.netflix.discovery.shared.transport.decorator.RetryableEurekaHttpClient.execute(RetryableEurekaHttpClient.java:112)
	at com.netflix.discovery.shared.transport.decorator.EurekaHttpClientDecorator.register(EurekaHttpClientDecorator.java:56)
	at com.netflix.discovery.shared.transport.decorator.EurekaHttpClientDecorator$1.execute(EurekaHttpClientDecorator.java:59)
	at com.netflix.discovery.shared.transport.decorator.SessionedEurekaHttpClient.execute(SessionedEurekaHttpClient.java:76)
	at com.netflix.discovery.shared.transport.decorator.EurekaHttpClientDecorator.register(EurekaHttpClientDecorator.java:56)
	at com.netflix.discovery.DiscoveryClient.register(DiscoveryClient.java:828)
	at com.netflix.discovery.InstanceInfoReplicator.run(InstanceInfoReplicator.java:125)
	at java.base/java.util.concurrent.Executors$RunnableAdapter.call(Executors.java:539)
	at java.base/java.util.concurrent.FutureTask.run(FutureTask.java:264)
	at java.base/java.util.concurrent.ScheduledThreadPoolExecutor$ScheduledFutureTask.run(ScheduledThreadPoolExecutor.java:304)
	at java.base/java.util.concurrent.ThreadPoolExecutor.runWorker(ThreadPoolExecutor.java:1136)
	at java.base/java.util.concurrent.ThreadPoolExecutor$Worker.run(ThreadPoolExecutor.java:635)
	at java.base/java.lang.Thread.run(Thread.java:842)

2026-09-08 20:48:08.325  WARN [payment-service] [traceId=NO_TRACE] [tenantId=default] [foReplicator-%d] c.n.discovery.InstanceInfoReplicator     : There was a problem with the instance info replicator

com.netflix.discovery.shared.transport.TransportException: Cannot execute request on any known server
	at com.netflix.discovery.shared.transport.decorator.RetryableEurekaHttpClient.execute(RetryableEurekaHttpClient.java:112)
	at com.netflix.discovery.shared.transport.decorator.EurekaHttpClientDecorator.register(EurekaHttpClientDecorator.java:56)
	at com.netflix.discovery.shared.transport.decorator.EurekaHttpClientDecorator$1.execute(EurekaHttpClientDecorator.java:59)
	at com.netflix.discovery.shared.transport.decorator.SessionedEurekaHttpClient.execute(SessionedEurekaHttpClient.java:76)
	at com.netflix.discovery.shared.transport.decorator.EurekaHttpClientDecorator.register(EurekaHttpClientDecorator.java:56)
	at com.netflix.discovery.DiscoveryClient.register(DiscoveryClient.java:828)
	at com.netflix.discovery.InstanceInfoReplicator.run(InstanceInfoReplicator.java:125)
	at java.base/java.util.concurrent.Executors$RunnableAdapter.call(Executors.java:539)
	at java.base/java.util.concurrent.FutureTask.run(FutureTask.java:264)
	at java.base/java.util.concurrent.ScheduledThreadPoolExecutor$ScheduledFutureTask.run(ScheduledThreadPoolExecutor.java:304)
	at java.base/java.util.concurrent.ThreadPoolExecutor.runWorker(ThreadPoolExecutor.java:1136)
	at java.base/java.util.concurrent.ThreadPoolExecutor$Worker.run(ThreadPoolExecutor.java:635)
	at java.base/java.lang.Thread.run(Thread.java:842)

2026-09-08 20:48:38.303  WARN [payment-service] [traceId=NO_TRACE] [tenantId=default] [reshExecutor-%d] c.n.d.s.t.d.RetryableEurekaHttpClient    : Request execution failed with message: I/O error on GET request for "http://localhost:8761/eureka/apps/": Connect to http://localhost:8761 [localhost/127.0.0.1, localhost/0:0:0:0:0:0:0:1] failed: Connection refused: no further information
2026-09-08 20:48:38.303  WARN [payment-service] [traceId=NO_TRACE] [tenantId=default] [beatExecutor-%d] c.n.d.s.t.d.RetryableEurekaHttpClient    : Request execution failed with message: I/O error on PUT request for "http://localhost:8761/eureka/apps/PAYMENT-SERVICE/localhost:payment-service:8085": Connect to http://localhost:8761 [localhost/127.0.0.1, localhost/0:0:0:0:0:0:0:1] failed: Connection refused: no further information
2026-09-08 20:48:38.303 ERROR [payment-service] [traceId=NO_TRACE] [tenantId=default] [beatExecutor-%d] com.netflix.discovery.DiscoveryClient    : DiscoveryClient_PAYMENT-SERVICE/localhost:payment-service:8085 - was unable to send heartbeat!

com.netflix.discovery.shared.transport.TransportException: Cannot execute request on any known server
	at com.netflix.discovery.shared.transport.decorator.RetryableEurekaHttpClient.execute(RetryableEurekaHttpClient.java:112)
	at com.netflix.discovery.shared.transport.decorator.EurekaHttpClientDecorator.sendHeartBeat(EurekaHttpClientDecorator.java:89)
	at com.netflix.discovery.shared.transport.decorator.EurekaHttpClientDecorator$3.execute(EurekaHttpClientDecorator.java:92)
	at com.netflix.discovery.shared.transport.decorator.SessionedEurekaHttpClient.execute(SessionedEurekaHttpClient.java:76)
	at com.netflix.discovery.shared.transport.decorator.EurekaHttpClientDecorator.sendHeartBeat(EurekaHttpClientDecorator.java:89)
	at com.netflix.discovery.DiscoveryClient.renew(DiscoveryClient.java:845)
	at com.netflix.discovery.DiscoveryClient$HeartbeatThread.run(DiscoveryClient.java:1402)
	at java.base/java.util.concurrent.Executors$RunnableAdapter.call(Executors.java:539)
	at java.base/java.util.concurrent.FutureTask.run(FutureTask.java:264)
	at java.base/java.util.concurrent.ThreadPoolExecutor.runWorker(ThreadPoolExecutor.java:1136)
	at java.base/java.util.concurrent.ThreadPoolExecutor$Worker.run(ThreadPoolExecutor.java:635)
	at java.base/java.lang.Thread.run(Thread.java:842)

2026-09-08 20:48:38.366  WARN [payment-service] [traceId=NO_TRACE] [tenantId=default] [foReplicator-%d] c.n.d.s.t.d.RetryableEurekaHttpClient    : Request execution failed with message: I/O error on POST request for "http://localhost:8761/eureka/apps/PAYMENT-SERVICE": Connect to http://localhost:8761 [localhost/127.0.0.1, localhost/0:0:0:0:0:0:0:1] failed: Connection refused: no further information
2026-09-08 20:48:38.367  WARN [payment-service] [traceId=NO_TRACE] [tenantId=default] [foReplicator-%d] com.netflix.discovery.DiscoveryClient    : DiscoveryClient_PAYMENT-SERVICE/localhost:payment-service:8085 - registration failed Cannot execute request on any known server

com.netflix.discovery.shared.transport.TransportException: Cannot execute request on any known server
	at com.netflix.discovery.shared.transport.decorator.RetryableEurekaHttpClient.execute(RetryableEurekaHttpClient.java:112)
	at com.netflix.discovery.shared.transport.decorator.EurekaHttpClientDecorator.register(EurekaHttpClientDecorator.java:56)
	at com.netflix.discovery.shared.transport.decorator.EurekaHttpClientDecorator$1.execute(EurekaHttpClientDecorator.java:59)
	at com.netflix.discovery.shared.transport.decorator.SessionedEurekaHttpClient.execute(SessionedEurekaHttpClient.java:76)
	at com.netflix.discovery.shared.transport.decorator.EurekaHttpClientDecorator.register(EurekaHttpClientDecorator.java:56)
	at com.netflix.discovery.DiscoveryClient.register(DiscoveryClient.java:828)
	at com.netflix.discovery.InstanceInfoReplicator.run(InstanceInfoReplicator.java:125)
	at java.base/java.util.concurrent.Executors$RunnableAdapter.call(Executors.java:539)
	at java.base/java.util.concurrent.FutureTask.run(FutureTask.java:264)
	at java.base/java.util.concurrent.ScheduledThreadPoolExecutor$ScheduledFutureTask.run(ScheduledThreadPoolExecutor.java:304)
	at java.base/java.util.concurrent.ThreadPoolExecutor.runWorker(ThreadPoolExecutor.java:1136)
	at java.base/java.util.concurrent.ThreadPoolExecutor$Worker.run(ThreadPoolExecutor.java:635)
	at java.base/java.lang.Thread.run(Thread.java:842)

2026-09-08 20:48:38.367  WARN [payment-service] [traceId=NO_TRACE] [tenantId=default] [foReplicator-%d] c.n.discovery.InstanceInfoReplicator     : There was a problem with the instance info replicator

com.netflix.discovery.shared.transport.TransportException: Cannot execute request on any known server
	at com.netflix.discovery.shared.transport.decorator.RetryableEurekaHttpClient.execute(RetryableEurekaHttpClient.java:112)
	at com.netflix.discovery.shared.transport.decorator.EurekaHttpClientDecorator.register(EurekaHttpClientDecorator.java:56)
	at com.netflix.discovery.shared.transport.decorator.EurekaHttpClientDecorator$1.execute(EurekaHttpClientDecorator.java:59)
	at com.netflix.discovery.shared.transport.decorator.SessionedEurekaHttpClient.execute(SessionedEurekaHttpClient.java:76)
	at com.netflix.discovery.shared.transport.decorator.EurekaHttpClientDecorator.register(EurekaHttpClientDecorator.java:56)
	at com.netflix.discovery.DiscoveryClient.register(DiscoveryClient.java:828)
	at com.netflix.discovery.InstanceInfoReplicator.run(InstanceInfoReplicator.java:125)
	at java.base/java.util.concurrent.Executors$RunnableAdapter.call(Executors.java:539)
	at java.base/java.util.concurrent.FutureTask.run(FutureTask.java:264)
	at java.base/java.util.concurrent.ScheduledThreadPoolExecutor$ScheduledFutureTask.run(ScheduledThreadPoolExecutor.java:304)
	at java.base/java.util.concurrent.ThreadPoolExecutor.runWorker(ThreadPoolExecutor.java:1136)
	at java.base/java.util.concurrent.ThreadPoolExecutor$Worker.run(ThreadPoolExecutor.java:635)
	at java.base/java.lang.Thread.run(Thread.java:842)

2026-09-08 20:49:08.341  WARN [payment-service] [traceId=NO_TRACE] [tenantId=default] [beatExecutor-%d] c.n.d.s.t.d.RetryableEurekaHttpClient    : Request execution failed with message: I/O error on PUT request for "http://localhost:8761/eureka/apps/PAYMENT-SERVICE/localhost:payment-service:8085": Connect to http://localhost:8761 [localhost/127.0.0.1, localhost/0:0:0:0:0:0:0:1] failed: Connection refused: no further information
2026-09-08 20:49:08.341  WARN [payment-service] [traceId=NO_TRACE] [tenantId=default] [reshExecutor-%d] c.n.d.s.t.d.RetryableEurekaHttpClient    : Request execution failed with message: I/O error on GET request for "http://localhost:8761/eureka/apps/": Connect to http://localhost:8761 [localhost/127.0.0.1, localhost/0:0:0:0:0:0:0:1] failed: Connection refused: no further information
2026-09-08 20:49:08.341 ERROR [payment-service] [traceId=NO_TRACE] [tenantId=default] [beatExecutor-%d] com.netflix.discovery.DiscoveryClient    : DiscoveryClient_PAYMENT-SERVICE/localhost:payment-service:8085 - was unable to send heartbeat!

com.netflix.discovery.shared.transport.TransportException: Cannot execute request on any known server
	at com.netflix.discovery.shared.transport.decorator.RetryableEurekaHttpClient.execute(RetryableEurekaHttpClient.java:112)
	at com.netflix.discovery.shared.transport.decorator.EurekaHttpClientDecorator.sendHeartBeat(EurekaHttpClientDecorator.java:89)
	at com.netflix.discovery.shared.transport.decorator.EurekaHttpClientDecorator$3.execute(EurekaHttpClientDecorator.java:92)
	at com.netflix.discovery.shared.transport.decorator.SessionedEurekaHttpClient.execute(SessionedEurekaHttpClient.java:76)
	at com.netflix.discovery.shared.transport.decorator.EurekaHttpClientDecorator.sendHeartBeat(EurekaHttpClientDecorator.java:89)
	at com.netflix.discovery.DiscoveryClient.renew(DiscoveryClient.java:845)
	at com.netflix.discovery.DiscoveryClient$HeartbeatThread.run(DiscoveryClient.java:1402)
	at java.base/java.util.concurrent.Executors$RunnableAdapter.call(Executors.java:539)
	at java.base/java.util.concurrent.FutureTask.run(FutureTask.java:264)
	at java.base/java.util.concurrent.ThreadPoolExecutor.runWorker(ThreadPoolExecutor.java:1136)
	at java.base/java.util.concurrent.ThreadPoolExecutor$Worker.run(ThreadPoolExecutor.java:635)
	at java.base/java.lang.Thread.run(Thread.java:842)

2026-09-08 20:49:08.403  WARN [payment-service] [traceId=NO_TRACE] [tenantId=default] [foReplicator-%d] c.n.d.s.t.d.RetryableEurekaHttpClient    : Request execution failed with message: I/O error on POST request for "http://localhost:8761/eureka/apps/PAYMENT-SERVICE": Connect to http://localhost:8761 [localhost/127.0.0.1, localhost/0:0:0:0:0:0:0:1] failed: Connection refused: no further information
2026-09-08 20:49:08.403  WARN [payment-service] [traceId=NO_TRACE] [tenantId=default] [foReplicator-%d] com.netflix.discovery.DiscoveryClient    : DiscoveryClient_PAYMENT-SERVICE/localhost:payment-service:8085 - registration failed Cannot execute request on any known server

com.netflix.discovery.shared.transport.TransportException: Cannot execute request on any known server
	at com.netflix.discovery.shared.transport.decorator.RetryableEurekaHttpClient.execute(RetryableEurekaHttpClient.java:112)
	at com.netflix.discovery.shared.transport.decorator.EurekaHttpClientDecorator.register(EurekaHttpClientDecorator.java:56)
	at com.netflix.discovery.shared.transport.decorator.EurekaHttpClientDecorator$1.execute(EurekaHttpClientDecorator.java:59)
	at com.netflix.discovery.shared.transport.decorator.SessionedEurekaHttpClient.execute(SessionedEurekaHttpClient.java:76)
	at com.netflix.discovery.shared.transport.decorator.EurekaHttpClientDecorator.register(EurekaHttpClientDecorator.java:56)
	at com.netflix.discovery.DiscoveryClient.register(DiscoveryClient.java:828)
	at com.netflix.discovery.InstanceInfoReplicator.run(InstanceInfoReplicator.java:125)
	at java.base/java.util.concurrent.Executors$RunnableAdapter.call(Executors.java:539)
	at java.base/java.util.concurrent.FutureTask.run(FutureTask.java:264)
	at java.base/java.util.concurrent.ScheduledThreadPoolExecutor$ScheduledFutureTask.run(ScheduledThreadPoolExecutor.java:304)
	at java.base/java.util.concurrent.ThreadPoolExecutor.runWorker(ThreadPoolExecutor.java:1136)
	at java.base/java.util.concurrent.ThreadPoolExecutor$Worker.run(ThreadPoolExecutor.java:635)
	at java.base/java.lang.Thread.run(Thread.java:842)

2026-09-08 20:49:08.403  WARN [payment-service] [traceId=NO_TRACE] [tenantId=default] [foReplicator-%d] c.n.discovery.InstanceInfoReplicator     : There was a problem with the instance info replicator

com.netflix.discovery.shared.transport.TransportException: Cannot execute request on any known server
	at com.netflix.discovery.shared.transport.decorator.RetryableEurekaHttpClient.execute(RetryableEurekaHttpClient.java:112)
	at com.netflix.discovery.shared.transport.decorator.EurekaHttpClientDecorator.register(EurekaHttpClientDecorator.java:56)
	at com.netflix.discovery.shared.transport.decorator.EurekaHttpClientDecorator$1.execute(EurekaHttpClientDecorator.java:59)
	at com.netflix.discovery.shared.transport.decorator.SessionedEurekaHttpClient.execute(SessionedEurekaHttpClient.java:76)
	at com.netflix.discovery.shared.transport.decorator.EurekaHttpClientDecorator.register(EurekaHttpClientDecorator.java:56)
	at com.netflix.discovery.DiscoveryClient.register(DiscoveryClient.java:828)
	at com.netflix.discovery.InstanceInfoReplicator.run(InstanceInfoReplicator.java:125)
	at java.base/java.util.concurrent.Executors$RunnableAdapter.call(Executors.java:539)
	at java.base/java.util.concurrent.FutureTask.run(FutureTask.java:264)
	at java.base/java.util.concurrent.ScheduledThreadPoolExecutor$ScheduledFutureTask.run(ScheduledThreadPoolExecutor.java:304)
	at java.base/java.util.concurrent.ThreadPoolExecutor.runWorker(ThreadPoolExecutor.java:1136)
	at java.base/java.util.concurrent.ThreadPoolExecutor$Worker.run(ThreadPoolExecutor.java:635)
	at java.base/java.lang.Thread.run(Thread.java:842)

2026-09-08 20:49:38.369  WARN [payment-service] [traceId=NO_TRACE] [tenantId=default] [reshExecutor-%d] c.n.d.s.t.d.RetryableEurekaHttpClient    : Request execution failed with message: I/O error on GET request for "http://localhost:8761/eureka/apps/": Connect to http://localhost:8761 [localhost/127.0.0.1, localhost/0:0:0:0:0:0:0:1] failed: Connection refused: no further information
2026-09-08 20:49:38.369  WARN [payment-service] [traceId=NO_TRACE] [tenantId=default] [beatExecutor-%d] c.n.d.s.t.d.RetryableEurekaHttpClient    : Request execution failed with message: I/O error on PUT request for "http://localhost:8761/eureka/apps/PAYMENT-SERVICE/localhost:payment-service:8085": Connect to http://localhost:8761 [localhost/127.0.0.1, localhost/0:0:0:0:0:0:0:1] failed: Connection refused: no further information
2026-09-08 20:49:38.369 ERROR [payment-service] [traceId=NO_TRACE] [tenantId=default] [beatExecutor-%d] com.netflix.discovery.DiscoveryClient    : DiscoveryClient_PAYMENT-SERVICE/localhost:payment-service:8085 - was unable to send heartbeat!

com.netflix.discovery.shared.transport.TransportException: Cannot execute request on any known server
	at com.netflix.discovery.shared.transport.decorator.RetryableEurekaHttpClient.execute(RetryableEurekaHttpClient.java:112)
	at com.netflix.discovery.shared.transport.decorator.EurekaHttpClientDecorator.sendHeartBeat(EurekaHttpClientDecorator.java:89)
	at com.netflix.discovery.shared.transport.decorator.EurekaHttpClientDecorator$3.execute(EurekaHttpClientDecorator.java:92)
	at com.netflix.discovery.shared.transport.decorator.SessionedEurekaHttpClient.execute(SessionedEurekaHttpClient.java:76)
	at com.netflix.discovery.shared.transport.decorator.EurekaHttpClientDecorator.sendHeartBeat(EurekaHttpClientDecorator.java:89)
	at com.netflix.discovery.DiscoveryClient.renew(DiscoveryClient.java:845)
	at com.netflix.discovery.DiscoveryClient$HeartbeatThread.run(DiscoveryClient.java:1402)
	at java.base/java.util.concurrent.Executors$RunnableAdapter.call(Executors.java:539)
	at java.base/java.util.concurrent.FutureTask.run(FutureTask.java:264)
	at java.base/java.util.concurrent.ThreadPoolExecutor.runWorker(ThreadPoolExecutor.java:1136)
	at java.base/java.util.concurrent.ThreadPoolExecutor$Worker.run(ThreadPoolExecutor.java:635)
	at java.base/java.lang.Thread.run(Thread.java:842)

2026-09-08 20:49:38.459  WARN [payment-service] [traceId=NO_TRACE] [tenantId=default] [foReplicator-%d] c.n.d.s.t.d.RetryableEurekaHttpClient    : Request execution failed with message: I/O error on POST request for "http://localhost:8761/eureka/apps/PAYMENT-SERVICE": Connect to http://localhost:8761 [localhost/127.0.0.1, localhost/0:0:0:0:0:0:0:1] failed: Connection refused: no further information
2026-09-08 20:49:38.459  WARN [payment-service] [traceId=NO_TRACE] [tenantId=default] [foReplicator-%d] com.netflix.discovery.DiscoveryClient    : DiscoveryClient_PAYMENT-SERVICE/localhost:payment-service:8085 - registration failed Cannot execute request on any known server

com.netflix.discovery.shared.transport.TransportException: Cannot execute request on any known server
	at com.netflix.discovery.shared.transport.decorator.RetryableEurekaHttpClient.execute(RetryableEurekaHttpClient.java:112)
	at com.netflix.discovery.shared.transport.decorator.EurekaHttpClientDecorator.register(EurekaHttpClientDecorator.java:56)
	at com.netflix.discovery.shared.transport.decorator.EurekaHttpClientDecorator$1.execute(EurekaHttpClientDecorator.java:59)
	at com.netflix.discovery.shared.transport.decorator.SessionedEurekaHttpClient.execute(SessionedEurekaHttpClient.java:76)
	at com.netflix.discovery.shared.transport.decorator.EurekaHttpClientDecorator.register(EurekaHttpClientDecorator.java:56)
	at com.netflix.discovery.DiscoveryClient.register(DiscoveryClient.java:828)
	at com.netflix.discovery.InstanceInfoReplicator.run(InstanceInfoReplicator.java:125)
	at java.base/java.util.concurrent.Executors$RunnableAdapter.call(Executors.java:539)
	at java.base/java.util.concurrent.FutureTask.run(FutureTask.java:264)
	at java.base/java.util.concurrent.ScheduledThreadPoolExecutor$ScheduledFutureTask.run(ScheduledThreadPoolExecutor.java:304)
	at java.base/java.util.concurrent.ThreadPoolExecutor.runWorker(ThreadPoolExecutor.java:1136)
	at java.base/java.util.concurrent.ThreadPoolExecutor$Worker.run(ThreadPoolExecutor.java:635)
	at java.base/java.lang.Thread.run(Thread.java:842)

2026-09-08 20:49:38.459  WARN [payment-service] [traceId=NO_TRACE] [tenantId=default] [foReplicator-%d] c.n.discovery.InstanceInfoReplicator     : There was a problem with the instance info replicator

com.netflix.discovery.shared.transport.TransportException: Cannot execute request on any known server
	at com.netflix.discovery.shared.transport.decorator.RetryableEurekaHttpClient.execute(RetryableEurekaHttpClient.java:112)
	at com.netflix.discovery.shared.transport.decorator.EurekaHttpClientDecorator.register(EurekaHttpClientDecorator.java:56)
	at com.netflix.discovery.shared.transport.decorator.EurekaHttpClientDecorator$1.execute(EurekaHttpClientDecorator.java:59)
	at com.netflix.discovery.shared.transport.decorator.SessionedEurekaHttpClient.execute(SessionedEurekaHttpClient.java:76)
	at com.netflix.discovery.shared.transport.decorator.EurekaHttpClientDecorator.register(EurekaHttpClientDecorator.java:56)
	at com.netflix.discovery.DiscoveryClient.register(DiscoveryClient.java:828)
	at com.netflix.discovery.InstanceInfoReplicator.run(InstanceInfoReplicator.java:125)
	at java.base/java.util.concurrent.Executors$RunnableAdapter.call(Executors.java:539)
	at java.base/java.util.concurrent.FutureTask.run(FutureTask.java:264)
	at java.base/java.util.concurrent.ScheduledThreadPoolExecutor$ScheduledFutureTask.run(ScheduledThreadPoolExecutor.java:304)
	at java.base/java.util.concurrent.ThreadPoolExecutor.runWorker(ThreadPoolExecutor.java:1136)
	at java.base/java.util.concurrent.ThreadPoolExecutor$Worker.run(ThreadPoolExecutor.java:635)
	at java.base/java.lang.Thread.run(Thread.java:842)

2026-09-08 20:50:33.138  INFO [auth-service] [traceId=NO_TRACE] [tenantId=default] [           main] c.liochio.auth.AuthServiceApplication    : Starting AuthServiceApplication v1.0.0-SNAPSHOT using Java 17.0.17 with PID 23880 (D:\Github\Back-end\Microservice\SpringBoot\auth-service\target\auth-service-1.0.0-SNAPSHOT.jar started by Liochio in D:\Github\Back-end\Microservice)
2026-09-08 20:50:33.142 DEBUG [auth-service] [traceId=NO_TRACE] [tenantId=default] [           main] c.liochio.auth.AuthServiceApplication    : Running with Spring Boot v3.4.3, Spring v6.2.3
2026-09-08 20:50:33.143  INFO [auth-service] [traceId=NO_TRACE] [tenantId=default] [           main] c.liochio.auth.AuthServiceApplication    : No active profile set, falling back to 1 default profile: "default"
2026-09-08 20:50:33.243  INFO [auth-service] [traceId=NO_TRACE] [tenantId=default] [           main] o.s.c.c.c.ConfigServerConfigDataLoader   : Fetching config from server at : http://localhost:8888/
2026-09-08 20:50:33.243  INFO [auth-service] [traceId=NO_TRACE] [tenantId=default] [           main] o.s.c.c.c.ConfigServerConfigDataLoader   : Exception on Url - http://localhost:8888/:org.springframework.web.client.ResourceAccessException: I/O error on GET request for "http://localhost:8888/auth-service/default": Connection refused: no further information. Will be trying the next url if available
2026-09-08 20:50:33.243  WARN [auth-service] [traceId=NO_TRACE] [tenantId=default] [           main] o.s.c.c.c.ConfigServerConfigDataLoader   : Could not locate PropertySource ([ConfigServerConfigDataResource@6df20ade uris = array<String>['http://localhost:8888/'], optional = true, profiles = 'default']): I/O error on GET request for "http://localhost:8888/auth-service/default": Connection refused: no further information
2026-09-08 20:50:33.243  INFO [auth-service] [traceId=NO_TRACE] [tenantId=default] [           main] o.s.c.c.c.ConfigServerConfigDataLoader   : Fetching config from server at : http://localhost:8888/
2026-09-08 20:50:33.243  INFO [auth-service] [traceId=NO_TRACE] [tenantId=default] [           main] o.s.c.c.c.ConfigServerConfigDataLoader   : Exception on Url - http://localhost:8888/:org.springframework.web.client.ResourceAccessException: I/O error on GET request for "http://localhost:8888/auth-service/default": Connection refused: no further information. Will be trying the next url if available
2026-09-08 20:50:33.245  WARN [auth-service] [traceId=NO_TRACE] [tenantId=default] [           main] o.s.c.c.c.ConfigServerConfigDataLoader   : Could not locate PropertySource ([ConfigServerConfigDataResource@676f0a60 uris = array<String>['http://localhost:8888/'], optional = true, profiles = 'default']): I/O error on GET request for "http://localhost:8888/auth-service/default": Connection refused: no further information
2026-09-08 20:50:33.245  INFO [auth-service] [traceId=NO_TRACE] [tenantId=default] [           main] o.s.c.c.c.ConfigServerConfigDataLoader   : Fetching config from server at : http://localhost:8888/
2026-09-08 20:50:33.245  INFO [auth-service] [traceId=NO_TRACE] [tenantId=default] [           main] o.s.c.c.c.ConfigServerConfigDataLoader   : Exception on Url - http://localhost:8888/:org.springframework.web.client.ResourceAccessException: I/O error on GET request for "http://localhost:8888/auth-service/default": Connection refused: no further information. Will be trying the next url if available
2026-09-08 20:50:33.245  WARN [auth-service] [traceId=NO_TRACE] [tenantId=default] [           main] o.s.c.c.c.ConfigServerConfigDataLoader   : Could not locate PropertySource ([ConfigServerConfigDataResource@5d10455d uris = array<String>['http://localhost:8888/'], optional = true, profiles = 'default']): I/O error on GET request for "http://localhost:8888/auth-service/default": Connection refused: no further information
2026-09-08 20:50:34.426  INFO [auth-service] [traceId=NO_TRACE] [tenantId=default] [           main] .s.d.r.c.RepositoryConfigurationDelegate : Multiple Spring Data modules found, entering strict repository configuration mode
2026-09-08 20:50:34.426  INFO [auth-service] [traceId=NO_TRACE] [tenantId=default] [           main] .s.d.r.c.RepositoryConfigurationDelegate : Bootstrapping Spring Data JPA repositories in DEFAULT mode.
2026-09-08 20:50:34.711  INFO [auth-service] [traceId=NO_TRACE] [tenantId=default] [           main] .s.d.r.c.RepositoryConfigurationDelegate : Finished Spring Data repository scanning in 264 ms. Found 19 JPA repository interfaces.
2026-09-08 20:50:35.215  INFO [auth-service] [traceId=NO_TRACE] [tenantId=default] [           main] .s.d.r.c.RepositoryConfigurationDelegate : Multiple Spring Data modules found, entering strict repository configuration mode
2026-09-08 20:50:35.215  INFO [auth-service] [traceId=NO_TRACE] [tenantId=default] [           main] .s.d.r.c.RepositoryConfigurationDelegate : Bootstrapping Spring Data Redis repositories in DEFAULT mode.
2026-09-08 20:50:35.249  INFO [auth-service] [traceId=NO_TRACE] [tenantId=default] [           main] .RepositoryConfigurationExtensionSupport : Spring Data Redis - Could not safely identify store assignment for repository candidate interface com.liochio.auth.repository.JournalEntryDetailRepository; If you want this repository to be a Redis repository, consider annotating your entities with one of these annotations: org.springframework.data.redis.core.RedisHash (preferred), or consider extending one of the following types with your repository: org.springframework.data.keyvalue.repository.KeyValueRepository
2026-09-08 20:50:35.250  INFO [auth-service] [traceId=NO_TRACE] [tenantId=default] [           main] .RepositoryConfigurationExtensionSupport : Spring Data Redis - Could not safely identify store assignment for repository candidate interface com.liochio.auth.repository.JournalEntryRepository; If you want this repository to be a Redis repository, consider annotating your entities with one of these annotations: org.springframework.data.redis.core.RedisHash (preferred), or consider extending one of the following types with your repository: org.springframework.data.keyvalue.repository.KeyValueRepository
2026-09-08 20:50:35.251  INFO [auth-service] [traceId=NO_TRACE] [tenantId=default] [           main] .RepositoryConfigurationExtensionSupport : Spring Data Redis - Could not safely identify store assignment for repository candidate interface com.liochio.auth.repository.LedgerAccountRepository; If you want this repository to be a Redis repository, consider annotating your entities with one of these annotations: org.springframework.data.redis.core.RedisHash (preferred), or consider extending one of the following types with your repository: org.springframework.data.keyvalue.repository.KeyValueRepository
2026-09-08 20:50:35.261  INFO [auth-service] [traceId=NO_TRACE] [tenantId=default] [           main] .RepositoryConfigurationExtensionSupport : Spring Data Redis - Could not safely identify store assignment for repository candidate interface com.liochio.auth.repository.PermissionRepository; If you want this repository to be a Redis repository, consider annotating your entities with one of these annotations: org.springframework.data.redis.core.RedisHash (preferred), or consider extending one of the following types with your repository: org.springframework.data.keyvalue.repository.KeyValueRepository
2026-09-08 20:50:35.263  INFO [auth-service] [traceId=NO_TRACE] [tenantId=default] [           main] .RepositoryConfigurationExtensionSupport : Spring Data Redis - Could not safely identify store assignment for repository candidate interface com.liochio.auth.repository.QrLoginSessionRepository; If you want this repository to be a Redis repository, consider annotating your entities with one of these annotations: org.springframework.data.redis.core.RedisHash (preferred), or consider extending one of the following types with your repository: org.springframework.data.keyvalue.repository.KeyValueRepository
2026-09-08 20:50:35.263  INFO [auth-service] [traceId=NO_TRACE] [tenantId=default] [           main] .RepositoryConfigurationExtensionSupport : Spring Data Redis - Could not safely identify store assignment for repository candidate interface com.liochio.auth.repository.RoleRepository; If you want this repository to be a Redis repository, consider annotating your entities with one of these annotations: org.springframework.data.redis.core.RedisHash (preferred), or consider extending one of the following types with your repository: org.springframework.data.keyvalue.repository.KeyValueRepository
2026-09-08 20:50:35.264  INFO [auth-service] [traceId=NO_TRACE] [tenantId=default] [           main] .RepositoryConfigurationExtensionSupport : Spring Data Redis - Could not safely identify store assignment for repository candidate interface com.liochio.auth.repository.SecurityLoginHistoryRepository; If you want this repository to be a Redis repository, consider annotating your entities with one of these annotations: org.springframework.data.redis.core.RedisHash (preferred), or consider extending one of the following types with your repository: org.springframework.data.keyvalue.repository.KeyValueRepository
2026-09-08 20:50:35.264  INFO [auth-service] [traceId=NO_TRACE] [tenantId=default] [           main] .RepositoryConfigurationExtensionSupport : Spring Data Redis - Could not safely identify store assignment for repository candidate interface com.liochio.auth.repository.SystemFeatureRepository; If you want this repository to be a Redis repository, consider annotating your entities with one of these annotations: org.springframework.data.redis.core.RedisHash (preferred), or consider extending one of the following types with your repository: org.springframework.data.keyvalue.repository.KeyValueRepository
2026-09-08 20:50:35.265  INFO [auth-service] [traceId=NO_TRACE] [tenantId=default] [           main] .RepositoryConfigurationExtensionSupport : Spring Data Redis - Could not safely identify store assignment for repository candidate interface com.liochio.auth.repository.TenantFeatureRepository; If you want this repository to be a Redis repository, consider annotating your entities with one of these annotations: org.springframework.data.redis.core.RedisHash (preferred), or consider extending one of the following types with your repository: org.springframework.data.keyvalue.repository.KeyValueRepository
2026-09-08 20:50:35.266  INFO [auth-service] [traceId=NO_TRACE] [tenantId=default] [           main] .RepositoryConfigurationExtensionSupport : Spring Data Redis - Could not safely identify store assignment for repository candidate interface com.liochio.auth.repository.TenantRepository; If you want this repository to be a Redis repository, consider annotating your entities with one of these annotations: org.springframework.data.redis.core.RedisHash (preferred), or consider extending one of the following types with your repository: org.springframework.data.keyvalue.repository.KeyValueRepository
2026-09-08 20:50:35.266  INFO [auth-service] [traceId=NO_TRACE] [tenantId=default] [           main] .RepositoryConfigurationExtensionSupport : Spring Data Redis - Could not safely identify store assignment for repository candidate interface com.liochio.auth.repository.UserDeviceRepository; If you want this repository to be a Redis repository, consider annotating your entities with one of these annotations: org.springframework.data.redis.core.RedisHash (preferred), or consider extending one of the following types with your repository: org.springframework.data.keyvalue.repository.KeyValueRepository
2026-09-08 20:50:35.267  INFO [auth-service] [traceId=NO_TRACE] [tenantId=default] [           main] .RepositoryConfigurationExtensionSupport : Spring Data Redis - Could not safely identify store assignment for repository candidate interface com.liochio.auth.repository.UserRepository; If you want this repository to be a Redis repository, consider annotating your entities with one of these annotations: org.springframework.data.redis.core.RedisHash (preferred), or consider extending one of the following types with your repository: org.springframework.data.keyvalue.repository.KeyValueRepository
2026-09-08 20:50:35.268  INFO [auth-service] [traceId=NO_TRACE] [tenantId=default] [           main] .RepositoryConfigurationExtensionSupport : Spring Data Redis - Could not safely identify store assignment for repository candidate interface com.liochio.auth.repository.UserSessionRepository; If you want this repository to be a Redis repository, consider annotating your entities with one of these annotations: org.springframework.data.redis.core.RedisHash (preferred), or consider extending one of the following types with your repository: org.springframework.data.keyvalue.repository.KeyValueRepository
2026-09-08 20:50:35.268  INFO [auth-service] [traceId=NO_TRACE] [tenantId=default] [           main] .s.d.r.c.RepositoryConfigurationDelegate : Finished Spring Data repository scanning in 38 ms. Found 0 Redis repository interfaces.
2026-09-08 20:50:35.974  INFO [auth-service] [traceId=NO_TRACE] [tenantId=default] [           main] o.s.cloud.context.scope.GenericScope     : BeanFactory id=d9fefd8d-1716-3862-b407-35cf68633e75
2026-09-08 20:50:37.340  INFO [auth-service] [traceId=NO_TRACE] [tenantId=default] [           main] o.s.b.w.embedded.tomcat.TomcatWebServer  : Tomcat initialized with port 8081 (http)
2026-09-08 20:50:37.356  INFO [auth-service] [traceId=NO_TRACE] [tenantId=default] [           main] o.apache.catalina.core.StandardService   : Starting service [Tomcat]
2026-09-08 20:50:37.356  INFO [auth-service] [traceId=NO_TRACE] [tenantId=default] [           main] o.apache.catalina.core.StandardEngine    : Starting Servlet engine: [Apache Tomcat/10.1.36]
2026-09-08 20:50:37.406  INFO [auth-service] [traceId=NO_TRACE] [tenantId=default] [           main] o.a.c.c.C.[Tomcat].[localhost].[/]       : Initializing Spring embedded WebApplicationContext
2026-09-08 20:50:37.406  INFO [auth-service] [traceId=NO_TRACE] [tenantId=default] [           main] w.s.c.ServletWebServerApplicationContext : Root WebApplicationContext: initialization completed in 4156 ms
2026-09-08 20:50:37.846  INFO [auth-service] [traceId=NO_TRACE] [tenantId=default] [           main] o.hibernate.jpa.internal.util.LogHelper  : HHH000204: Processing PersistenceUnitInfo [name: default]
2026-09-08 20:50:37.930  INFO [auth-service] [traceId=NO_TRACE] [tenantId=default] [           main] org.hibernate.Version                    : HHH000412: Hibernate ORM core version 6.6.8.Final
2026-09-08 20:50:37.981  INFO [auth-service] [traceId=NO_TRACE] [tenantId=default] [           main] o.h.c.internal.RegionFactoryInitiator    : HHH000026: Second-level cache disabled
2026-09-08 20:50:38.586  INFO [auth-service] [traceId=NO_TRACE] [tenantId=default] [           main] o.s.o.j.p.SpringPersistenceUnitInfo      : No LoadTimeWeaver setup: ignoring JPA class transformer
2026-09-08 20:50:38.636  INFO [auth-service] [traceId=NO_TRACE] [tenantId=default] [           main] com.zaxxer.hikari.HikariDataSource       : HikariPool-1 - Starting...
2026-09-08 20:50:38.824  INFO [auth-service] [traceId=NO_TRACE] [tenantId=default] [           main] com.zaxxer.hikari.pool.HikariPool        : HikariPool-1 - Added connection com.mysql.cj.jdbc.ConnectionImpl@4f7da3a2
2026-09-08 20:50:38.828  INFO [auth-service] [traceId=NO_TRACE] [tenantId=default] [           main] com.zaxxer.hikari.HikariDataSource       : HikariPool-1 - Start completed.
2026-09-08 20:50:38.892  WARN [auth-service] [traceId=NO_TRACE] [tenantId=default] [           main] org.hibernate.orm.deprecation            : HHH90000025: MySQLDialect does not need to be specified explicitly using 'hibernate.dialect' (remove the property setting and it will be selected by default)
2026-09-08 20:50:38.920  INFO [auth-service] [traceId=NO_TRACE] [tenantId=default] [           main] org.hibernate.orm.connections.pooling    : HHH10001005: Database info:
	Database JDBC URL [Connecting through datasource 'HikariDataSource (HikariPool-1)']
	Database driver: undefined/unknown
	Database version: 8.0.33
	Autocommit mode: undefined/unknown
	Isolation level: undefined/unknown
	Minimum pool size: undefined/unknown
	Maximum pool size: undefined/unknown
2026-09-08 20:50:40.487  INFO [payment-service] [traceId=NO_TRACE] [tenantId=default] [           main] c.l.payment.PaymentServiceApplication    : Starting PaymentServiceApplication v1.0.0-SNAPSHOT using Java 17.0.17 with PID 32444 (D:\Github\Back-end\Microservice\SpringBoot\payment-service\target\payment-service-1.0.0-SNAPSHOT.jar started by Liochio in D:\Github\Back-end\Microservice)
2026-09-08 20:50:40.491 DEBUG [payment-service] [traceId=NO_TRACE] [tenantId=default] [           main] c.l.payment.PaymentServiceApplication    : Running with Spring Boot v3.4.3, Spring v6.2.3
2026-09-08 20:50:40.493  INFO [payment-service] [traceId=NO_TRACE] [tenantId=default] [           main] c.l.payment.PaymentServiceApplication    : No active profile set, falling back to 1 default profile: "default"
2026-09-08 20:50:40.567  INFO [payment-service] [traceId=NO_TRACE] [tenantId=default] [           main] o.s.c.c.c.ConfigServerConfigDataLoader   : Fetching config from server at : http://localhost:8888/
2026-09-08 20:50:40.568  INFO [payment-service] [traceId=NO_TRACE] [tenantId=default] [           main] o.s.c.c.c.ConfigServerConfigDataLoader   : Exception on Url - http://localhost:8888/:org.springframework.web.client.ResourceAccessException: I/O error on GET request for "http://localhost:8888/payment-service/default": Connection refused: no further information. Will be trying the next url if available
2026-09-08 20:50:40.568  WARN [payment-service] [traceId=NO_TRACE] [tenantId=default] [           main] o.s.c.c.c.ConfigServerConfigDataLoader   : Could not locate PropertySource ([ConfigServerConfigDataResource@1b1637e1 uris = array<String>['http://localhost:8888/'], optional = true, profiles = 'default']): I/O error on GET request for "http://localhost:8888/payment-service/default": Connection refused: no further information
2026-09-08 20:50:40.568  INFO [payment-service] [traceId=NO_TRACE] [tenantId=default] [           main] o.s.c.c.c.ConfigServerConfigDataLoader   : Fetching config from server at : http://localhost:8888/
2026-09-08 20:50:40.569  INFO [payment-service] [traceId=NO_TRACE] [tenantId=default] [           main] o.s.c.c.c.ConfigServerConfigDataLoader   : Exception on Url - http://localhost:8888/:org.springframework.web.client.ResourceAccessException: I/O error on GET request for "http://localhost:8888/payment-service/default": Connection refused: no further information. Will be trying the next url if available
2026-09-08 20:50:40.569  WARN [payment-service] [traceId=NO_TRACE] [tenantId=default] [           main] o.s.c.c.c.ConfigServerConfigDataLoader   : Could not locate PropertySource ([ConfigServerConfigDataResource@73386d72 uris = array<String>['http://localhost:8888/'], optional = true, profiles = 'default']): I/O error on GET request for "http://localhost:8888/payment-service/default": Connection refused: no further information
2026-09-08 20:50:40.569  INFO [payment-service] [traceId=NO_TRACE] [tenantId=default] [           main] o.s.c.c.c.ConfigServerConfigDataLoader   : Fetching config from server at : http://localhost:8888/
2026-09-08 20:50:40.569  INFO [payment-service] [traceId=NO_TRACE] [tenantId=default] [           main] o.s.c.c.c.ConfigServerConfigDataLoader   : Exception on Url - http://localhost:8888/:org.springframework.web.client.ResourceAccessException: I/O error on GET request for "http://localhost:8888/payment-service/default": Connection refused: no further information. Will be trying the next url if available
2026-09-08 20:50:40.570  WARN [payment-service] [traceId=NO_TRACE] [tenantId=default] [           main] o.s.c.c.c.ConfigServerConfigDataLoader   : Could not locate PropertySource ([ConfigServerConfigDataResource@6f330eb9 uris = array<String>['http://localhost:8888/'], optional = true, profiles = 'default']): I/O error on GET request for "http://localhost:8888/payment-service/default": Connection refused: no further information
2026-09-08 20:50:40.627  INFO [auth-service] [traceId=NO_TRACE] [tenantId=default] [           main] o.h.e.t.j.p.i.JtaPlatformInitiator       : HHH000489: No JTA platform available (set 'hibernate.transaction.jta.platform' to enable JTA platform integration)
2026-09-08 20:50:41.666  INFO [payment-service] [traceId=NO_TRACE] [tenantId=default] [           main] .s.d.r.c.RepositoryConfigurationDelegate : Multiple Spring Data modules found, entering strict repository configuration mode
2026-09-08 20:50:41.666  INFO [payment-service] [traceId=NO_TRACE] [tenantId=default] [           main] .s.d.r.c.RepositoryConfigurationDelegate : Bootstrapping Spring Data JPA repositories in DEFAULT mode.
2026-09-08 20:50:41.866  INFO [payment-service] [traceId=NO_TRACE] [tenantId=default] [           main] .s.d.r.c.RepositoryConfigurationDelegate : Finished Spring Data repository scanning in 189 ms. Found 10 JPA repository interfaces.
2026-09-08 20:50:41.974  INFO [auth-service] [traceId=NO_TRACE] [tenantId=default] [           main] j.LocalContainerEntityManagerFactoryBean : Initialized JPA EntityManagerFactory for persistence unit 'default'
2026-09-08 20:50:42.517  INFO [payment-service] [traceId=NO_TRACE] [tenantId=default] [           main] .s.d.r.c.RepositoryConfigurationDelegate : Multiple Spring Data modules found, entering strict repository configuration mode
2026-09-08 20:50:42.520  INFO [payment-service] [traceId=NO_TRACE] [tenantId=default] [           main] .s.d.r.c.RepositoryConfigurationDelegate : Bootstrapping Spring Data Redis repositories in DEFAULT mode.
2026-09-08 20:50:42.551  INFO [payment-service] [traceId=NO_TRACE] [tenantId=default] [           main] .RepositoryConfigurationExtensionSupport : Spring Data Redis - Could not safely identify store assignment for repository candidate interface com.liochio.payment.repository.BookingRepository; If you want this repository to be a Redis repository, consider annotating your entities with one of these annotations: org.springframework.data.redis.core.RedisHash (preferred), or consider extending one of the following types with your repository: org.springframework.data.keyvalue.repository.KeyValueRepository
2026-09-08 20:50:42.552  INFO [payment-service] [traceId=NO_TRACE] [tenantId=default] [           main] .RepositoryConfigurationExtensionSupport : Spring Data Redis - Could not safely identify store assignment for repository candidate interface com.liochio.payment.repository.PaymentOrderRepository; If you want this repository to be a Redis repository, consider annotating your entities with one of these annotations: org.springframework.data.redis.core.RedisHash (preferred), or consider extending one of the following types with your repository: org.springframework.data.keyvalue.repository.KeyValueRepository
2026-09-08 20:50:42.553  INFO [payment-service] [traceId=NO_TRACE] [tenantId=default] [           main] .RepositoryConfigurationExtensionSupport : Spring Data Redis - Could not safely identify store assignment for repository candidate interface com.liochio.payment.repository.PaymentTransactionRepository; If you want this repository to be a Redis repository, consider annotating your entities with one of these annotations: org.springframework.data.redis.core.RedisHash (preferred), or consider extending one of the following types with your repository: org.springframework.data.keyvalue.repository.KeyValueRepository
2026-09-08 20:50:42.554  INFO [payment-service] [traceId=NO_TRACE] [tenantId=default] [           main] .RepositoryConfigurationExtensionSupport : Spring Data Redis - Could not safely identify store assignment for repository candidate interface com.liochio.payment.repository.TenantPaymentConfigRepository; If you want this repository to be a Redis repository, consider annotating your entities with one of these annotations: org.springframework.data.redis.core.RedisHash (preferred), or consider extending one of the following types with your repository: org.springframework.data.keyvalue.repository.KeyValueRepository
2026-09-08 20:50:42.554  INFO [payment-service] [traceId=NO_TRACE] [tenantId=default] [           main] .s.d.r.c.RepositoryConfigurationDelegate : Finished Spring Data repository scanning in 22 ms. Found 0 Redis repository interfaces.
2026-09-08 20:50:42.585  INFO [auth-service] [traceId=NO_TRACE] [tenantId=default] [           main] com.liochio.common.security.JwtUtils     : [JwtUtils] Loaded RSA Private Key successfully from classpath:certs/rsa-private.pem
2026-09-08 20:50:42.588  INFO [auth-service] [traceId=NO_TRACE] [tenantId=default] [           main] com.liochio.common.security.JwtUtils     : [JwtUtils] Loaded RSA Public Key successfully from classpath:certs/rsa-public.pem
2026-09-08 20:50:43.332  INFO [payment-service] [traceId=NO_TRACE] [tenantId=default] [           main] o.s.cloud.context.scope.GenericScope     : BeanFactory id=2c7af4ab-596a-3a4e-945e-e4e5ab68e0a8
2026-09-08 20:50:43.429 DEBUG [auth-service] [traceId=NO_TRACE] [tenantId=default] [           main] c.l.c.security.JwtAuthenticationFilter   : Filter 'jwtAuthenticationFilter' configured for use
2026-09-08 20:50:43.429 DEBUG [auth-service] [traceId=NO_TRACE] [tenantId=default] [           main] c.liochio.common.filter.MdcTraceFilter   : Filter 'mdcTraceFilter' configured for use
2026-09-08 20:50:43.430 DEBUG [auth-service] [traceId=NO_TRACE] [tenantId=default] [           main] com.liochio.common.filter.TenantFilter   : Filter 'tenantFilter' configured for use
2026-09-08 20:50:43.432 DEBUG [auth-service] [traceId=NO_TRACE] [tenantId=default] [           main] c.l.common.filter.AuditLoggingFilter     : Filter 'auditLoggingFilter' configured for use
2026-09-08 20:50:43.630  INFO [auth-service] [traceId=NO_TRACE] [tenantId=default] [           main] o.s.d.j.r.query.QueryEnhancerFactory     : Hibernate is in classpath; If applicable, HQL parser will be used.
2026-09-08 20:50:45.119  INFO [payment-service] [traceId=NO_TRACE] [tenantId=default] [           main] o.s.b.w.embedded.tomcat.TomcatWebServer  : Tomcat initialized with port 8085 (http)
2026-09-08 20:50:45.140  INFO [payment-service] [traceId=NO_TRACE] [tenantId=default] [           main] o.apache.catalina.core.StandardService   : Starting service [Tomcat]
2026-09-08 20:50:45.142  INFO [payment-service] [traceId=NO_TRACE] [tenantId=default] [           main] o.apache.catalina.core.StandardEngine    : Starting Servlet engine: [Apache Tomcat/10.1.36]
2026-09-08 20:50:45.196  INFO [payment-service] [traceId=NO_TRACE] [tenantId=default] [           main] o.a.c.c.C.[Tomcat].[localhost].[/]       : Initializing Spring embedded WebApplicationContext
2026-09-08 20:50:45.197  INFO [payment-service] [traceId=NO_TRACE] [tenantId=default] [           main] w.s.c.ServletWebServerApplicationContext : Root WebApplicationContext: initialization completed in 4601 ms
2026-09-08 20:50:45.737  INFO [payment-service] [traceId=NO_TRACE] [tenantId=default] [           main] com.zaxxer.hikari.HikariDataSource       : HikariPool-1 - Starting...
2026-09-08 20:50:45.914  INFO [payment-service] [traceId=NO_TRACE] [tenantId=default] [           main] com.zaxxer.hikari.pool.HikariPool        : HikariPool-1 - Added connection com.mysql.cj.jdbc.ConnectionImpl@426940f9
2026-09-08 20:50:45.917  INFO [payment-service] [traceId=NO_TRACE] [tenantId=default] [           main] com.zaxxer.hikari.HikariDataSource       : HikariPool-1 - Start completed.
2026-09-08 20:50:45.971  INFO [payment-service] [traceId=NO_TRACE] [tenantId=default] [           main] org.flywaydb.core.FlywayExecutor         : Database: jdbc:mysql://localhost:3306/liochio_payment_db?useSSL=false&serverTimezone=UTC&allowPublicKeyRetrieval=true&createDatabaseIfNotExist=true&characterEncoding=UTF-8 (MySQL 8.0)
2026-09-08 20:50:46.033  INFO [payment-service] [traceId=NO_TRACE] [tenantId=default] [           main] o.f.core.internal.command.DbValidate     : Successfully validated 4 migrations (execution time 00:00.034s)
2026-09-08 20:50:46.049  INFO [payment-service] [traceId=NO_TRACE] [tenantId=default] [           main] o.f.core.internal.command.DbMigrate      : Current version of schema `liochio_payment_db`: 3
2026-09-08 20:50:46.054  INFO [payment-service] [traceId=NO_TRACE] [tenantId=default] [           main] o.f.core.internal.command.DbMigrate      : Schema `liochio_payment_db` is up to date. No migration necessary.
2026-09-08 20:50:46.286  INFO [payment-service] [traceId=NO_TRACE] [tenantId=default] [           main] o.hibernate.jpa.internal.util.LogHelper  : HHH000204: Processing PersistenceUnitInfo [name: default]
2026-09-08 20:50:46.376  INFO [payment-service] [traceId=NO_TRACE] [tenantId=default] [           main] org.hibernate.Version                    : HHH000412: Hibernate ORM core version 6.6.8.Final
2026-09-08 20:50:46.430  INFO [payment-service] [traceId=NO_TRACE] [tenantId=default] [           main] o.h.c.internal.RegionFactoryInitiator    : HHH000026: Second-level cache disabled
2026-09-08 20:50:47.065  INFO [payment-service] [traceId=NO_TRACE] [tenantId=default] [           main] o.s.o.j.p.SpringPersistenceUnitInfo      : No LoadTimeWeaver setup: ignoring JPA class transformer
2026-09-08 20:50:47.132  INFO [worker-service] [traceId=NO_TRACE] [tenantId=default] [           main] c.l.worker.WorkerServiceApplication      : Starting WorkerServiceApplication v1.0.0-SNAPSHOT using Java 17.0.17 with PID 16676 (D:\Github\Back-end\Microservice\SpringBoot\worker-service\target\worker-service-1.0.0-SNAPSHOT.jar started by Liochio in D:\Github\Back-end\Microservice)
2026-09-08 20:50:47.136 DEBUG [worker-service] [traceId=NO_TRACE] [tenantId=default] [           main] c.l.worker.WorkerServiceApplication      : Running with Spring Boot v3.4.3, Spring v6.2.3
2026-09-08 20:50:47.138  INFO [worker-service] [traceId=NO_TRACE] [tenantId=default] [           main] c.l.worker.WorkerServiceApplication      : No active profile set, falling back to 1 default profile: "default"
2026-09-08 20:50:47.174  WARN [payment-service] [traceId=NO_TRACE] [tenantId=default] [           main] org.hibernate.orm.deprecation            : HHH90000025: MySQLDialect does not need to be specified explicitly using 'hibernate.dialect' (remove the property setting and it will be selected by default)
2026-09-08 20:50:47.202  INFO [payment-service] [traceId=NO_TRACE] [tenantId=default] [           main] org.hibernate.orm.connections.pooling    : HHH10001005: Database info:
	Database JDBC URL [Connecting through datasource 'HikariDataSource (HikariPool-1)']
	Database driver: undefined/unknown
	Database version: 8.0.33
	Autocommit mode: undefined/unknown
	Isolation level: undefined/unknown
	Minimum pool size: undefined/unknown
	Maximum pool size: undefined/unknown
2026-09-08 20:50:47.886  WARN [auth-service] [traceId=NO_TRACE] [tenantId=default] [           main] .s.s.UserDetailsServiceAutoConfiguration : 

Using generated security password: c18d4d03-4665-409f-8397-56d44da44706

This generated password is for development use only. Your security configuration must be updated before running your application in production.

2026-09-08 20:50:47.937  INFO [auth-service] [traceId=NO_TRACE] [tenantId=default] [           main] r$InitializeUserDetailsManagerConfigurer : Global AuthenticationManager configured with UserDetailsService bean with name inMemoryUserDetailsManager
2026-09-08 20:50:48.496  INFO [worker-service] [traceId=NO_TRACE] [tenantId=default] [           main] .s.d.r.c.RepositoryConfigurationDelegate : Multiple Spring Data modules found, entering strict repository configuration mode
2026-09-08 20:50:48.498  INFO [worker-service] [traceId=NO_TRACE] [tenantId=default] [           main] .s.d.r.c.RepositoryConfigurationDelegate : Bootstrapping Spring Data JPA repositories in DEFAULT mode.
2026-09-08 20:50:48.691  INFO [worker-service] [traceId=NO_TRACE] [tenantId=default] [           main] .s.d.r.c.RepositoryConfigurationDelegate : Finished Spring Data repository scanning in 176 ms. Found 9 JPA repository interfaces.
2026-09-08 20:50:48.900  INFO [payment-service] [traceId=NO_TRACE] [tenantId=default] [           main] o.h.e.t.j.p.i.JtaPlatformInitiator       : HHH000489: No JTA platform available (set 'hibernate.transaction.jta.platform' to enable JTA platform integration)
2026-09-08 20:50:49.005  INFO [payment-service] [traceId=NO_TRACE] [tenantId=default] [           main] j.LocalContainerEntityManagerFactoryBean : Initialized JPA EntityManagerFactory for persistence unit 'default'
2026-09-08 20:50:49.197  INFO [worker-service] [traceId=NO_TRACE] [tenantId=default] [           main] .s.d.r.c.RepositoryConfigurationDelegate : Multiple Spring Data modules found, entering strict repository configuration mode
2026-09-08 20:50:49.199  INFO [worker-service] [traceId=NO_TRACE] [tenantId=default] [           main] .s.d.r.c.RepositoryConfigurationDelegate : Bootstrapping Spring Data Redis repositories in DEFAULT mode.
2026-09-08 20:50:49.238  INFO [worker-service] [traceId=NO_TRACE] [tenantId=default] [           main] .RepositoryConfigurationExtensionSupport : Spring Data Redis - Could not safely identify store assignment for repository candidate interface com.liochio.worker.repository.DlqMessageRepository; If you want this repository to be a Redis repository, consider annotating your entities with one of these annotations: org.springframework.data.redis.core.RedisHash (preferred), or consider extending one of the following types with your repository: org.springframework.data.keyvalue.repository.KeyValueRepository
2026-09-08 20:50:49.240  INFO [worker-service] [traceId=NO_TRACE] [tenantId=default] [           main] .RepositoryConfigurationExtensionSupport : Spring Data Redis - Could not safely identify store assignment for repository candidate interface com.liochio.worker.repository.MailLogRepository; If you want this repository to be a Redis repository, consider annotating your entities with one of these annotations: org.springframework.data.redis.core.RedisHash (preferred), or consider extending one of the following types with your repository: org.springframework.data.keyvalue.repository.KeyValueRepository
2026-09-08 20:50:49.241  INFO [worker-service] [traceId=NO_TRACE] [tenantId=default] [           main] .RepositoryConfigurationExtensionSupport : Spring Data Redis - Could not safely identify store assignment for repository candidate interface com.liochio.worker.repository.MessageTemplateRepository; If you want this repository to be a Redis repository, consider annotating your entities with one of these annotations: org.springframework.data.redis.core.RedisHash (preferred), or consider extending one of the following types with your repository: org.springframework.data.keyvalue.repository.KeyValueRepository
2026-09-08 20:50:49.242  INFO [worker-service] [traceId=NO_TRACE] [tenantId=default] [           main] .RepositoryConfigurationExtensionSupport : Spring Data Redis - Could not safely identify store assignment for repository candidate interface com.liochio.worker.repository.NotificationRuleRepository; If you want this repository to be a Redis repository, consider annotating your entities with one of these annotations: org.springframework.data.redis.core.RedisHash (preferred), or consider extending one of the following types with your repository: org.springframework.data.keyvalue.repository.KeyValueRepository
2026-09-08 20:50:49.242  INFO [worker-service] [traceId=NO_TRACE] [tenantId=default] [           main] .s.d.r.c.RepositoryConfigurationDelegate : Finished Spring Data repository scanning in 29 ms. Found 0 Redis repository interfaces.
2026-09-08 20:50:49.561  INFO [payment-service] [traceId=NO_TRACE] [tenantId=default] [           main] com.liochio.common.security.JwtUtils     : [JwtUtils] Loaded RSA Private Key successfully from classpath:certs/rsa-private.pem
2026-09-08 20:50:49.564  INFO [payment-service] [traceId=NO_TRACE] [tenantId=default] [           main] com.liochio.common.security.JwtUtils     : [JwtUtils] Loaded RSA Public Key successfully from classpath:certs/rsa-public.pem
2026-09-08 20:50:49.823  INFO [worker-service] [traceId=NO_TRACE] [tenantId=default] [           main] o.s.cloud.context.scope.GenericScope     : BeanFactory id=5f37bf7e-0967-305d-9957-1d36d368d3c9
2026-09-08 20:50:50.345 DEBUG [payment-service] [traceId=NO_TRACE] [tenantId=default] [           main] c.l.c.security.JwtAuthenticationFilter   : Filter 'jwtAuthenticationFilter' configured for use
2026-09-08 20:50:50.346 DEBUG [payment-service] [traceId=NO_TRACE] [tenantId=default] [           main] c.liochio.common.filter.MdcTraceFilter   : Filter 'mdcTraceFilter' configured for use
2026-09-08 20:50:50.346 DEBUG [payment-service] [traceId=NO_TRACE] [tenantId=default] [           main] com.liochio.common.filter.TenantFilter   : Filter 'tenantFilter' configured for use
2026-09-08 20:50:50.347 DEBUG [payment-service] [traceId=NO_TRACE] [tenantId=default] [           main] c.l.common.filter.AuditLoggingFilter     : Filter 'auditLoggingFilter' configured for use
2026-09-08 20:50:50.616  INFO [payment-service] [traceId=NO_TRACE] [tenantId=default] [           main] o.s.d.j.r.query.QueryEnhancerFactory     : Hibernate is in classpath; If applicable, HQL parser will be used.
2026-09-08 20:50:51.169  INFO [worker-service] [traceId=NO_TRACE] [tenantId=default] [           main] o.s.b.w.embedded.tomcat.TomcatWebServer  : Tomcat initialized with port 8095 (http)
2026-09-08 20:50:51.193  INFO [worker-service] [traceId=NO_TRACE] [tenantId=default] [           main] o.apache.catalina.core.StandardService   : Starting service [Tomcat]
2026-09-08 20:50:51.193  INFO [worker-service] [traceId=NO_TRACE] [tenantId=default] [           main] o.apache.catalina.core.StandardEngine    : Starting Servlet engine: [Apache Tomcat/10.1.36]
2026-09-08 20:50:51.255  INFO [worker-service] [traceId=NO_TRACE] [tenantId=default] [           main] o.a.c.c.C.[Tomcat].[localhost].[/]       : Initializing Spring embedded WebApplicationContext
2026-09-08 20:50:51.256  INFO [worker-service] [traceId=NO_TRACE] [tenantId=default] [           main] w.s.c.ServletWebServerApplicationContext : Root WebApplicationContext: initialization completed in 4026 ms
2026-09-08 20:50:51.754  INFO [worker-service] [traceId=NO_TRACE] [tenantId=default] [           main] o.hibernate.jpa.internal.util.LogHelper  : HHH000204: Processing PersistenceUnitInfo [name: default]
2026-09-08 20:50:51.969  INFO [worker-service] [traceId=NO_TRACE] [tenantId=default] [           main] org.hibernate.Version                    : HHH000412: Hibernate ORM core version 6.6.8.Final
2026-09-08 20:50:52.058  INFO [worker-service] [traceId=NO_TRACE] [tenantId=default] [           main] o.h.c.internal.RegionFactoryInitiator    : HHH000026: Second-level cache disabled
2026-09-08 20:50:52.317  WARN [payment-service] [traceId=NO_TRACE] [tenantId=default] [           main] .s.s.UserDetailsServiceAutoConfiguration : 

Using generated security password: 9712215a-3c34-4600-9e10-cac4b49f8209

This generated password is for development use only. Your security configuration must be updated before running your application in production.

2026-09-08 20:50:52.356  INFO [payment-service] [traceId=NO_TRACE] [tenantId=default] [           main] r$InitializeUserDetailsManagerConfigurer : Global AuthenticationManager configured with UserDetailsService bean with name inMemoryUserDetailsManager
2026-09-08 20:50:52.598  INFO [worker-service] [traceId=NO_TRACE] [tenantId=default] [           main] o.s.o.j.p.SpringPersistenceUnitInfo      : No LoadTimeWeaver setup: ignoring JPA class transformer
2026-09-08 20:50:52.673  INFO [worker-service] [traceId=NO_TRACE] [tenantId=default] [           main] com.zaxxer.hikari.HikariDataSource       : HikariPool-1 - Starting...
2026-09-08 20:50:52.889  INFO [auth-service] [traceId=NO_TRACE] [tenantId=default] [           main] o.s.cloud.commons.util.InetUtils         : Cannot determine local hostname
2026-09-08 20:50:52.970  INFO [auth-service] [traceId=NO_TRACE] [tenantId=default] [           main] DiscoveryClientOptionalArgsConfiguration : Eureka HTTP Client uses RestTemplate.
2026-09-08 20:50:52.994  INFO [worker-service] [traceId=NO_TRACE] [tenantId=default] [           main] com.zaxxer.hikari.pool.HikariPool        : HikariPool-1 - Added connection com.mysql.cj.jdbc.ConnectionImpl@576a8b00
2026-09-08 20:50:53.000  INFO [worker-service] [traceId=NO_TRACE] [tenantId=default] [           main] com.zaxxer.hikari.HikariDataSource       : HikariPool-1 - Start completed.
2026-09-08 20:50:53.091  WARN [worker-service] [traceId=NO_TRACE] [tenantId=default] [           main] org.hibernate.orm.deprecation            : HHH90000025: MySQLDialect does not need to be specified explicitly using 'hibernate.dialect' (remove the property setting and it will be selected by default)
2026-09-08 20:50:53.130  INFO [worker-service] [traceId=NO_TRACE] [tenantId=default] [           main] org.hibernate.orm.connections.pooling    : HHH10001005: Database info:
	Database JDBC URL [Connecting through datasource 'HikariDataSource (HikariPool-1)']
	Database driver: undefined/unknown
	Database version: 8.0.33
	Autocommit mode: undefined/unknown
	Isolation level: undefined/unknown
	Minimum pool size: undefined/unknown
	Maximum pool size: undefined/unknown
2026-09-08 20:50:53.372  INFO [auth-service] [traceId=NO_TRACE] [tenantId=default] [           main] o.s.b.w.embedded.tomcat.TomcatWebServer  : Tomcat started on port 8081 (http) with context path '/'
2026-09-08 20:50:54.543  INFO [auth-service] [traceId=NO_TRACE] [tenantId=default] [           main] o.s.cloud.commons.util.InetUtils         : Cannot determine local hostname
2026-09-08 20:50:54.573  INFO [auth-service] [traceId=NO_TRACE] [tenantId=default] [           main] c.liochio.auth.AuthServiceApplication    : Started AuthServiceApplication in 24.289 seconds (process running for 24.927)
2026-09-08 20:50:54.937  INFO [worker-service] [traceId=NO_TRACE] [tenantId=default] [           main] o.h.e.t.j.p.i.JtaPlatformInitiator       : HHH000489: No JTA platform available (set 'hibernate.transaction.jta.platform' to enable JTA platform integration)
2026-09-08 20:50:55.039  INFO [worker-service] [traceId=NO_TRACE] [tenantId=default] [           main] j.LocalContainerEntityManagerFactoryBean : Initialized JPA EntityManagerFactory for persistence unit 'default'
2026-09-08 20:50:55.658  INFO [worker-service] [traceId=NO_TRACE] [tenantId=default] [           main] com.liochio.common.security.JwtUtils     : [JwtUtils] Loaded RSA Private Key successfully from classpath:certs/rsa-private.pem
2026-09-08 20:50:55.660  INFO [worker-service] [traceId=NO_TRACE] [tenantId=default] [           main] com.liochio.common.security.JwtUtils     : [JwtUtils] Loaded RSA Public Key successfully from classpath:certs/rsa-public.pem
2026-09-08 20:50:56.335 DEBUG [worker-service] [traceId=NO_TRACE] [tenantId=default] [           main] c.l.c.security.JwtAuthenticationFilter   : Filter 'jwtAuthenticationFilter' configured for use
2026-09-08 20:50:56.335 DEBUG [worker-service] [traceId=NO_TRACE] [tenantId=default] [           main] c.liochio.common.filter.MdcTraceFilter   : Filter 'mdcTraceFilter' configured for use
2026-09-08 20:50:56.336 DEBUG [worker-service] [traceId=NO_TRACE] [tenantId=default] [           main] com.liochio.common.filter.TenantFilter   : Filter 'tenantFilter' configured for use
2026-09-08 20:50:56.336 DEBUG [worker-service] [traceId=NO_TRACE] [tenantId=default] [           main] c.l.common.filter.AuditLoggingFilter     : Filter 'auditLoggingFilter' configured for use
2026-09-08 20:50:57.029  INFO [worker-service] [traceId=NO_TRACE] [tenantId=default] [           main] o.s.d.j.r.query.QueryEnhancerFactory     : Hibernate is in classpath; If applicable, HQL parser will be used.
2026-09-08 20:50:57.078  INFO [payment-service] [traceId=NO_TRACE] [tenantId=default] [           main] o.s.cloud.commons.util.InetUtils         : Cannot determine local hostname
2026-09-08 20:50:58.053  WARN [worker-service] [traceId=NO_TRACE] [tenantId=default] [           main] JpaBaseConfiguration$JpaWebConfiguration : spring.jpa.open-in-view is enabled by default. Therefore, database queries may be performed during view rendering. Explicitly configure spring.jpa.open-in-view to disable this warning
2026-09-08 20:50:58.158  WARN [worker-service] [traceId=NO_TRACE] [tenantId=default] [           main] .s.s.UserDetailsServiceAutoConfiguration : 

Using generated security password: 562286a4-340c-44b8-a625-6ac3ef5a03d4

This generated password is for development use only. Your security configuration must be updated before running your application in production.

2026-09-08 20:50:58.196  INFO [worker-service] [traceId=NO_TRACE] [tenantId=default] [           main] r$InitializeUserDetailsManagerConfigurer : Global AuthenticationManager configured with UserDetailsService bean with name inMemoryUserDetailsManager
2026-09-08 20:50:58.320  INFO [payment-service] [traceId=NO_TRACE] [tenantId=default] [           main] o.s.cloud.commons.util.InetUtils         : Cannot determine local hostname
2026-09-08 20:50:58.412  INFO [payment-service] [traceId=NO_TRACE] [tenantId=default] [           main] DiscoveryClientOptionalArgsConfiguration : Eureka HTTP Client uses RestTemplate.
2026-09-08 20:50:58.780  INFO [payment-service] [traceId=NO_TRACE] [tenantId=default] [           main] o.s.c.n.eureka.InstanceInfoFactory       : Setting initial instance status as: STARTING
2026-09-08 20:50:59.251  WARN [payment-service] [traceId=NO_TRACE] [tenantId=default] [           main] c.n.d.s.t.d.RetryableEurekaHttpClient    : Request execution failed with message: I/O error on GET request for "http://localhost:8761/eureka/apps/": Connect to http://localhost:8761 [localhost/127.0.0.1, localhost/0:0:0:0:0:0:0:1] failed: Connection refused: no further information
2026-09-08 20:50:59.253  WARN [payment-service] [traceId=NO_TRACE] [tenantId=default] [           main] com.netflix.discovery.DiscoveryClient    : Using default backup registry implementation which does not do anything.
2026-09-08 20:50:59.295  INFO [payment-service] [traceId=NO_TRACE] [tenantId=default] [           main] o.s.c.n.e.s.EurekaServiceRegistry        : Registering application PAYMENT-SERVICE with eureka with status UP
2026-09-08 20:50:59.319  INFO [payment-service] [traceId=NO_TRACE] [tenantId=default] [           main] o.s.b.w.embedded.tomcat.TomcatWebServer  : Tomcat started on port 8085 (http) with context path '/'
2026-09-08 20:50:59.321  INFO [payment-service] [traceId=NO_TRACE] [tenantId=default] [           main] .s.c.n.e.s.EurekaAutoServiceRegistration : Updating port to 8085
2026-09-08 20:50:59.352  WARN [payment-service] [traceId=NO_TRACE] [tenantId=default] [foReplicator-%d] c.n.d.s.t.d.RetryableEurekaHttpClient    : Request execution failed with message: I/O error on POST request for "http://localhost:8761/eureka/apps/PAYMENT-SERVICE": Connect to http://localhost:8761 [localhost/127.0.0.1, localhost/0:0:0:0:0:0:0:1] failed: Connection refused: no further information
2026-09-08 20:50:59.352  WARN [payment-service] [traceId=NO_TRACE] [tenantId=default] [foReplicator-%d] com.netflix.discovery.DiscoveryClient    : DiscoveryClient_PAYMENT-SERVICE/localhost:payment-service:8085 - registration failed Cannot execute request on any known server

com.netflix.discovery.shared.transport.TransportException: Cannot execute request on any known server
	at com.netflix.discovery.shared.transport.decorator.RetryableEurekaHttpClient.execute(RetryableEurekaHttpClient.java:112)
	at com.netflix.discovery.shared.transport.decorator.EurekaHttpClientDecorator.register(EurekaHttpClientDecorator.java:56)
	at com.netflix.discovery.shared.transport.decorator.EurekaHttpClientDecorator$1.execute(EurekaHttpClientDecorator.java:59)
	at com.netflix.discovery.shared.transport.decorator.SessionedEurekaHttpClient.execute(SessionedEurekaHttpClient.java:76)
	at com.netflix.discovery.shared.transport.decorator.EurekaHttpClientDecorator.register(EurekaHttpClientDecorator.java:56)
	at com.netflix.discovery.DiscoveryClient.register(DiscoveryClient.java:828)
	at com.netflix.discovery.InstanceInfoReplicator.run(InstanceInfoReplicator.java:125)
	at com.netflix.discovery.InstanceInfoReplicator$2.run(InstanceInfoReplicator.java:105)
	at java.base/java.util.concurrent.Executors$RunnableAdapter.call(Executors.java:539)
	at java.base/java.util.concurrent.FutureTask.run(FutureTask.java:264)
	at java.base/java.util.concurrent.ScheduledThreadPoolExecutor$ScheduledFutureTask.run(ScheduledThreadPoolExecutor.java:304)
	at java.base/java.util.concurrent.ThreadPoolExecutor.runWorker(ThreadPoolExecutor.java:1136)
	at java.base/java.util.concurrent.ThreadPoolExecutor$Worker.run(ThreadPoolExecutor.java:635)
	at java.base/java.lang.Thread.run(Thread.java:842)

2026-09-08 20:50:59.357  WARN [payment-service] [traceId=NO_TRACE] [tenantId=default] [foReplicator-%d] c.n.discovery.InstanceInfoReplicator     : There was a problem with the instance info replicator

com.netflix.discovery.shared.transport.TransportException: Cannot execute request on any known server
	at com.netflix.discovery.shared.transport.decorator.RetryableEurekaHttpClient.execute(RetryableEurekaHttpClient.java:112)
	at com.netflix.discovery.shared.transport.decorator.EurekaHttpClientDecorator.register(EurekaHttpClientDecorator.java:56)
	at com.netflix.discovery.shared.transport.decorator.EurekaHttpClientDecorator$1.execute(EurekaHttpClientDecorator.java:59)
	at com.netflix.discovery.shared.transport.decorator.SessionedEurekaHttpClient.execute(SessionedEurekaHttpClient.java:76)
	at com.netflix.discovery.shared.transport.decorator.EurekaHttpClientDecorator.register(EurekaHttpClientDecorator.java:56)
	at com.netflix.discovery.DiscoveryClient.register(DiscoveryClient.java:828)
	at com.netflix.discovery.InstanceInfoReplicator.run(InstanceInfoReplicator.java:125)
	at com.netflix.discovery.InstanceInfoReplicator$2.run(InstanceInfoReplicator.java:105)
	at java.base/java.util.concurrent.Executors$RunnableAdapter.call(Executors.java:539)
	at java.base/java.util.concurrent.FutureTask.run(FutureTask.java:264)
	at java.base/java.util.concurrent.ScheduledThreadPoolExecutor$ScheduledFutureTask.run(ScheduledThreadPoolExecutor.java:304)
	at java.base/java.util.concurrent.ThreadPoolExecutor.runWorker(ThreadPoolExecutor.java:1136)
	at java.base/java.util.concurrent.ThreadPoolExecutor$Worker.run(ThreadPoolExecutor.java:635)
	at java.base/java.lang.Thread.run(Thread.java:842)

2026-09-08 20:51:00.475  INFO [payment-service] [traceId=NO_TRACE] [tenantId=default] [           main] o.s.cloud.commons.util.InetUtils         : Cannot determine local hostname
2026-09-08 20:51:00.497  INFO [payment-service] [traceId=NO_TRACE] [tenantId=default] [           main] c.l.payment.PaymentServiceApplication    : Started PaymentServiceApplication in 22.82 seconds (process running for 23.504)
2026-09-08 20:51:02.643  INFO [worker-service] [traceId=NO_TRACE] [tenantId=default] [           main] o.s.cloud.commons.util.InetUtils         : Cannot determine local hostname
2026-09-08 20:51:02.727  INFO [worker-service] [traceId=NO_TRACE] [tenantId=default] [           main] DiscoveryClientOptionalArgsConfiguration : Eureka HTTP Client uses RestTemplate.
2026-09-08 20:51:03.070  INFO [worker-service] [traceId=NO_TRACE] [tenantId=default] [           main] o.s.b.w.embedded.tomcat.TomcatWebServer  : Tomcat started on port 8095 (http) with context path '/'
2026-09-08 20:51:04.202  INFO [worker-service] [traceId=NO_TRACE] [tenantId=default] [           main] o.s.cloud.commons.util.InetUtils         : Cannot determine local hostname
2026-09-08 20:51:04.235  INFO [worker-service] [traceId=NO_TRACE] [tenantId=default] [           main] c.l.worker.WorkerServiceApplication      : Started WorkerServiceApplication in 19.295 seconds (process running for 19.998)
2026-09-08 20:51:04.532 DEBUG [worker-service] [traceId=NO_TRACE] [tenantId=default] [   scheduling-1] c.liochio.common.advice.LoggingAspect    : [EXECUTION] com.liochio.worker.service.MailProcessingService.processPendingBatch() hoàn tất trong 216 ms
2026-09-08 20:51:04.550 DEBUG [worker-service] [traceId=NO_TRACE] [tenantId=default] [   scheduling-1] c.liochio.common.advice.LoggingAspect    : [EXECUTION] com.liochio.worker.service.OutboxProcessingService.processPendingOutboxEvents() hoàn tất trong 5 ms
2026-09-08 20:51:09.558 DEBUG [worker-service] [traceId=NO_TRACE] [tenantId=default] [   scheduling-1] c.liochio.common.advice.LoggingAspect    : [EXECUTION] com.liochio.worker.service.MailProcessingService.processPendingBatch() hoàn tất trong 2 ms
2026-09-08 20:51:09.565 DEBUG [worker-service] [traceId=NO_TRACE] [tenantId=default] [   scheduling-1] c.liochio.common.advice.LoggingAspect    : [EXECUTION] com.liochio.worker.service.OutboxProcessingService.processPendingOutboxEvents() hoàn tất trong 1 ms
2026-09-08 20:51:14.670 DEBUG [worker-service] [traceId=NO_TRACE] [tenantId=default] [   scheduling-1] c.liochio.common.advice.LoggingAspect    : [EXECUTION] com.liochio.worker.service.MailProcessingService.processPendingBatch() hoàn tất trong 11 ms
2026-09-08 20:51:14.857 DEBUG [worker-service] [traceId=NO_TRACE] [tenantId=default] [   scheduling-1] c.liochio.common.advice.LoggingAspect    : [EXECUTION] com.liochio.worker.service.OutboxProcessingService.processPendingOutboxEvents() hoàn tất trong 2 ms
2026-09-08 20:51:16.862  INFO [auth-service] [traceId=NO_TRACE] [tenantId=default] [nio-8081-exec-1] o.a.c.c.C.[Tomcat].[localhost].[/]       : Initializing Spring DispatcherServlet 'dispatcherServlet'
2026-09-08 20:51:16.862  INFO [auth-service] [traceId=NO_TRACE] [tenantId=default] [nio-8081-exec-1] o.s.web.servlet.DispatcherServlet        : Initializing Servlet 'dispatcherServlet'
2026-09-08 20:51:16.866  INFO [auth-service] [traceId=NO_TRACE] [tenantId=default] [nio-8081-exec-1] o.s.web.servlet.DispatcherServlet        : Completed initialization in 2 ms
2026-09-08 20:51:16.870 DEBUG [auth-service] [traceId=d0def360e9a3471f] [tenantId=default] [nio-8081-exec-1] com.liochio.common.filter.TenantFilter   : [TenantFilter] Đã nạp Tenant ID: 'default' cho URI: /api/v1/auth/login
2026-09-08 20:51:17.230 DEBUG [auth-service] [traceId=d0def360e9a3471f] [tenantId=default] [nio-8081-exec-1] c.liochio.common.advice.LoggingAspect    : [EXECUTION] com.liochio.common.service.SystemConfigService.getInt() hoàn tất trong 25 ms
2026-09-08 20:51:17.234 DEBUG [auth-service] [traceId=d0def360e9a3471f] [tenantId=default] [nio-8081-exec-1] c.liochio.common.advice.LoggingAspect    : [EXECUTION] com.liochio.common.service.SystemConfigService.getInt() hoàn tất trong 4 ms
2026-09-08 20:51:17.587  INFO [auth-service] [traceId=d0def360e9a3471f] [tenantId=default] [nio-8081-exec-1] c.l.auth.service.LoginSecurityService    : [LoginSecurityService] Đã ghi nhận lịch sử bảo mật: User='superadmin', Status='SUCCESS', Reason='Đăng nhập thành công'
2026-09-08 20:51:17.587 DEBUG [auth-service] [traceId=d0def360e9a3471f] [tenantId=default] [nio-8081-exec-1] c.liochio.common.advice.LoggingAspect    : [EXECUTION] com.liochio.auth.service.LoginSecurityService.recordSuccessfulLogin() hoàn tất trong 59 ms
2026-09-08 20:51:17.609 DEBUG [auth-service] [traceId=d0def360e9a3471f] [tenantId=default] [nio-8081-exec-1] c.liochio.common.advice.LoggingAspect    : [EXECUTION] com.liochio.auth.service.DeviceService.getOrCreateDevice() hoàn tất trong 16 ms
2026-09-08 20:51:17.750 DEBUG [auth-service] [traceId=d0def360e9a3471f] [tenantId=default] [nio-8081-exec-1] c.liochio.common.advice.LoggingAspect    : [EXECUTION] com.liochio.auth.service.SessionService.kickOutOtherMobileSessions() hoàn tất trong 9 ms
2026-09-08 20:51:17.756  INFO [auth-service] [traceId=d0def360e9a3471f] [tenantId=default] [nio-8081-exec-1] c.liochio.auth.service.SessionService    : [SessionService] Tạo phiên mới: SessionID=sess_63f193e07eda4a56bb71d5ddd5781194, UserID=1, DeviceID=fp_196e530f9c611ded
2026-09-08 20:51:17.757 DEBUG [auth-service] [traceId=d0def360e9a3471f] [tenantId=default] [nio-8081-exec-1] c.liochio.common.advice.LoggingAspect    : [EXECUTION] com.liochio.auth.service.SessionService.createSession() hoàn tất trong 7 ms
2026-09-08 20:51:17.779 DEBUG [auth-service] [traceId=d0def360e9a3471f] [tenantId=default] [nio-8081-exec-1] c.liochio.common.advice.LoggingAspect    : [EXECUTION] com.liochio.auth.service.AuthService.login() hoàn tất trong 691 ms
2026-09-08 20:51:17.792 DEBUG [auth-service] [traceId=d0def360e9a3471f] [tenantId=default] [nio-8081-exec-1] c.liochio.common.advice.LoggingAspect    : [EXECUTION] com.liochio.common.i18n.MessageService.getMessage() hoàn tất trong 1 ms
2026-09-08 20:51:17.793 DEBUG [auth-service] [traceId=d0def360e9a3471f] [tenantId=default] [nio-8081-exec-1] c.liochio.common.advice.LoggingAspect    : [EXECUTION] com.liochio.auth.controller.AuthController.login() hoàn tất trong 712 ms
2026-09-08 20:51:19.872 DEBUG [worker-service] [traceId=NO_TRACE] [tenantId=default] [   scheduling-1] c.liochio.common.advice.LoggingAspect    : [EXECUTION] com.liochio.worker.service.MailProcessingService.processPendingBatch() hoàn tất trong 1 ms
2026-09-08 20:51:19.944 DEBUG [worker-service] [traceId=NO_TRACE] [tenantId=default] [   scheduling-1] c.liochio.common.advice.LoggingAspect    : [EXECUTION] com.liochio.worker.service.OutboxProcessingService.processPendingOutboxEvents() hoàn tất trong 1 ms
2026-09-08 20:51:24.895 DEBUG [worker-service] [traceId=NO_TRACE] [tenantId=default] [   scheduling-1] c.liochio.common.advice.LoggingAspect    : [EXECUTION] com.liochio.worker.service.MailProcessingService.processPendingBatch() hoàn tất trong 4 ms
2026-09-08 20:51:24.963 DEBUG [worker-service] [traceId=NO_TRACE] [tenantId=default] [   scheduling-1] c.liochio.common.advice.LoggingAspect    : [EXECUTION] com.liochio.worker.service.OutboxProcessingService.processPendingOutboxEvents() hoàn tất trong 1 ms
2026-09-08 20:51:27.570 DEBUG [auth-service] [traceId=011e93fb5784488a] [tenantId=default] [nio-8081-exec-2] com.liochio.common.filter.TenantFilter   : [TenantFilter] Đã nạp Tenant ID: 'default' cho URI: /api/v1/auth/login
2026-09-08 20:51:27.585 DEBUG [auth-service] [traceId=011e93fb5784488a] [tenantId=default] [nio-8081-exec-2] c.liochio.common.advice.LoggingAspect    : [EXECUTION] com.liochio.common.service.SystemConfigService.getInt() hoàn tất trong 0 ms
2026-09-08 20:51:27.586 DEBUG [auth-service] [traceId=011e93fb5784488a] [tenantId=default] [nio-8081-exec-2] c.liochio.common.advice.LoggingAspect    : [EXECUTION] com.liochio.common.service.SystemConfigService.getInt() hoàn tất trong 0 ms
2026-09-08 20:51:27.877  INFO [auth-service] [traceId=011e93fb5784488a] [tenantId=default] [nio-8081-exec-2] c.l.auth.service.LoginSecurityService    : [LoginSecurityService] Đã ghi nhận lịch sử bảo mật: User='superadmin', Status='SUCCESS', Reason='Đăng nhập thành công'
2026-09-08 20:51:27.878 DEBUG [auth-service] [traceId=011e93fb5784488a] [tenantId=default] [nio-8081-exec-2] c.liochio.common.advice.LoggingAspect    : [EXECUTION] com.liochio.auth.service.LoginSecurityService.recordSuccessfulLogin() hoàn tất trong 4 ms
2026-09-08 20:51:27.884 DEBUG [auth-service] [traceId=011e93fb5784488a] [tenantId=default] [nio-8081-exec-2] c.liochio.common.advice.LoggingAspect    : [EXECUTION] com.liochio.auth.service.DeviceService.getOrCreateDevice() hoàn tất trong 3 ms
2026-09-08 20:51:27.901 DEBUG [auth-service] [traceId=011e93fb5784488a] [tenantId=default] [nio-8081-exec-2] c.liochio.common.advice.LoggingAspect    : [EXECUTION] com.liochio.auth.service.SessionService.kickOutOtherMobileSessions() hoàn tất trong 3 ms
2026-09-08 20:51:27.904  INFO [auth-service] [traceId=011e93fb5784488a] [tenantId=default] [nio-8081-exec-2] c.liochio.auth.service.SessionService    : [SessionService] Tạo phiên mới: SessionID=sess_96ef0417d8d64afd84e7c0e5b0f9a266, UserID=1, DeviceID=fp_196e530f9c611ded
2026-09-08 20:51:27.905 DEBUG [auth-service] [traceId=011e93fb5784488a] [tenantId=default] [nio-8081-exec-2] c.liochio.common.advice.LoggingAspect    : [EXECUTION] com.liochio.auth.service.SessionService.createSession() hoàn tất trong 2 ms
2026-09-08 20:51:27.922 DEBUG [auth-service] [traceId=011e93fb5784488a] [tenantId=default] [nio-8081-exec-2] c.liochio.common.advice.LoggingAspect    : [EXECUTION] com.liochio.auth.service.AuthService.login() hoàn tất trong 347 ms
2026-09-08 20:51:27.928 DEBUG [auth-service] [traceId=011e93fb5784488a] [tenantId=default] [nio-8081-exec-2] c.liochio.common.advice.LoggingAspect    : [EXECUTION] com.liochio.common.i18n.MessageService.getMessage() hoàn tất trong 1 ms
2026-09-08 20:51:27.928 DEBUG [auth-service] [traceId=011e93fb5784488a] [tenantId=default] [nio-8081-exec-2] c.liochio.common.advice.LoggingAspect    : [EXECUTION] com.liochio.auth.controller.AuthController.login() hoàn tất trong 354 ms
2026-09-08 20:51:27.997  INFO [payment-service] [traceId=NO_TRACE] [tenantId=default] [nio-8085-exec-1] o.a.c.c.C.[Tomcat].[localhost].[/]       : Initializing Spring DispatcherServlet 'dispatcherServlet'
2026-09-08 20:51:27.997  INFO [payment-service] [traceId=NO_TRACE] [tenantId=default] [nio-8085-exec-1] o.s.web.servlet.DispatcherServlet        : Initializing Servlet 'dispatcherServlet'
2026-09-08 20:51:28.001  INFO [payment-service] [traceId=NO_TRACE] [tenantId=default] [nio-8085-exec-1] o.s.web.servlet.DispatcherServlet        : Completed initialization in 4 ms
2026-09-08 20:51:28.008 DEBUG [payment-service] [traceId=dbe5c8154df347a1] [tenantId=default] [nio-8085-exec-1] com.liochio.common.filter.TenantFilter   : [TenantFilter] Đã nạp Tenant ID: 'default' cho URI: /api/payments/compensate
2026-09-08 20:51:28.460 DEBUG [payment-service] [traceId=dbe5c8154df347a1] [tenantId=default] [nio-8085-exec-1] c.l.c.security.TokenBlacklistService     : [TokenBlacklist] Kiểm tra Redis lỗi, tiếp tục: Unable to connect to Redis
2026-09-08 20:51:28.602 DEBUG [payment-service] [traceId=dbe5c8154df347a1] [tenantId=default] [nio-8085-exec-1] c.liochio.common.advice.LoggingAspect    : [EXECUTION] com.liochio.common.security.TokenBlacklistService.isBlacklisted() hoàn tất trong 563 ms
2026-09-08 20:51:28.655 DEBUG [payment-service] [traceId=dbe5c8154df347a1] [tenantId=default] [nio-8085-exec-1] c.liochio.common.advice.LoggingAspect    : [EXECUTION] com.liochio.common.i18n.MessageService.getMessage() hoàn tất trong 3 ms
2026-09-08 20:51:28.656  WARN [payment-service] [traceId=dbe5c8154df347a1] [tenantId=default] [nio-8085-exec-1] c.l.c.exception.GlobalExceptionHandler   : [MissingParam] Parameter 'orderId' is missing
2026-09-08 20:51:28.899  INFO [worker-service] [traceId=NO_TRACE] [tenantId=default] [nio-8095-exec-1] o.a.c.c.C.[Tomcat].[localhost].[/]       : Initializing Spring DispatcherServlet 'dispatcherServlet'
2026-09-08 20:51:28.901  INFO [worker-service] [traceId=NO_TRACE] [tenantId=default] [nio-8095-exec-1] o.s.web.servlet.DispatcherServlet        : Initializing Servlet 'dispatcherServlet'
2026-09-08 20:51:28.904  INFO [worker-service] [traceId=NO_TRACE] [tenantId=default] [nio-8095-exec-1] o.s.web.servlet.DispatcherServlet        : Completed initialization in 3 ms
2026-09-08 20:51:28.913 DEBUG [worker-service] [traceId=c259f5da69264b56] [tenantId=default] [nio-8095-exec-1] com.liochio.common.filter.TenantFilter   : [TenantFilter] Đã nạp Tenant ID: 'default' cho URI: /api/v1/worker/alerts/send-test
2026-09-08 20:51:29.016  INFO [worker-service] [traceId=c259f5da69264b56] [tenantId=default] [nio-8095-exec-1] c.l.worker.service.TelegramAlertService  : 
================================================================================
🚨 [SYSTEM ALERT DISPATCHER] ĐÃ PHÁT CẢNH BÁO AN NINH & SỰ CỐ
   -> Tiêu đề     : CẢNH BÁO KIỂM THỬ HỆ THỐNG
   -> Phân hệ     : WORKER_ALERT_ENGINE
   -> Trace ID    : trace_alert_test
   -> Telegram ID : (Console Logger Mode)
================================================================================
2026-09-08 20:51:29.016  INFO [worker-service] [traceId=c259f5da69264b56] [tenantId=default] [nio-8095-exec-1] c.l.worker.service.TelegramAlertService  : [TelegramAlertService] Chưa cấu hình Telegram Bot Token/Chat ID (Đã lưu vết vào file log và DB)
2026-09-08 20:51:29.016 DEBUG [worker-service] [traceId=c259f5da69264b56] [tenantId=default] [nio-8095-exec-1] c.liochio.common.advice.LoggingAspect    : [EXECUTION] com.liochio.worker.service.TelegramAlertService.sendCriticalAlert() hoàn tất trong 8 ms
2026-09-08 20:51:29.018 DEBUG [worker-service] [traceId=c259f5da69264b56] [tenantId=default] [nio-8095-exec-1] c.liochio.common.advice.LoggingAspect    : [EXECUTION] com.liochio.worker.controller.WorkerController.sendTestAlert() hoàn tất trong 10 ms
2026-09-08 20:51:29.190 DEBUG [worker-service] [traceId=087cde7fb930408b] [tenantId=default] [nio-8095-exec-2] com.liochio.common.filter.TenantFilter   : [TenantFilter] Đã nạp Tenant ID: 'default' cho URI: /api/v1/worker/partitions/status
2026-09-08 20:51:29.199 DEBUG [worker-service] [traceId=087cde7fb930408b] [tenantId=default] [nio-8095-exec-2] c.liochio.common.advice.LoggingAspect    : [EXECUTION] com.liochio.worker.controller.WorkerController.getPartitionStatus() hoàn tất trong 6 ms
2026-09-08 20:51:29.286  WARN [payment-service] [traceId=NO_TRACE] [tenantId=default] [reshExecutor-%d] c.n.d.s.t.d.RetryableEurekaHttpClient    : Request execution failed with message: I/O error on GET request for "http://localhost:8761/eureka/apps/": Connect to http://localhost:8761 [localhost/127.0.0.1, localhost/0:0:0:0:0:0:0:1] failed: Connection refused: no further information
2026-09-08 20:51:29.291  WARN [payment-service] [traceId=NO_TRACE] [tenantId=default] [beatExecutor-%d] c.n.d.s.t.d.RetryableEurekaHttpClient    : Request execution failed with message: I/O error on PUT request for "http://localhost:8761/eureka/apps/PAYMENT-SERVICE/localhost:payment-service:8085": Connect to http://localhost:8761 [localhost/127.0.0.1, localhost/0:0:0:0:0:0:0:1] failed: Connection refused: no further information
2026-09-08 20:51:29.291 ERROR [payment-service] [traceId=NO_TRACE] [tenantId=default] [beatExecutor-%d] com.netflix.discovery.DiscoveryClient    : DiscoveryClient_PAYMENT-SERVICE/localhost:payment-service:8085 - was unable to send heartbeat!

com.netflix.discovery.shared.transport.TransportException: Cannot execute request on any known server
	at com.netflix.discovery.shared.transport.decorator.RetryableEurekaHttpClient.execute(RetryableEurekaHttpClient.java:112)
	at com.netflix.discovery.shared.transport.decorator.EurekaHttpClientDecorator.sendHeartBeat(EurekaHttpClientDecorator.java:89)
	at com.netflix.discovery.shared.transport.decorator.EurekaHttpClientDecorator$3.execute(EurekaHttpClientDecorator.java:92)
	at com.netflix.discovery.shared.transport.decorator.SessionedEurekaHttpClient.execute(SessionedEurekaHttpClient.java:76)
	at com.netflix.discovery.shared.transport.decorator.EurekaHttpClientDecorator.sendHeartBeat(EurekaHttpClientDecorator.java:89)
	at com.netflix.discovery.DiscoveryClient.renew(DiscoveryClient.java:845)
	at com.netflix.discovery.DiscoveryClient$HeartbeatThread.run(DiscoveryClient.java:1402)
	at java.base/java.util.concurrent.Executors$RunnableAdapter.call(Executors.java:539)
	at java.base/java.util.concurrent.FutureTask.run(FutureTask.java:264)
	at java.base/java.util.concurrent.ThreadPoolExecutor.runWorker(ThreadPoolExecutor.java:1136)
	at java.base/java.util.concurrent.ThreadPoolExecutor$Worker.run(ThreadPoolExecutor.java:635)
	at java.base/java.lang.Thread.run(Thread.java:842)

2026-09-08 20:51:29.372  WARN [payment-service] [traceId=NO_TRACE] [tenantId=default] [foReplicator-%d] c.n.d.s.t.d.RetryableEurekaHttpClient    : Request execution failed with message: I/O error on POST request for "http://localhost:8761/eureka/apps/PAYMENT-SERVICE": Connect to http://localhost:8761 [localhost/127.0.0.1, localhost/0:0:0:0:0:0:0:1] failed: Connection refused: no further information
2026-09-08 20:51:29.372  WARN [payment-service] [traceId=NO_TRACE] [tenantId=default] [foReplicator-%d] com.netflix.discovery.DiscoveryClient    : DiscoveryClient_PAYMENT-SERVICE/localhost:payment-service:8085 - registration failed Cannot execute request on any known server

com.netflix.discovery.shared.transport.TransportException: Cannot execute request on any known server
	at com.netflix.discovery.shared.transport.decorator.RetryableEurekaHttpClient.execute(RetryableEurekaHttpClient.java:112)
	at com.netflix.discovery.shared.transport.decorator.EurekaHttpClientDecorator.register(EurekaHttpClientDecorator.java:56)
	at com.netflix.discovery.shared.transport.decorator.EurekaHttpClientDecorator$1.execute(EurekaHttpClientDecorator.java:59)
	at com.netflix.discovery.shared.transport.decorator.SessionedEurekaHttpClient.execute(SessionedEurekaHttpClient.java:76)
	at com.netflix.discovery.shared.transport.decorator.EurekaHttpClientDecorator.register(EurekaHttpClientDecorator.java:56)
	at com.netflix.discovery.DiscoveryClient.register(DiscoveryClient.java:828)
	at com.netflix.discovery.InstanceInfoReplicator.run(InstanceInfoReplicator.java:125)
	at java.base/java.util.concurrent.Executors$RunnableAdapter.call(Executors.java:539)
	at java.base/java.util.concurrent.FutureTask.run(FutureTask.java:264)
	at java.base/java.util.concurrent.ScheduledThreadPoolExecutor$ScheduledFutureTask.run(ScheduledThreadPoolExecutor.java:304)
	at java.base/java.util.concurrent.ThreadPoolExecutor.runWorker(ThreadPoolExecutor.java:1136)
	at java.base/java.util.concurrent.ThreadPoolExecutor$Worker.run(ThreadPoolExecutor.java:635)
	at java.base/java.lang.Thread.run(Thread.java:842)

2026-09-08 20:51:29.372  WARN [payment-service] [traceId=NO_TRACE] [tenantId=default] [foReplicator-%d] c.n.discovery.InstanceInfoReplicator     : There was a problem with the instance info replicator

com.netflix.discovery.shared.transport.TransportException: Cannot execute request on any known server
	at com.netflix.discovery.shared.transport.decorator.RetryableEurekaHttpClient.execute(RetryableEurekaHttpClient.java:112)
	at com.netflix.discovery.shared.transport.decorator.EurekaHttpClientDecorator.register(EurekaHttpClientDecorator.java:56)
	at com.netflix.discovery.shared.transport.decorator.EurekaHttpClientDecorator$1.execute(EurekaHttpClientDecorator.java:59)
	at com.netflix.discovery.shared.transport.decorator.SessionedEurekaHttpClient.execute(SessionedEurekaHttpClient.java:76)
	at com.netflix.discovery.shared.transport.decorator.EurekaHttpClientDecorator.register(EurekaHttpClientDecorator.java:56)
	at com.netflix.discovery.DiscoveryClient.register(DiscoveryClient.java:828)
	at com.netflix.discovery.InstanceInfoReplicator.run(InstanceInfoReplicator.java:125)
	at java.base/java.util.concurrent.Executors$RunnableAdapter.call(Executors.java:539)
	at java.base/java.util.concurrent.FutureTask.run(FutureTask.java:264)
	at java.base/java.util.concurrent.ScheduledThreadPoolExecutor$ScheduledFutureTask.run(ScheduledThreadPoolExecutor.java:304)
	at java.base/java.util.concurrent.ThreadPoolExecutor.runWorker(ThreadPoolExecutor.java:1136)
	at java.base/java.util.concurrent.ThreadPoolExecutor$Worker.run(ThreadPoolExecutor.java:635)
	at java.base/java.lang.Thread.run(Thread.java:842)

2026-09-08 20:51:29.910 DEBUG [worker-service] [traceId=NO_TRACE] [tenantId=default] [   scheduling-1] c.liochio.common.advice.LoggingAspect    : [EXECUTION] com.liochio.worker.service.MailProcessingService.processPendingBatch() hoàn tất trong 2 ms
2026-09-08 20:51:29.985 DEBUG [worker-service] [traceId=NO_TRACE] [tenantId=default] [   scheduling-1] c.liochio.common.advice.LoggingAspect    : [EXECUTION] com.liochio.worker.service.OutboxProcessingService.processPendingOutboxEvents() hoàn tất trong 1 ms
2026-09-08 20:51:34.933 DEBUG [worker-service] [traceId=NO_TRACE] [tenantId=default] [   scheduling-1] c.liochio.common.advice.LoggingAspect    : [EXECUTION] com.liochio.worker.service.MailProcessingService.processPendingBatch() hoàn tất trong 3 ms
2026-09-08 20:51:34.994 DEBUG [worker-service] [traceId=NO_TRACE] [tenantId=default] [   scheduling-1] c.liochio.common.advice.LoggingAspect    : [EXECUTION] com.liochio.worker.service.OutboxProcessingService.processPendingOutboxEvents() hoàn tất trong 0 ms
2026-09-08 20:51:39.946 DEBUG [worker-service] [traceId=NO_TRACE] [tenantId=default] [   scheduling-1] c.liochio.common.advice.LoggingAspect    : [EXECUTION] com.liochio.worker.service.MailProcessingService.processPendingBatch() hoàn tất trong 4 ms
2026-09-08 20:51:40.007 DEBUG [worker-service] [traceId=NO_TRACE] [tenantId=default] [   scheduling-1] c.liochio.common.advice.LoggingAspect    : [EXECUTION] com.liochio.worker.service.OutboxProcessingService.processPendingOutboxEvents() hoàn tất trong 1 ms
2026-09-08 20:51:42.534 DEBUG [auth-service] [traceId=996193a3dda44179] [tenantId=default] [nio-8081-exec-3] com.liochio.common.filter.TenantFilter   : [TenantFilter] Đã nạp Tenant ID: 'default' cho URI: /api/v1/auth/login
2026-09-08 20:51:42.547 DEBUG [auth-service] [traceId=996193a3dda44179] [tenantId=default] [nio-8081-exec-3] c.liochio.common.advice.LoggingAspect    : [EXECUTION] com.liochio.common.service.SystemConfigService.getInt() hoàn tất trong 0 ms
2026-09-08 20:51:42.548 DEBUG [auth-service] [traceId=996193a3dda44179] [tenantId=default] [nio-8081-exec-3] c.liochio.common.advice.LoggingAspect    : [EXECUTION] com.liochio.common.service.SystemConfigService.getInt() hoàn tất trong 0 ms
2026-09-08 20:51:42.854  INFO [auth-service] [traceId=996193a3dda44179] [tenantId=default] [nio-8081-exec-3] c.l.auth.service.LoginSecurityService    : [LoginSecurityService] Đã ghi nhận lịch sử bảo mật: User='superadmin', Status='SUCCESS', Reason='Đăng nhập thành công'
2026-09-08 20:51:42.855 DEBUG [auth-service] [traceId=996193a3dda44179] [tenantId=default] [nio-8081-exec-3] c.liochio.common.advice.LoggingAspect    : [EXECUTION] com.liochio.auth.service.LoginSecurityService.recordSuccessfulLogin() hoàn tất trong 5 ms
2026-09-08 20:51:42.862 DEBUG [auth-service] [traceId=996193a3dda44179] [tenantId=default] [nio-8081-exec-3] c.liochio.common.advice.LoggingAspect    : [EXECUTION] com.liochio.auth.service.DeviceService.getOrCreateDevice() hoàn tất trong 4 ms
2026-09-08 20:51:42.879 DEBUG [auth-service] [traceId=996193a3dda44179] [tenantId=default] [nio-8081-exec-3] c.liochio.common.advice.LoggingAspect    : [EXECUTION] com.liochio.auth.service.SessionService.kickOutOtherMobileSessions() hoàn tất trong 3 ms
2026-09-08 20:51:42.881  INFO [auth-service] [traceId=996193a3dda44179] [tenantId=default] [nio-8081-exec-3] c.liochio.auth.service.SessionService    : [SessionService] Tạo phiên mới: SessionID=sess_b668f234271c4bb293067d4cc360eb57, UserID=1, DeviceID=fp_196e530f9c611ded
2026-09-08 20:51:42.882 DEBUG [auth-service] [traceId=996193a3dda44179] [tenantId=default] [nio-8081-exec-3] c.liochio.common.advice.LoggingAspect    : [EXECUTION] com.liochio.auth.service.SessionService.createSession() hoàn tất trong 3 ms
2026-09-08 20:51:42.899 DEBUG [auth-service] [traceId=996193a3dda44179] [tenantId=default] [nio-8081-exec-3] c.liochio.common.advice.LoggingAspect    : [EXECUTION] com.liochio.auth.service.AuthService.login() hoàn tất trong 361 ms
2026-09-08 20:51:42.904 DEBUG [auth-service] [traceId=996193a3dda44179] [tenantId=default] [nio-8081-exec-3] c.liochio.common.advice.LoggingAspect    : [EXECUTION] com.liochio.common.i18n.MessageService.getMessage() hoàn tất trong 0 ms
2026-09-08 20:51:42.904 DEBUG [auth-service] [traceId=996193a3dda44179] [tenantId=default] [nio-8081-exec-3] c.liochio.common.advice.LoggingAspect    : [EXECUTION] com.liochio.auth.controller.AuthController.login() hoàn tất trong 367 ms
2026-09-08 20:51:42.919 DEBUG [payment-service] [traceId=trace_saga_auto_verify_123] [tenantId=default] [nio-8085-exec-2] com.liochio.common.filter.TenantFilter   : [TenantFilter] Đã nạp Tenant ID: 'default' cho URI: /api/payments/compensate
2026-09-08 20:51:42.924 DEBUG [payment-service] [traceId=trace_saga_auto_verify_123] [tenantId=default] [nio-8085-exec-2] c.l.c.security.TokenBlacklistService     : [TokenBlacklist] Kiểm tra Redis lỗi, tiếp tục: Unable to connect to Redis
2026-09-08 20:51:42.934 DEBUG [payment-service] [traceId=trace_saga_auto_verify_123] [tenantId=default] [nio-8085-exec-2] c.liochio.common.advice.LoggingAspect    : [EXECUTION] com.liochio.common.security.TokenBlacklistService.isBlacklisted() hoàn tất trong 13 ms
2026-09-08 20:51:42.963  WARN [payment-service] [traceId=trace_saga_auto_verify_123] [tenantId=default] [nio-8085-exec-2] c.l.p.service.SagaCompensationService    : 
================================================================================
🚨 [SAGA COMPENSATION ENGINE] KÍCH HOẠT GIAO DỊCH BÙ TRỪ PHÂN TÁN
   -> Mã Đơn Hàng       : ORD_SAGA_VERIFY_999
   -> Trace ID          : trace_saga_auto_verify_123
   -> Nguyên Nhân Lỗi   : Inventory deduction step failed in catalog downstream
   -> Hành Động Bù Trừ  : Hoàn tiền Ví & Ghi Có bút toán đảo ngược Sổ cái
================================================================================
2026-09-08 20:51:43.056 ERROR [payment-service] [traceId=trace_saga_auto_verify_123] [tenantId=default] [nio-8085-exec-2] c.l.p.service.SagaCompensationService    : [SagaCompensation] Không tìm thấy đơn hàng 'ORD_SAGA_VERIFY_999' để bù trừ
2026-09-08 20:51:43.057 DEBUG [payment-service] [traceId=trace_saga_auto_verify_123] [tenantId=default] [nio-8085-exec-2] c.liochio.common.advice.LoggingAspect    : [EXECUTION] com.liochio.payment.service.SagaCompensationService.executeCompensation() hoàn tất trong 94 ms
2026-09-08 20:51:43.059 DEBUG [payment-service] [traceId=trace_saga_auto_verify_123] [tenantId=default] [nio-8085-exec-2] c.liochio.common.advice.LoggingAspect    : [EXECUTION] com.liochio.payment.controller.PaymentController.compensate() hoàn tất trong 97 ms
2026-09-08 20:51:43.068 DEBUG [worker-service] [traceId=184d0f35ab0b49ad] [tenantId=default] [nio-8095-exec-3] com.liochio.common.filter.TenantFilter   : [TenantFilter] Đã nạp Tenant ID: 'default' cho URI: /api/v1/worker/alerts/send-test
2026-09-08 20:51:43.070  INFO [worker-service] [traceId=184d0f35ab0b49ad] [tenantId=default] [nio-8095-exec-3] c.l.worker.service.TelegramAlertService  : 
================================================================================
🚨 [SYSTEM ALERT DISPATCHER] ĐÃ PHÁT CẢNH BÁO AN NINH & SỰ CỐ
   -> Tiêu đề     : CẢNH BÁO KIỂM THỬ HỆ THỐNG
   -> Phân hệ     : WORKER_ALERT_ENGINE
   -> Trace ID    : trace_alert_test
   -> Telegram ID : (Console Logger Mode)
================================================================================
2026-09-08 20:51:43.071  INFO [worker-service] [traceId=184d0f35ab0b49ad] [tenantId=default] [nio-8095-exec-3] c.l.worker.service.TelegramAlertService  : [TelegramAlertService] Chưa cấu hình Telegram Bot Token/Chat ID (Đã lưu vết vào file log và DB)
2026-09-08 20:51:43.071 DEBUG [worker-service] [traceId=184d0f35ab0b49ad] [tenantId=default] [nio-8095-exec-3] c.liochio.common.advice.LoggingAspect    : [EXECUTION] com.liochio.worker.service.TelegramAlertService.sendCriticalAlert() hoàn tất trong 2 ms
2026-09-08 20:51:43.072 DEBUG [worker-service] [traceId=184d0f35ab0b49ad] [tenantId=default] [nio-8095-exec-3] c.liochio.common.advice.LoggingAspect    : [EXECUTION] com.liochio.worker.controller.WorkerController.sendTestAlert() hoàn tất trong 3 ms
2026-09-08 20:51:43.080 DEBUG [worker-service] [traceId=b2d8d426cb5a4361] [tenantId=default] [nio-8095-exec-4] com.liochio.common.filter.TenantFilter   : [TenantFilter] Đã nạp Tenant ID: 'default' cho URI: /api/v1/worker/partitions/status
2026-09-08 20:51:43.085 DEBUG [worker-service] [traceId=b2d8d426cb5a4361] [tenantId=default] [nio-8095-exec-4] c.liochio.common.advice.LoggingAspect    : [EXECUTION] com.liochio.worker.controller.WorkerController.getPartitionStatus() hoàn tất trong 3 ms
2026-09-08 20:51:44.965 DEBUG [worker-service] [traceId=NO_TRACE] [tenantId=default] [   scheduling-1] c.liochio.common.advice.LoggingAspect    : [EXECUTION] com.liochio.worker.service.MailProcessingService.processPendingBatch() hoàn tất trong 3 ms
2026-09-08 20:51:45.024 DEBUG [worker-service] [traceId=NO_TRACE] [tenantId=default] [   scheduling-1] c.liochio.common.advice.LoggingAspect    : [EXECUTION] com.liochio.worker.service.OutboxProcessingService.processPendingOutboxEvents() hoàn tất trong 0 ms
2026-09-08 20:51:49.986 DEBUG [worker-service] [traceId=NO_TRACE] [tenantId=default] [   scheduling-1] c.liochio.common.advice.LoggingAspect    : [EXECUTION] com.liochio.worker.service.MailProcessingService.processPendingBatch() hoàn tất trong 2 ms
2026-09-08 20:51:50.046 DEBUG [worker-service] [traceId=NO_TRACE] [tenantId=default] [   scheduling-1] c.liochio.common.advice.LoggingAspect    : [EXECUTION] com.liochio.worker.service.OutboxProcessingService.processPendingOutboxEvents() hoàn tất trong 1 ms
2026-09-08 20:51:55.009 DEBUG [worker-service] [traceId=NO_TRACE] [tenantId=default] [   scheduling-1] c.liochio.common.advice.LoggingAspect    : [EXECUTION] com.liochio.worker.service.MailProcessingService.processPendingBatch() hoàn tất trong 1 ms
2026-09-08 20:51:55.055 DEBUG [worker-service] [traceId=NO_TRACE] [tenantId=default] [   scheduling-1] c.liochio.common.advice.LoggingAspect    : [EXECUTION] com.liochio.worker.service.OutboxProcessingService.processPendingOutboxEvents() hoàn tất trong 2 ms
2026-09-08 20:51:59.331  WARN [payment-service] [traceId=NO_TRACE] [tenantId=default] [reshExecutor-%d] c.n.d.s.t.d.RetryableEurekaHttpClient    : Request execution failed with message: I/O error on GET request for "http://localhost:8761/eureka/apps/": Connect to http://localhost:8761 [localhost/127.0.0.1, localhost/0:0:0:0:0:0:0:1] failed: Connection refused: no further information
2026-09-08 20:51:59.353  WARN [payment-service] [traceId=NO_TRACE] [tenantId=default] [beatExecutor-%d] c.n.d.s.t.d.RetryableEurekaHttpClient    : Request execution failed with message: I/O error on PUT request for "http://localhost:8761/eureka/apps/PAYMENT-SERVICE/localhost:payment-service:8085": Connect to http://localhost:8761 [localhost/127.0.0.1, localhost/0:0:0:0:0:0:0:1] failed: Connection refused: no further information
2026-09-08 20:51:59.353 ERROR [payment-service] [traceId=NO_TRACE] [tenantId=default] [beatExecutor-%d] com.netflix.discovery.DiscoveryClient    : DiscoveryClient_PAYMENT-SERVICE/localhost:payment-service:8085 - was unable to send heartbeat!

com.netflix.discovery.shared.transport.TransportException: Cannot execute request on any known server
	at com.netflix.discovery.shared.transport.decorator.RetryableEurekaHttpClient.execute(RetryableEurekaHttpClient.java:112)
	at com.netflix.discovery.shared.transport.decorator.EurekaHttpClientDecorator.sendHeartBeat(EurekaHttpClientDecorator.java:89)
	at com.netflix.discovery.shared.transport.decorator.EurekaHttpClientDecorator$3.execute(EurekaHttpClientDecorator.java:92)
	at com.netflix.discovery.shared.transport.decorator.SessionedEurekaHttpClient.execute(SessionedEurekaHttpClient.java:76)
	at com.netflix.discovery.shared.transport.decorator.EurekaHttpClientDecorator.sendHeartBeat(EurekaHttpClientDecorator.java:89)
	at com.netflix.discovery.DiscoveryClient.renew(DiscoveryClient.java:845)
	at com.netflix.discovery.DiscoveryClient$HeartbeatThread.run(DiscoveryClient.java:1402)
	at java.base/java.util.concurrent.Executors$RunnableAdapter.call(Executors.java:539)
	at java.base/java.util.concurrent.FutureTask.run(FutureTask.java:264)
	at java.base/java.util.concurrent.ThreadPoolExecutor.runWorker(ThreadPoolExecutor.java:1136)
	at java.base/java.util.concurrent.ThreadPoolExecutor$Worker.run(ThreadPoolExecutor.java:635)
	at java.base/java.lang.Thread.run(Thread.java:842)

2026-09-08 20:51:59.404  WARN [payment-service] [traceId=NO_TRACE] [tenantId=default] [foReplicator-%d] c.n.d.s.t.d.RetryableEurekaHttpClient    : Request execution failed with message: I/O error on POST request for "http://localhost:8761/eureka/apps/PAYMENT-SERVICE": Connect to http://localhost:8761 [localhost/127.0.0.1, localhost/0:0:0:0:0:0:0:1] failed: Connection refused: no further information
2026-09-08 20:51:59.404  WARN [payment-service] [traceId=NO_TRACE] [tenantId=default] [foReplicator-%d] com.netflix.discovery.DiscoveryClient    : DiscoveryClient_PAYMENT-SERVICE/localhost:payment-service:8085 - registration failed Cannot execute request on any known server

com.netflix.discovery.shared.transport.TransportException: Cannot execute request on any known server
	at com.netflix.discovery.shared.transport.decorator.RetryableEurekaHttpClient.execute(RetryableEurekaHttpClient.java:112)
	at com.netflix.discovery.shared.transport.decorator.EurekaHttpClientDecorator.register(EurekaHttpClientDecorator.java:56)
	at com.netflix.discovery.shared.transport.decorator.EurekaHttpClientDecorator$1.execute(EurekaHttpClientDecorator.java:59)
	at com.netflix.discovery.shared.transport.decorator.SessionedEurekaHttpClient.execute(SessionedEurekaHttpClient.java:76)
	at com.netflix.discovery.shared.transport.decorator.EurekaHttpClientDecorator.register(EurekaHttpClientDecorator.java:56)
	at com.netflix.discovery.DiscoveryClient.register(DiscoveryClient.java:828)
	at com.netflix.discovery.InstanceInfoReplicator.run(InstanceInfoReplicator.java:125)
	at java.base/java.util.concurrent.Executors$RunnableAdapter.call(Executors.java:539)
	at java.base/java.util.concurrent.FutureTask.run(FutureTask.java:264)
	at java.base/java.util.concurrent.ScheduledThreadPoolExecutor$ScheduledFutureTask.run(ScheduledThreadPoolExecutor.java:304)
	at java.base/java.util.concurrent.ThreadPoolExecutor.runWorker(ThreadPoolExecutor.java:1136)
	at java.base/java.util.concurrent.ThreadPoolExecutor$Worker.run(ThreadPoolExecutor.java:635)
	at java.base/java.lang.Thread.run(Thread.java:842)

2026-09-08 20:51:59.404  WARN [payment-service] [traceId=NO_TRACE] [tenantId=default] [foReplicator-%d] c.n.discovery.InstanceInfoReplicator     : There was a problem with the instance info replicator

com.netflix.discovery.shared.transport.TransportException: Cannot execute request on any known server
	at com.netflix.discovery.shared.transport.decorator.RetryableEurekaHttpClient.execute(RetryableEurekaHttpClient.java:112)
	at com.netflix.discovery.shared.transport.decorator.EurekaHttpClientDecorator.register(EurekaHttpClientDecorator.java:56)
	at com.netflix.discovery.shared.transport.decorator.EurekaHttpClientDecorator$1.execute(EurekaHttpClientDecorator.java:59)
	at com.netflix.discovery.shared.transport.decorator.SessionedEurekaHttpClient.execute(SessionedEurekaHttpClient.java:76)
	at com.netflix.discovery.shared.transport.decorator.EurekaHttpClientDecorator.register(EurekaHttpClientDecorator.java:56)
	at com.netflix.discovery.DiscoveryClient.register(DiscoveryClient.java:828)
	at com.netflix.discovery.InstanceInfoReplicator.run(InstanceInfoReplicator.java:125)
	at java.base/java.util.concurrent.Executors$RunnableAdapter.call(Executors.java:539)
	at java.base/java.util.concurrent.FutureTask.run(FutureTask.java:264)
	at java.base/java.util.concurrent.ScheduledThreadPoolExecutor$ScheduledFutureTask.run(ScheduledThreadPoolExecutor.java:304)
	at java.base/java.util.concurrent.ThreadPoolExecutor.runWorker(ThreadPoolExecutor.java:1136)
	at java.base/java.util.concurrent.ThreadPoolExecutor$Worker.run(ThreadPoolExecutor.java:635)
	at java.base/java.lang.Thread.run(Thread.java:842)

2026-09-08 20:52:00.034 DEBUG [worker-service] [traceId=NO_TRACE] [tenantId=default] [   scheduling-1] c.liochio.common.advice.LoggingAspect    : [EXECUTION] com.liochio.worker.service.MailProcessingService.processPendingBatch() hoàn tất trong 5 ms
2026-09-08 20:52:00.075 DEBUG [worker-service] [traceId=NO_TRACE] [tenantId=default] [   scheduling-1] c.liochio.common.advice.LoggingAspect    : [EXECUTION] com.liochio.worker.service.OutboxProcessingService.processPendingOutboxEvents() hoàn tất trong 2 ms
2026-09-08 20:52:05.057 DEBUG [worker-service] [traceId=NO_TRACE] [tenantId=default] [   scheduling-1] c.liochio.common.advice.LoggingAspect    : [EXECUTION] com.liochio.worker.service.MailProcessingService.processPendingBatch() hoàn tất trong 1 ms
2026-09-08 20:52:05.087 DEBUG [worker-service] [traceId=NO_TRACE] [tenantId=default] [   scheduling-1] c.liochio.common.advice.LoggingAspect    : [EXECUTION] com.liochio.worker.service.OutboxProcessingService.processPendingOutboxEvents() hoàn tất trong 1 ms
2026-09-08 20:52:10.076 DEBUG [worker-service] [traceId=NO_TRACE] [tenantId=default] [   scheduling-1] c.liochio.common.advice.LoggingAspect    : [EXECUTION] com.liochio.worker.service.MailProcessingService.processPendingBatch() hoàn tất trong 2 ms
2026-09-08 20:52:10.106 DEBUG [worker-service] [traceId=NO_TRACE] [tenantId=default] [   scheduling-1] c.liochio.common.advice.LoggingAspect    : [EXECUTION] com.liochio.worker.service.OutboxProcessingService.processPendingOutboxEvents() hoàn tất trong 0 ms
2026-09-08 21:03:11.750  INFO [auth-service] [traceId=NO_TRACE] [tenantId=default] [           main] c.liochio.auth.AuthServiceApplication    : Starting AuthServiceApplication v1.0.0-SNAPSHOT using Java 17.0.17 with PID 16780 (D:\Github\Back-end\Microservice\SpringBoot\auth-service\target\auth-service-1.0.0-SNAPSHOT.jar started by Liochio in D:\Github\Back-end\Microservice)
2026-09-08 21:03:11.756 DEBUG [auth-service] [traceId=NO_TRACE] [tenantId=default] [           main] c.liochio.auth.AuthServiceApplication    : Running with Spring Boot v3.4.3, Spring v6.2.3
2026-09-08 21:03:11.758  INFO [auth-service] [traceId=NO_TRACE] [tenantId=default] [           main] c.liochio.auth.AuthServiceApplication    : No active profile set, falling back to 1 default profile: "default"
2026-09-08 21:03:11.869  INFO [auth-service] [traceId=NO_TRACE] [tenantId=default] [           main] o.s.c.c.c.ConfigServerConfigDataLoader   : Fetching config from server at : http://localhost:8888/
2026-09-08 21:03:11.869  INFO [auth-service] [traceId=NO_TRACE] [tenantId=default] [           main] o.s.c.c.c.ConfigServerConfigDataLoader   : Exception on Url - http://localhost:8888/:org.springframework.web.client.ResourceAccessException: I/O error on GET request for "http://localhost:8888/auth-service/default": Connection refused: no further information. Will be trying the next url if available
2026-09-08 21:03:11.869  WARN [auth-service] [traceId=NO_TRACE] [tenantId=default] [           main] o.s.c.c.c.ConfigServerConfigDataLoader   : Could not locate PropertySource ([ConfigServerConfigDataResource@6df20ade uris = array<String>['http://localhost:8888/'], optional = true, profiles = 'default']): I/O error on GET request for "http://localhost:8888/auth-service/default": Connection refused: no further information
2026-09-08 21:03:11.871  INFO [auth-service] [traceId=NO_TRACE] [tenantId=default] [           main] o.s.c.c.c.ConfigServerConfigDataLoader   : Fetching config from server at : http://localhost:8888/
2026-09-08 21:03:11.871  INFO [auth-service] [traceId=NO_TRACE] [tenantId=default] [           main] o.s.c.c.c.ConfigServerConfigDataLoader   : Exception on Url - http://localhost:8888/:org.springframework.web.client.ResourceAccessException: I/O error on GET request for "http://localhost:8888/auth-service/default": Connection refused: no further information. Will be trying the next url if available
2026-09-08 21:03:11.871  WARN [auth-service] [traceId=NO_TRACE] [tenantId=default] [           main] o.s.c.c.c.ConfigServerConfigDataLoader   : Could not locate PropertySource ([ConfigServerConfigDataResource@676f0a60 uris = array<String>['http://localhost:8888/'], optional = true, profiles = 'default']): I/O error on GET request for "http://localhost:8888/auth-service/default": Connection refused: no further information
2026-09-08 21:03:11.872  INFO [auth-service] [traceId=NO_TRACE] [tenantId=default] [           main] o.s.c.c.c.ConfigServerConfigDataLoader   : Fetching config from server at : http://localhost:8888/
2026-09-08 21:03:11.872  INFO [auth-service] [traceId=NO_TRACE] [tenantId=default] [           main] o.s.c.c.c.ConfigServerConfigDataLoader   : Exception on Url - http://localhost:8888/:org.springframework.web.client.ResourceAccessException: I/O error on GET request for "http://localhost:8888/auth-service/default": Connection refused: no further information. Will be trying the next url if available
2026-09-08 21:03:11.872  WARN [auth-service] [traceId=NO_TRACE] [tenantId=default] [           main] o.s.c.c.c.ConfigServerConfigDataLoader   : Could not locate PropertySource ([ConfigServerConfigDataResource@5d10455d uris = array<String>['http://localhost:8888/'], optional = true, profiles = 'default']): I/O error on GET request for "http://localhost:8888/auth-service/default": Connection refused: no further information
2026-09-08 21:03:13.148  INFO [auth-service] [traceId=NO_TRACE] [tenantId=default] [           main] .s.d.r.c.RepositoryConfigurationDelegate : Multiple Spring Data modules found, entering strict repository configuration mode
2026-09-08 21:03:13.148  INFO [auth-service] [traceId=NO_TRACE] [tenantId=default] [           main] .s.d.r.c.RepositoryConfigurationDelegate : Bootstrapping Spring Data JPA repositories in DEFAULT mode.
2026-09-08 21:03:13.390  INFO [auth-service] [traceId=NO_TRACE] [tenantId=default] [           main] .s.d.r.c.RepositoryConfigurationDelegate : Finished Spring Data repository scanning in 223 ms. Found 19 JPA repository interfaces.
2026-09-08 21:03:13.912  INFO [auth-service] [traceId=NO_TRACE] [tenantId=default] [           main] .s.d.r.c.RepositoryConfigurationDelegate : Multiple Spring Data modules found, entering strict repository configuration mode
2026-09-08 21:03:13.914  INFO [auth-service] [traceId=NO_TRACE] [tenantId=default] [           main] .s.d.r.c.RepositoryConfigurationDelegate : Bootstrapping Spring Data Redis repositories in DEFAULT mode.
2026-09-08 21:03:13.955  INFO [auth-service] [traceId=NO_TRACE] [tenantId=default] [           main] .RepositoryConfigurationExtensionSupport : Spring Data Redis - Could not safely identify store assignment for repository candidate interface com.liochio.auth.repository.JournalEntryDetailRepository; If you want this repository to be a Redis repository, consider annotating your entities with one of these annotations: org.springframework.data.redis.core.RedisHash (preferred), or consider extending one of the following types with your repository: org.springframework.data.keyvalue.repository.KeyValueRepository
2026-09-08 21:03:13.955  INFO [auth-service] [traceId=NO_TRACE] [tenantId=default] [           main] .RepositoryConfigurationExtensionSupport : Spring Data Redis - Could not safely identify store assignment for repository candidate interface com.liochio.auth.repository.JournalEntryRepository; If you want this repository to be a Redis repository, consider annotating your entities with one of these annotations: org.springframework.data.redis.core.RedisHash (preferred), or consider extending one of the following types with your repository: org.springframework.data.keyvalue.repository.KeyValueRepository
2026-09-08 21:03:13.955  INFO [auth-service] [traceId=NO_TRACE] [tenantId=default] [           main] .RepositoryConfigurationExtensionSupport : Spring Data Redis - Could not safely identify store assignment for repository candidate interface com.liochio.auth.repository.LedgerAccountRepository; If you want this repository to be a Redis repository, consider annotating your entities with one of these annotations: org.springframework.data.redis.core.RedisHash (preferred), or consider extending one of the following types with your repository: org.springframework.data.keyvalue.repository.KeyValueRepository
2026-09-08 21:03:13.964  INFO [auth-service] [traceId=NO_TRACE] [tenantId=default] [           main] .RepositoryConfigurationExtensionSupport : Spring Data Redis - Could not safely identify store assignment for repository candidate interface com.liochio.auth.repository.PermissionRepository; If you want this repository to be a Redis repository, consider annotating your entities with one of these annotations: org.springframework.data.redis.core.RedisHash (preferred), or consider extending one of the following types with your repository: org.springframework.data.keyvalue.repository.KeyValueRepository
2026-09-08 21:03:13.966  INFO [auth-service] [traceId=NO_TRACE] [tenantId=default] [           main] .RepositoryConfigurationExtensionSupport : Spring Data Redis - Could not safely identify store assignment for repository candidate interface com.liochio.auth.repository.QrLoginSessionRepository; If you want this repository to be a Redis repository, consider annotating your entities with one of these annotations: org.springframework.data.redis.core.RedisHash (preferred), or consider extending one of the following types with your repository: org.springframework.data.keyvalue.repository.KeyValueRepository
2026-09-08 21:03:13.967  INFO [auth-service] [traceId=NO_TRACE] [tenantId=default] [           main] .RepositoryConfigurationExtensionSupport : Spring Data Redis - Could not safely identify store assignment for repository candidate interface com.liochio.auth.repository.RoleRepository; If you want this repository to be a Redis repository, consider annotating your entities with one of these annotations: org.springframework.data.redis.core.RedisHash (preferred), or consider extending one of the following types with your repository: org.springframework.data.keyvalue.repository.KeyValueRepository
2026-09-08 21:03:13.968  INFO [auth-service] [traceId=NO_TRACE] [tenantId=default] [           main] .RepositoryConfigurationExtensionSupport : Spring Data Redis - Could not safely identify store assignment for repository candidate interface com.liochio.auth.repository.SecurityLoginHistoryRepository; If you want this repository to be a Redis repository, consider annotating your entities with one of these annotations: org.springframework.data.redis.core.RedisHash (preferred), or consider extending one of the following types with your repository: org.springframework.data.keyvalue.repository.KeyValueRepository
2026-09-08 21:03:13.968  INFO [auth-service] [traceId=NO_TRACE] [tenantId=default] [           main] .RepositoryConfigurationExtensionSupport : Spring Data Redis - Could not safely identify store assignment for repository candidate interface com.liochio.auth.repository.SystemFeatureRepository; If you want this repository to be a Redis repository, consider annotating your entities with one of these annotations: org.springframework.data.redis.core.RedisHash (preferred), or consider extending one of the following types with your repository: org.springframework.data.keyvalue.repository.KeyValueRepository
2026-09-08 21:03:13.970  INFO [auth-service] [traceId=NO_TRACE] [tenantId=default] [           main] .RepositoryConfigurationExtensionSupport : Spring Data Redis - Could not safely identify store assignment for repository candidate interface com.liochio.auth.repository.TenantFeatureRepository; If you want this repository to be a Redis repository, consider annotating your entities with one of these annotations: org.springframework.data.redis.core.RedisHash (preferred), or consider extending one of the following types with your repository: org.springframework.data.keyvalue.repository.KeyValueRepository
2026-09-08 21:03:13.971  INFO [auth-service] [traceId=NO_TRACE] [tenantId=default] [           main] .RepositoryConfigurationExtensionSupport : Spring Data Redis - Could not safely identify store assignment for repository candidate interface com.liochio.auth.repository.TenantRepository; If you want this repository to be a Redis repository, consider annotating your entities with one of these annotations: org.springframework.data.redis.core.RedisHash (preferred), or consider extending one of the following types with your repository: org.springframework.data.keyvalue.repository.KeyValueRepository
2026-09-08 21:03:13.972  INFO [auth-service] [traceId=NO_TRACE] [tenantId=default] [           main] .RepositoryConfigurationExtensionSupport : Spring Data Redis - Could not safely identify store assignment for repository candidate interface com.liochio.auth.repository.UserDeviceRepository; If you want this repository to be a Redis repository, consider annotating your entities with one of these annotations: org.springframework.data.redis.core.RedisHash (preferred), or consider extending one of the following types with your repository: org.springframework.data.keyvalue.repository.KeyValueRepository
2026-09-08 21:03:13.972  INFO [auth-service] [traceId=NO_TRACE] [tenantId=default] [           main] .RepositoryConfigurationExtensionSupport : Spring Data Redis - Could not safely identify store assignment for repository candidate interface com.liochio.auth.repository.UserRepository; If you want this repository to be a Redis repository, consider annotating your entities with one of these annotations: org.springframework.data.redis.core.RedisHash (preferred), or consider extending one of the following types with your repository: org.springframework.data.keyvalue.repository.KeyValueRepository
2026-09-08 21:03:13.973  INFO [auth-service] [traceId=NO_TRACE] [tenantId=default] [           main] .RepositoryConfigurationExtensionSupport : Spring Data Redis - Could not safely identify store assignment for repository candidate interface com.liochio.auth.repository.UserSessionRepository; If you want this repository to be a Redis repository, consider annotating your entities with one of these annotations: org.springframework.data.redis.core.RedisHash (preferred), or consider extending one of the following types with your repository: org.springframework.data.keyvalue.repository.KeyValueRepository
2026-09-08 21:03:13.974  INFO [auth-service] [traceId=NO_TRACE] [tenantId=default] [           main] .s.d.r.c.RepositoryConfigurationDelegate : Finished Spring Data repository scanning in 44 ms. Found 0 Redis repository interfaces.
2026-09-08 21:03:14.809  INFO [auth-service] [traceId=NO_TRACE] [tenantId=default] [           main] o.s.cloud.context.scope.GenericScope     : BeanFactory id=d9fefd8d-1716-3862-b407-35cf68633e75
2026-09-08 21:03:16.149  INFO [auth-service] [traceId=NO_TRACE] [tenantId=default] [           main] o.s.b.w.embedded.tomcat.TomcatWebServer  : Tomcat initialized with port 8081 (http)
2026-09-08 21:03:16.171  INFO [auth-service] [traceId=NO_TRACE] [tenantId=default] [           main] o.apache.catalina.core.StandardService   : Starting service [Tomcat]
2026-09-08 21:03:16.171  INFO [auth-service] [traceId=NO_TRACE] [tenantId=default] [           main] o.apache.catalina.core.StandardEngine    : Starting Servlet engine: [Apache Tomcat/10.1.36]
2026-09-08 21:03:16.371  INFO [auth-service] [traceId=NO_TRACE] [tenantId=default] [           main] o.a.c.c.C.[Tomcat].[localhost].[/]       : Initializing Spring embedded WebApplicationContext
2026-09-08 21:03:16.371  INFO [auth-service] [traceId=NO_TRACE] [tenantId=default] [           main] w.s.c.ServletWebServerApplicationContext : Root WebApplicationContext: initialization completed in 4494 ms
2026-09-08 21:03:17.077  INFO [auth-service] [traceId=NO_TRACE] [tenantId=default] [           main] o.hibernate.jpa.internal.util.LogHelper  : HHH000204: Processing PersistenceUnitInfo [name: default]
2026-09-08 21:03:17.174  INFO [auth-service] [traceId=NO_TRACE] [tenantId=default] [           main] org.hibernate.Version                    : HHH000412: Hibernate ORM core version 6.6.8.Final
2026-09-08 21:03:17.237  INFO [auth-service] [traceId=NO_TRACE] [tenantId=default] [           main] o.h.c.internal.RegionFactoryInitiator    : HHH000026: Second-level cache disabled
2026-09-08 21:03:17.922  INFO [auth-service] [traceId=NO_TRACE] [tenantId=default] [           main] o.s.o.j.p.SpringPersistenceUnitInfo      : No LoadTimeWeaver setup: ignoring JPA class transformer
2026-09-08 21:03:17.986  INFO [auth-service] [traceId=NO_TRACE] [tenantId=default] [           main] com.zaxxer.hikari.HikariDataSource       : HikariPool-1 - Starting...
2026-09-08 21:03:18.193  INFO [auth-service] [traceId=NO_TRACE] [tenantId=default] [           main] com.zaxxer.hikari.pool.HikariPool        : HikariPool-1 - Added connection com.mysql.cj.jdbc.ConnectionImpl@5b7d5eca
2026-09-08 21:03:18.199  INFO [auth-service] [traceId=NO_TRACE] [tenantId=default] [           main] com.zaxxer.hikari.HikariDataSource       : HikariPool-1 - Start completed.
2026-09-08 21:03:18.285  WARN [auth-service] [traceId=NO_TRACE] [tenantId=default] [           main] org.hibernate.orm.deprecation            : HHH90000025: MySQLDialect does not need to be specified explicitly using 'hibernate.dialect' (remove the property setting and it will be selected by default)
2026-09-08 21:03:18.328  INFO [auth-service] [traceId=NO_TRACE] [tenantId=default] [           main] org.hibernate.orm.connections.pooling    : HHH10001005: Database info:
	Database JDBC URL [Connecting through datasource 'HikariDataSource (HikariPool-1)']
	Database driver: undefined/unknown
	Database version: 8.0.33
	Autocommit mode: undefined/unknown
	Isolation level: undefined/unknown
	Minimum pool size: undefined/unknown
	Maximum pool size: undefined/unknown
2026-09-08 21:03:20.481  INFO [auth-service] [traceId=NO_TRACE] [tenantId=default] [           main] o.h.e.t.j.p.i.JtaPlatformInitiator       : HHH000489: No JTA platform available (set 'hibernate.transaction.jta.platform' to enable JTA platform integration)
2026-09-08 21:03:20.683  INFO [payment-service] [traceId=NO_TRACE] [tenantId=default] [           main] c.l.payment.PaymentServiceApplication    : Starting PaymentServiceApplication v1.0.0-SNAPSHOT using Java 17.0.17 with PID 8804 (D:\Github\Back-end\Microservice\SpringBoot\payment-service\target\payment-service-1.0.0-SNAPSHOT.jar started by Liochio in D:\Github\Back-end\Microservice)
2026-09-08 21:03:20.691 DEBUG [payment-service] [traceId=NO_TRACE] [tenantId=default] [           main] c.l.payment.PaymentServiceApplication    : Running with Spring Boot v3.4.3, Spring v6.2.3
2026-09-08 21:03:20.692  INFO [payment-service] [traceId=NO_TRACE] [tenantId=default] [           main] c.l.payment.PaymentServiceApplication    : No active profile set, falling back to 1 default profile: "default"
2026-09-08 21:03:20.714  INFO [auth-service] [traceId=NO_TRACE] [tenantId=default] [           main] j.LocalContainerEntityManagerFactoryBean : Initialized JPA EntityManagerFactory for persistence unit 'default'
2026-09-08 21:03:20.826  INFO [payment-service] [traceId=NO_TRACE] [tenantId=default] [           main] o.s.c.c.c.ConfigServerConfigDataLoader   : Fetching config from server at : http://localhost:8888/
2026-09-08 21:03:20.827  INFO [payment-service] [traceId=NO_TRACE] [tenantId=default] [           main] o.s.c.c.c.ConfigServerConfigDataLoader   : Exception on Url - http://localhost:8888/:org.springframework.web.client.ResourceAccessException: I/O error on GET request for "http://localhost:8888/payment-service/default": Connection refused: no further information. Will be trying the next url if available
2026-09-08 21:03:20.828  WARN [payment-service] [traceId=NO_TRACE] [tenantId=default] [           main] o.s.c.c.c.ConfigServerConfigDataLoader   : Could not locate PropertySource ([ConfigServerConfigDataResource@1b1637e1 uris = array<String>['http://localhost:8888/'], optional = true, profiles = 'default']): I/O error on GET request for "http://localhost:8888/payment-service/default": Connection refused: no further information
2026-09-08 21:03:20.828  INFO [payment-service] [traceId=NO_TRACE] [tenantId=default] [           main] o.s.c.c.c.ConfigServerConfigDataLoader   : Fetching config from server at : http://localhost:8888/
2026-09-08 21:03:20.829  INFO [payment-service] [traceId=NO_TRACE] [tenantId=default] [           main] o.s.c.c.c.ConfigServerConfigDataLoader   : Exception on Url - http://localhost:8888/:org.springframework.web.client.ResourceAccessException: I/O error on GET request for "http://localhost:8888/payment-service/default": Connection refused: no further information. Will be trying the next url if available
2026-09-08 21:03:20.830  WARN [payment-service] [traceId=NO_TRACE] [tenantId=default] [           main] o.s.c.c.c.ConfigServerConfigDataLoader   : Could not locate PropertySource ([ConfigServerConfigDataResource@73386d72 uris = array<String>['http://localhost:8888/'], optional = true, profiles = 'default']): I/O error on GET request for "http://localhost:8888/payment-service/default": Connection refused: no further information
2026-09-08 21:03:20.830  INFO [payment-service] [traceId=NO_TRACE] [tenantId=default] [           main] o.s.c.c.c.ConfigServerConfigDataLoader   : Fetching config from server at : http://localhost:8888/
2026-09-08 21:03:20.831  INFO [payment-service] [traceId=NO_TRACE] [tenantId=default] [           main] o.s.c.c.c.ConfigServerConfigDataLoader   : Exception on Url - http://localhost:8888/:org.springframework.web.client.ResourceAccessException: I/O error on GET request for "http://localhost:8888/payment-service/default": Connection refused: no further information. Will be trying the next url if available
2026-09-08 21:03:20.831  WARN [payment-service] [traceId=NO_TRACE] [tenantId=default] [           main] o.s.c.c.c.ConfigServerConfigDataLoader   : Could not locate PropertySource ([ConfigServerConfigDataResource@6f330eb9 uris = array<String>['http://localhost:8888/'], optional = true, profiles = 'default']): I/O error on GET request for "http://localhost:8888/payment-service/default": Connection refused: no further information
2026-09-08 21:03:21.430  INFO [auth-service] [traceId=NO_TRACE] [tenantId=default] [           main] com.liochio.common.security.JwtUtils     : [JwtUtils] Loaded RSA Private Key successfully from classpath:certs/rsa-private.pem
2026-09-08 21:03:21.431  INFO [auth-service] [traceId=NO_TRACE] [tenantId=default] [           main] com.liochio.common.security.JwtUtils     : [JwtUtils] Loaded RSA Public Key successfully from classpath:certs/rsa-public.pem
2026-09-08 21:03:22.390 DEBUG [auth-service] [traceId=NO_TRACE] [tenantId=default] [           main] c.l.c.security.JwtAuthenticationFilter   : Filter 'jwtAuthenticationFilter' configured for use
2026-09-08 21:03:22.390 DEBUG [auth-service] [traceId=NO_TRACE] [tenantId=default] [           main] c.liochio.common.filter.MdcTraceFilter   : Filter 'mdcTraceFilter' configured for use
2026-09-08 21:03:22.391 DEBUG [auth-service] [traceId=NO_TRACE] [tenantId=default] [           main] com.liochio.common.filter.TenantFilter   : Filter 'tenantFilter' configured for use
2026-09-08 21:03:22.392 DEBUG [auth-service] [traceId=NO_TRACE] [tenantId=default] [           main] c.l.common.filter.AuditLoggingFilter     : Filter 'auditLoggingFilter' configured for use
2026-09-08 21:03:22.445  INFO [payment-service] [traceId=NO_TRACE] [tenantId=default] [           main] .s.d.r.c.RepositoryConfigurationDelegate : Multiple Spring Data modules found, entering strict repository configuration mode
2026-09-08 21:03:22.445  INFO [payment-service] [traceId=NO_TRACE] [tenantId=default] [           main] .s.d.r.c.RepositoryConfigurationDelegate : Bootstrapping Spring Data JPA repositories in DEFAULT mode.
2026-09-08 21:03:22.554  INFO [auth-service] [traceId=NO_TRACE] [tenantId=default] [           main] o.s.d.j.r.query.QueryEnhancerFactory     : Hibernate is in classpath; If applicable, HQL parser will be used.
2026-09-08 21:03:22.735  INFO [payment-service] [traceId=NO_TRACE] [tenantId=default] [           main] .s.d.r.c.RepositoryConfigurationDelegate : Finished Spring Data repository scanning in 274 ms. Found 10 JPA repository interfaces.
2026-09-08 21:03:23.562  INFO [payment-service] [traceId=NO_TRACE] [tenantId=default] [           main] .s.d.r.c.RepositoryConfigurationDelegate : Multiple Spring Data modules found, entering strict repository configuration mode
2026-09-08 21:03:23.566  INFO [payment-service] [traceId=NO_TRACE] [tenantId=default] [           main] .s.d.r.c.RepositoryConfigurationDelegate : Bootstrapping Spring Data Redis repositories in DEFAULT mode.
2026-09-08 21:03:23.618  INFO [payment-service] [traceId=NO_TRACE] [tenantId=default] [           main] .RepositoryConfigurationExtensionSupport : Spring Data Redis - Could not safely identify store assignment for repository candidate interface com.liochio.payment.repository.BookingRepository; If you want this repository to be a Redis repository, consider annotating your entities with one of these annotations: org.springframework.data.redis.core.RedisHash (preferred), or consider extending one of the following types with your repository: org.springframework.data.keyvalue.repository.KeyValueRepository
2026-09-08 21:03:23.618  INFO [payment-service] [traceId=NO_TRACE] [tenantId=default] [           main] .RepositoryConfigurationExtensionSupport : Spring Data Redis - Could not safely identify store assignment for repository candidate interface com.liochio.payment.repository.PaymentOrderRepository; If you want this repository to be a Redis repository, consider annotating your entities with one of these annotations: org.springframework.data.redis.core.RedisHash (preferred), or consider extending one of the following types with your repository: org.springframework.data.keyvalue.repository.KeyValueRepository
2026-09-08 21:03:23.618  INFO [payment-service] [traceId=NO_TRACE] [tenantId=default] [           main] .RepositoryConfigurationExtensionSupport : Spring Data Redis - Could not safely identify store assignment for repository candidate interface com.liochio.payment.repository.PaymentTransactionRepository; If you want this repository to be a Redis repository, consider annotating your entities with one of these annotations: org.springframework.data.redis.core.RedisHash (preferred), or consider extending one of the following types with your repository: org.springframework.data.keyvalue.repository.KeyValueRepository
2026-09-08 21:03:23.620  INFO [payment-service] [traceId=NO_TRACE] [tenantId=default] [           main] .RepositoryConfigurationExtensionSupport : Spring Data Redis - Could not safely identify store assignment for repository candidate interface com.liochio.payment.repository.TenantPaymentConfigRepository; If you want this repository to be a Redis repository, consider annotating your entities with one of these annotations: org.springframework.data.redis.core.RedisHash (preferred), or consider extending one of the following types with your repository: org.springframework.data.keyvalue.repository.KeyValueRepository
2026-09-08 21:03:23.620  INFO [payment-service] [traceId=NO_TRACE] [tenantId=default] [           main] .s.d.r.c.RepositoryConfigurationDelegate : Finished Spring Data repository scanning in 33 ms. Found 0 Redis repository interfaces.
2026-09-08 21:03:24.808  INFO [payment-service] [traceId=NO_TRACE] [tenantId=default] [           main] o.s.cloud.context.scope.GenericScope     : BeanFactory id=2c7af4ab-596a-3a4e-945e-e4e5ab68e0a8
2026-09-08 21:03:26.531  INFO [payment-service] [traceId=NO_TRACE] [tenantId=default] [           main] o.s.b.w.embedded.tomcat.TomcatWebServer  : Tomcat initialized with port 8085 (http)
2026-09-08 21:03:26.549  INFO [payment-service] [traceId=NO_TRACE] [tenantId=default] [           main] o.apache.catalina.core.StandardService   : Starting service [Tomcat]
2026-09-08 21:03:26.549  INFO [payment-service] [traceId=NO_TRACE] [tenantId=default] [           main] o.apache.catalina.core.StandardEngine    : Starting Servlet engine: [Apache Tomcat/10.1.36]
2026-09-08 21:03:26.597  INFO [payment-service] [traceId=NO_TRACE] [tenantId=default] [           main] o.a.c.c.C.[Tomcat].[localhost].[/]       : Initializing Spring embedded WebApplicationContext
2026-09-08 21:03:26.597  INFO [payment-service] [traceId=NO_TRACE] [tenantId=default] [           main] w.s.c.ServletWebServerApplicationContext : Root WebApplicationContext: initialization completed in 5759 ms
2026-09-08 21:03:27.121  INFO [payment-service] [traceId=NO_TRACE] [tenantId=default] [           main] com.zaxxer.hikari.HikariDataSource       : HikariPool-1 - Starting...
2026-09-08 21:03:27.121  INFO [api-gateway] [traceId=NO_TRACE] [tenantId=default] [           main] c.liochio.gateway.ApiGatewayApplication  : Starting ApiGatewayApplication v1.0.0-SNAPSHOT using Java 17.0.17 with PID 28876 (D:\Github\Back-end\Microservice\SpringBoot\api-gateway\target\api-gateway-1.0.0-SNAPSHOT.jar started by Liochio in D:\Github\Back-end\Microservice)
2026-09-08 21:03:27.125 DEBUG [api-gateway] [traceId=NO_TRACE] [tenantId=default] [           main] c.liochio.gateway.ApiGatewayApplication  : Running with Spring Boot v3.4.3, Spring v6.2.3
2026-09-08 21:03:27.126  INFO [api-gateway] [traceId=NO_TRACE] [tenantId=default] [           main] c.liochio.gateway.ApiGatewayApplication  : No active profile set, falling back to 1 default profile: "default"
2026-09-08 21:03:27.361  INFO [payment-service] [traceId=NO_TRACE] [tenantId=default] [           main] com.zaxxer.hikari.pool.HikariPool        : HikariPool-1 - Added connection com.mysql.cj.jdbc.ConnectionImpl@63d75087
2026-09-08 21:03:27.365  INFO [payment-service] [traceId=NO_TRACE] [tenantId=default] [           main] com.zaxxer.hikari.HikariDataSource       : HikariPool-1 - Start completed.
2026-09-08 21:03:27.442  INFO [payment-service] [traceId=NO_TRACE] [tenantId=default] [           main] org.flywaydb.core.FlywayExecutor         : Database: jdbc:mysql://localhost:3306/liochio_payment_db?useSSL=false&serverTimezone=UTC&allowPublicKeyRetrieval=true&createDatabaseIfNotExist=true&characterEncoding=UTF-8 (MySQL 8.0)
2026-09-08 21:03:27.519  INFO [payment-service] [traceId=NO_TRACE] [tenantId=default] [           main] o.f.core.internal.command.DbValidate     : Successfully validated 4 migrations (execution time 00:00.045s)
2026-09-08 21:03:27.542  INFO [payment-service] [traceId=NO_TRACE] [tenantId=default] [           main] o.f.core.internal.command.DbMigrate      : Current version of schema `liochio_payment_db`: 3
2026-09-08 21:03:27.547  INFO [payment-service] [traceId=NO_TRACE] [tenantId=default] [           main] o.f.core.internal.command.DbMigrate      : Schema `liochio_payment_db` is up to date. No migration necessary.
2026-09-08 21:03:27.672  WARN [auth-service] [traceId=NO_TRACE] [tenantId=default] [           main] .s.s.UserDetailsServiceAutoConfiguration : 

Using generated security password: 61daf6d3-a86f-4c2f-8563-5263803a2a1d

This generated password is for development use only. Your security configuration must be updated before running your application in production.

2026-09-08 21:03:27.722  INFO [auth-service] [traceId=NO_TRACE] [tenantId=default] [           main] r$InitializeUserDetailsManagerConfigurer : Global AuthenticationManager configured with UserDetailsService bean with name inMemoryUserDetailsManager
2026-09-08 21:03:27.842  INFO [payment-service] [traceId=NO_TRACE] [tenantId=default] [           main] o.hibernate.jpa.internal.util.LogHelper  : HHH000204: Processing PersistenceUnitInfo [name: default]
2026-09-08 21:03:27.957  INFO [payment-service] [traceId=NO_TRACE] [tenantId=default] [           main] org.hibernate.Version                    : HHH000412: Hibernate ORM core version 6.6.8.Final
2026-09-08 21:03:28.018  INFO [payment-service] [traceId=NO_TRACE] [tenantId=default] [           main] o.h.c.internal.RegionFactoryInitiator    : HHH000026: Second-level cache disabled
2026-09-08 21:03:28.208  INFO [api-gateway] [traceId=NO_TRACE] [tenantId=default] [           main] .s.d.r.c.RepositoryConfigurationDelegate : Multiple Spring Data modules found, entering strict repository configuration mode
2026-09-08 21:03:28.214  INFO [api-gateway] [traceId=NO_TRACE] [tenantId=default] [           main] .s.d.r.c.RepositoryConfigurationDelegate : Bootstrapping Spring Data Redis repositories in DEFAULT mode.
2026-09-08 21:03:28.258  INFO [api-gateway] [traceId=NO_TRACE] [tenantId=default] [           main] .s.d.r.c.RepositoryConfigurationDelegate : Finished Spring Data repository scanning in 16 ms. Found 0 Redis repository interfaces.
2026-09-08 21:03:28.626  INFO [api-gateway] [traceId=NO_TRACE] [tenantId=default] [           main] o.s.cloud.context.scope.GenericScope     : BeanFactory id=fafba36a-6497-3133-8642-bad105457fb4
2026-09-08 21:03:28.744  INFO [payment-service] [traceId=NO_TRACE] [tenantId=default] [           main] o.s.o.j.p.SpringPersistenceUnitInfo      : No LoadTimeWeaver setup: ignoring JPA class transformer
2026-09-08 21:03:28.867  WARN [payment-service] [traceId=NO_TRACE] [tenantId=default] [           main] org.hibernate.orm.deprecation            : HHH90000025: MySQLDialect does not need to be specified explicitly using 'hibernate.dialect' (remove the property setting and it will be selected by default)
2026-09-08 21:03:28.896  INFO [payment-service] [traceId=NO_TRACE] [tenantId=default] [           main] org.hibernate.orm.connections.pooling    : HHH10001005: Database info:
	Database JDBC URL [Connecting through datasource 'HikariDataSource (HikariPool-1)']
	Database driver: undefined/unknown
	Database version: 8.0.33
	Autocommit mode: undefined/unknown
	Isolation level: undefined/unknown
	Minimum pool size: undefined/unknown
	Maximum pool size: undefined/unknown
2026-09-08 21:03:30.292  INFO [api-gateway] [traceId=NO_TRACE] [tenantId=default] [           main] c.l.g.f.JwtAuthenticationGatewayFilter   : [GatewayAuthFilter] Loaded RSA Public Key successfully from classpath:certs/rsa-public.pem
2026-09-08 21:03:31.208  INFO [payment-service] [traceId=NO_TRACE] [tenantId=default] [           main] o.h.e.t.j.p.i.JtaPlatformInitiator       : HHH000489: No JTA platform available (set 'hibernate.transaction.jta.platform' to enable JTA platform integration)
2026-09-08 21:03:31.302  INFO [payment-service] [traceId=NO_TRACE] [tenantId=default] [           main] j.LocalContainerEntityManagerFactoryBean : Initialized JPA EntityManagerFactory for persistence unit 'default'
2026-09-08 21:03:31.895  INFO [api-gateway] [traceId=NO_TRACE] [tenantId=default] [           main] o.s.cloud.commons.util.InetUtils         : Cannot determine local hostname
2026-09-08 21:03:32.290  INFO [payment-service] [traceId=NO_TRACE] [tenantId=default] [           main] com.liochio.common.security.JwtUtils     : [JwtUtils] Loaded RSA Private Key successfully from classpath:certs/rsa-private.pem
2026-09-08 21:03:32.294  INFO [payment-service] [traceId=NO_TRACE] [tenantId=default] [           main] com.liochio.common.security.JwtUtils     : [JwtUtils] Loaded RSA Public Key successfully from classpath:certs/rsa-public.pem
2026-09-08 21:03:33.260  INFO [api-gateway] [traceId=NO_TRACE] [tenantId=default] [           main] o.s.cloud.commons.util.InetUtils         : Cannot determine local hostname
2026-09-08 21:03:33.510 DEBUG [payment-service] [traceId=NO_TRACE] [tenantId=default] [           main] c.l.c.security.JwtAuthenticationFilter   : Filter 'jwtAuthenticationFilter' configured for use
2026-09-08 21:03:33.513 DEBUG [payment-service] [traceId=NO_TRACE] [tenantId=default] [           main] c.liochio.common.filter.MdcTraceFilter   : Filter 'mdcTraceFilter' configured for use
2026-09-08 21:03:33.514 DEBUG [payment-service] [traceId=NO_TRACE] [tenantId=default] [           main] com.liochio.common.filter.TenantFilter   : Filter 'tenantFilter' configured for use
2026-09-08 21:03:33.516 DEBUG [payment-service] [traceId=NO_TRACE] [tenantId=default] [           main] c.l.common.filter.AuditLoggingFilter     : Filter 'auditLoggingFilter' configured for use
2026-09-08 21:03:33.851  INFO [api-gateway] [traceId=NO_TRACE] [tenantId=default] [           main] o.s.c.g.r.RouteDefinitionRouteLocator    : Loaded RoutePredicateFactory [After]
2026-09-08 21:03:33.853  INFO [api-gateway] [traceId=NO_TRACE] [tenantId=default] [           main] o.s.c.g.r.RouteDefinitionRouteLocator    : Loaded RoutePredicateFactory [Before]
2026-09-08 21:03:33.853  INFO [api-gateway] [traceId=NO_TRACE] [tenantId=default] [           main] o.s.c.g.r.RouteDefinitionRouteLocator    : Loaded RoutePredicateFactory [Between]
2026-09-08 21:03:33.853  INFO [api-gateway] [traceId=NO_TRACE] [tenantId=default] [           main] o.s.c.g.r.RouteDefinitionRouteLocator    : Loaded RoutePredicateFactory [Cookie]
2026-09-08 21:03:33.854  INFO [api-gateway] [traceId=NO_TRACE] [tenantId=default] [           main] o.s.c.g.r.RouteDefinitionRouteLocator    : Loaded RoutePredicateFactory [Header]
2026-09-08 21:03:33.854  INFO [api-gateway] [traceId=NO_TRACE] [tenantId=default] [           main] o.s.c.g.r.RouteDefinitionRouteLocator    : Loaded RoutePredicateFactory [Host]
2026-09-08 21:03:33.855  INFO [api-gateway] [traceId=NO_TRACE] [tenantId=default] [           main] o.s.c.g.r.RouteDefinitionRouteLocator    : Loaded RoutePredicateFactory [Method]
2026-09-08 21:03:33.855  INFO [api-gateway] [traceId=NO_TRACE] [tenantId=default] [           main] o.s.c.g.r.RouteDefinitionRouteLocator    : Loaded RoutePredicateFactory [Path]
2026-09-08 21:03:33.855  INFO [api-gateway] [traceId=NO_TRACE] [tenantId=default] [           main] o.s.c.g.r.RouteDefinitionRouteLocator    : Loaded RoutePredicateFactory [Query]
2026-09-08 21:03:33.856  INFO [api-gateway] [traceId=NO_TRACE] [tenantId=default] [           main] o.s.c.g.r.RouteDefinitionRouteLocator    : Loaded RoutePredicateFactory [ReadBody]
2026-09-08 21:03:33.856  INFO [api-gateway] [traceId=NO_TRACE] [tenantId=default] [           main] o.s.c.g.r.RouteDefinitionRouteLocator    : Loaded RoutePredicateFactory [RemoteAddr]
2026-09-08 21:03:33.857  INFO [api-gateway] [traceId=NO_TRACE] [tenantId=default] [           main] o.s.c.g.r.RouteDefinitionRouteLocator    : Loaded RoutePredicateFactory [XForwardedRemoteAddr]
2026-09-08 21:03:33.857  INFO [api-gateway] [traceId=NO_TRACE] [tenantId=default] [           main] o.s.c.g.r.RouteDefinitionRouteLocator    : Loaded RoutePredicateFactory [Weight]
2026-09-08 21:03:33.857  INFO [api-gateway] [traceId=NO_TRACE] [tenantId=default] [           main] o.s.c.g.r.RouteDefinitionRouteLocator    : Loaded RoutePredicateFactory [CloudFoundryRouteService]
2026-09-08 21:03:33.940  INFO [payment-service] [traceId=NO_TRACE] [tenantId=default] [           main] o.s.d.j.r.query.QueryEnhancerFactory     : Hibernate is in classpath; If applicable, HQL parser will be used.
2026-09-08 21:03:34.121  INFO [auth-service] [traceId=NO_TRACE] [tenantId=default] [           main] o.s.cloud.commons.util.InetUtils         : Cannot determine local hostname
2026-09-08 21:03:34.251  INFO [auth-service] [traceId=NO_TRACE] [tenantId=default] [           main] DiscoveryClientOptionalArgsConfiguration : Eureka HTTP Client uses RestTemplate.
2026-09-08 21:03:34.737  INFO [auth-service] [traceId=NO_TRACE] [tenantId=default] [           main] o.s.b.w.embedded.tomcat.TomcatWebServer  : Tomcat started on port 8081 (http) with context path '/'
2026-09-08 21:03:35.476  INFO [api-gateway] [traceId=NO_TRACE] [tenantId=default] [           main] o.s.cloud.commons.util.InetUtils         : Cannot determine local hostname
2026-09-08 21:03:35.512  INFO [api-gateway] [traceId=NO_TRACE] [tenantId=default] [           main] DiscoveryClientOptionalArgsConfiguration : Eureka HTTP Client uses RestTemplate.
2026-09-08 21:03:35.562  WARN [api-gateway] [traceId=NO_TRACE] [tenantId=default] [           main] iguration$LoadBalancerCaffeineWarnLogger : Spring Cloud LoadBalancer is currently working with the default cache. While this cache implementation is useful for development and tests, it's recommended to use Caffeine cache in production.You can switch to using Caffeine cache, by adding it and org.springframework.cache.caffeine.CaffeineCacheManager to the classpath.
2026-09-08 21:03:35.636  INFO [api-gateway] [traceId=NO_TRACE] [tenantId=default] [           main] o.s.c.n.eureka.InstanceInfoFactory       : Setting initial instance status as: STARTING
2026-09-08 21:03:35.900  INFO [auth-service] [traceId=NO_TRACE] [tenantId=default] [           main] o.s.cloud.commons.util.InetUtils         : Cannot determine local hostname
2026-09-08 21:03:35.931  INFO [auth-service] [traceId=NO_TRACE] [tenantId=default] [           main] c.liochio.auth.AuthServiceApplication    : Started AuthServiceApplication in 27.1 seconds (process running for 27.714)
2026-09-08 21:03:36.282  WARN [payment-service] [traceId=NO_TRACE] [tenantId=default] [           main] .s.s.UserDetailsServiceAutoConfiguration : 

Using generated security password: 5ce385c7-830b-4b80-b8fc-bb39f06c4fa7

This generated password is for development use only. Your security configuration must be updated before running your application in production.

2026-09-08 21:03:36.330  WARN [api-gateway] [traceId=NO_TRACE] [tenantId=default] [           main] c.n.d.s.t.d.RetryableEurekaHttpClient    : Request execution failed with message: I/O error on GET request for "http://localhost:8761/eureka/apps/": Connect to http://localhost:8761 [localhost/127.0.0.1, localhost/0:0:0:0:0:0:0:1] failed: Connection refused: no further information
2026-09-08 21:03:36.331  WARN [api-gateway] [traceId=NO_TRACE] [tenantId=default] [           main] com.netflix.discovery.DiscoveryClient    : Using default backup registry implementation which does not do anything.
2026-09-08 21:03:36.343  INFO [payment-service] [traceId=NO_TRACE] [tenantId=default] [           main] r$InitializeUserDetailsManagerConfigurer : Global AuthenticationManager configured with UserDetailsService bean with name inMemoryUserDetailsManager
2026-09-08 21:03:36.343  INFO [api-gateway] [traceId=NO_TRACE] [tenantId=default] [           main] o.s.c.n.e.s.EurekaServiceRegistry        : Registering application API-GATEWAY with eureka with status UP
2026-09-08 21:03:36.441  WARN [api-gateway] [traceId=NO_TRACE] [tenantId=default] [foReplicator-%d] c.n.d.s.t.d.RetryableEurekaHttpClient    : Request execution failed with message: I/O error on POST request for "http://localhost:8761/eureka/apps/API-GATEWAY": Connect to http://localhost:8761 [localhost/127.0.0.1, localhost/0:0:0:0:0:0:0:1] failed: Connection refused: no further information
2026-09-08 21:03:36.441  WARN [api-gateway] [traceId=NO_TRACE] [tenantId=default] [foReplicator-%d] com.netflix.discovery.DiscoveryClient    : DiscoveryClient_API-GATEWAY/localhost:api-gateway:8080 - registration failed Cannot execute request on any known server

com.netflix.discovery.shared.transport.TransportException: Cannot execute request on any known server
	at com.netflix.discovery.shared.transport.decorator.RetryableEurekaHttpClient.execute(RetryableEurekaHttpClient.java:112)
	at com.netflix.discovery.shared.transport.decorator.EurekaHttpClientDecorator.register(EurekaHttpClientDecorator.java:56)
	at com.netflix.discovery.shared.transport.decorator.EurekaHttpClientDecorator$1.execute(EurekaHttpClientDecorator.java:59)
	at com.netflix.discovery.shared.transport.decorator.SessionedEurekaHttpClient.execute(SessionedEurekaHttpClient.java:76)
	at com.netflix.discovery.shared.transport.decorator.EurekaHttpClientDecorator.register(EurekaHttpClientDecorator.java:56)
	at com.netflix.discovery.DiscoveryClient.register(DiscoveryClient.java:828)
	at com.netflix.discovery.InstanceInfoReplicator.run(InstanceInfoReplicator.java:125)
	at com.netflix.discovery.InstanceInfoReplicator$2.run(InstanceInfoReplicator.java:105)
	at java.base/java.util.concurrent.Executors$RunnableAdapter.call(Executors.java:539)
	at java.base/java.util.concurrent.FutureTask.run(FutureTask.java:264)
	at java.base/java.util.concurrent.ScheduledThreadPoolExecutor$ScheduledFutureTask.run(ScheduledThreadPoolExecutor.java:304)
	at java.base/java.util.concurrent.ThreadPoolExecutor.runWorker(ThreadPoolExecutor.java:1136)
	at java.base/java.util.concurrent.ThreadPoolExecutor$Worker.run(ThreadPoolExecutor.java:635)
	at java.base/java.lang.Thread.run(Thread.java:842)

2026-09-08 21:03:36.448  WARN [api-gateway] [traceId=NO_TRACE] [tenantId=default] [foReplicator-%d] c.n.discovery.InstanceInfoReplicator     : There was a problem with the instance info replicator

com.netflix.discovery.shared.transport.TransportException: Cannot execute request on any known server
	at com.netflix.discovery.shared.transport.decorator.RetryableEurekaHttpClient.execute(RetryableEurekaHttpClient.java:112)
	at com.netflix.discovery.shared.transport.decorator.EurekaHttpClientDecorator.register(EurekaHttpClientDecorator.java:56)
	at com.netflix.discovery.shared.transport.decorator.EurekaHttpClientDecorator$1.execute(EurekaHttpClientDecorator.java:59)
	at com.netflix.discovery.shared.transport.decorator.SessionedEurekaHttpClient.execute(SessionedEurekaHttpClient.java:76)
	at com.netflix.discovery.shared.transport.decorator.EurekaHttpClientDecorator.register(EurekaHttpClientDecorator.java:56)
	at com.netflix.discovery.DiscoveryClient.register(DiscoveryClient.java:828)
	at com.netflix.discovery.InstanceInfoReplicator.run(InstanceInfoReplicator.java:125)
	at com.netflix.discovery.InstanceInfoReplicator$2.run(InstanceInfoReplicator.java:105)
	at java.base/java.util.concurrent.Executors$RunnableAdapter.call(Executors.java:539)
	at java.base/java.util.concurrent.FutureTask.run(FutureTask.java:264)
	at java.base/java.util.concurrent.ScheduledThreadPoolExecutor$ScheduledFutureTask.run(ScheduledThreadPoolExecutor.java:304)
	at java.base/java.util.concurrent.ThreadPoolExecutor.runWorker(ThreadPoolExecutor.java:1136)
	at java.base/java.util.concurrent.ThreadPoolExecutor$Worker.run(ThreadPoolExecutor.java:635)
	at java.base/java.lang.Thread.run(Thread.java:842)

2026-09-08 21:03:36.674  INFO [api-gateway] [traceId=NO_TRACE] [tenantId=default] [           main] o.s.b.web.embedded.netty.NettyWebServer  : Netty started on port 8080 (http)
2026-09-08 21:03:36.678  INFO [api-gateway] [traceId=NO_TRACE] [tenantId=default] [           main] .s.c.n.e.s.EurekaAutoServiceRegistration : Updating port to 8080
2026-09-08 21:03:37.843  INFO [api-gateway] [traceId=NO_TRACE] [tenantId=default] [           main] o.s.cloud.commons.util.InetUtils         : Cannot determine local hostname
2026-09-08 21:03:38.993  INFO [api-gateway] [traceId=NO_TRACE] [tenantId=default] [           main] o.s.cloud.commons.util.InetUtils         : Cannot determine local hostname
2026-09-08 21:03:39.025  INFO [api-gateway] [traceId=NO_TRACE] [tenantId=default] [           main] c.liochio.gateway.ApiGatewayApplication  : Started ApiGatewayApplication in 14.112 seconds (process running for 14.821)
2026-09-08 21:03:41.156  INFO [payment-service] [traceId=NO_TRACE] [tenantId=default] [           main] o.s.cloud.commons.util.InetUtils         : Cannot determine local hostname
2026-09-08 21:03:42.389  INFO [payment-service] [traceId=NO_TRACE] [tenantId=default] [           main] o.s.cloud.commons.util.InetUtils         : Cannot determine local hostname
2026-09-08 21:03:42.521  INFO [payment-service] [traceId=NO_TRACE] [tenantId=default] [           main] DiscoveryClientOptionalArgsConfiguration : Eureka HTTP Client uses RestTemplate.
2026-09-08 21:03:42.948  INFO [payment-service] [traceId=NO_TRACE] [tenantId=default] [           main] o.s.c.n.eureka.InstanceInfoFactory       : Setting initial instance status as: STARTING
2026-09-08 21:03:43.456  WARN [payment-service] [traceId=NO_TRACE] [tenantId=default] [           main] c.n.d.s.t.d.RetryableEurekaHttpClient    : Request execution failed with message: I/O error on GET request for "http://localhost:8761/eureka/apps/": Connect to http://localhost:8761 [localhost/127.0.0.1, localhost/0:0:0:0:0:0:0:1] failed: Connection refused: no further information
2026-09-08 21:03:43.457  WARN [payment-service] [traceId=NO_TRACE] [tenantId=default] [           main] com.netflix.discovery.DiscoveryClient    : Using default backup registry implementation which does not do anything.
2026-09-08 21:03:43.491  INFO [payment-service] [traceId=NO_TRACE] [tenantId=default] [           main] o.s.c.n.e.s.EurekaServiceRegistry        : Registering application PAYMENT-SERVICE with eureka with status UP
2026-09-08 21:03:43.515  INFO [payment-service] [traceId=NO_TRACE] [tenantId=default] [           main] o.s.b.w.embedded.tomcat.TomcatWebServer  : Tomcat started on port 8085 (http) with context path '/'
2026-09-08 21:03:43.517  INFO [payment-service] [traceId=NO_TRACE] [tenantId=default] [           main] .s.c.n.e.s.EurekaAutoServiceRegistration : Updating port to 8085
2026-09-08 21:03:43.552  WARN [payment-service] [traceId=NO_TRACE] [tenantId=default] [foReplicator-%d] c.n.d.s.t.d.RetryableEurekaHttpClient    : Request execution failed with message: I/O error on POST request for "http://localhost:8761/eureka/apps/PAYMENT-SERVICE": Connect to http://localhost:8761 [localhost/127.0.0.1, localhost/0:0:0:0:0:0:0:1] failed: Connection refused: no further information
2026-09-08 21:03:43.552  WARN [payment-service] [traceId=NO_TRACE] [tenantId=default] [foReplicator-%d] com.netflix.discovery.DiscoveryClient    : DiscoveryClient_PAYMENT-SERVICE/localhost:payment-service:8085 - registration failed Cannot execute request on any known server

com.netflix.discovery.shared.transport.TransportException: Cannot execute request on any known server
	at com.netflix.discovery.shared.transport.decorator.RetryableEurekaHttpClient.execute(RetryableEurekaHttpClient.java:112)
	at com.netflix.discovery.shared.transport.decorator.EurekaHttpClientDecorator.register(EurekaHttpClientDecorator.java:56)
	at com.netflix.discovery.shared.transport.decorator.EurekaHttpClientDecorator$1.execute(EurekaHttpClientDecorator.java:59)
	at com.netflix.discovery.shared.transport.decorator.SessionedEurekaHttpClient.execute(SessionedEurekaHttpClient.java:76)
	at com.netflix.discovery.shared.transport.decorator.EurekaHttpClientDecorator.register(EurekaHttpClientDecorator.java:56)
	at com.netflix.discovery.DiscoveryClient.register(DiscoveryClient.java:828)
	at com.netflix.discovery.InstanceInfoReplicator.run(InstanceInfoReplicator.java:125)
	at com.netflix.discovery.InstanceInfoReplicator$2.run(InstanceInfoReplicator.java:105)
	at java.base/java.util.concurrent.Executors$RunnableAdapter.call(Executors.java:539)
	at java.base/java.util.concurrent.FutureTask.run(FutureTask.java:264)
	at java.base/java.util.concurrent.ScheduledThreadPoolExecutor$ScheduledFutureTask.run(ScheduledThreadPoolExecutor.java:304)
	at java.base/java.util.concurrent.ThreadPoolExecutor.runWorker(ThreadPoolExecutor.java:1136)
	at java.base/java.util.concurrent.ThreadPoolExecutor$Worker.run(ThreadPoolExecutor.java:635)
	at java.base/java.lang.Thread.run(Thread.java:842)

2026-09-08 21:03:43.558  WARN [payment-service] [traceId=NO_TRACE] [tenantId=default] [foReplicator-%d] c.n.discovery.InstanceInfoReplicator     : There was a problem with the instance info replicator

com.netflix.discovery.shared.transport.TransportException: Cannot execute request on any known server
	at com.netflix.discovery.shared.transport.decorator.RetryableEurekaHttpClient.execute(RetryableEurekaHttpClient.java:112)
	at com.netflix.discovery.shared.transport.decorator.EurekaHttpClientDecorator.register(EurekaHttpClientDecorator.java:56)
	at com.netflix.discovery.shared.transport.decorator.EurekaHttpClientDecorator$1.execute(EurekaHttpClientDecorator.java:59)
	at com.netflix.discovery.shared.transport.decorator.SessionedEurekaHttpClient.execute(SessionedEurekaHttpClient.java:76)
	at com.netflix.discovery.shared.transport.decorator.EurekaHttpClientDecorator.register(EurekaHttpClientDecorator.java:56)
	at com.netflix.discovery.DiscoveryClient.register(DiscoveryClient.java:828)
	at com.netflix.discovery.InstanceInfoReplicator.run(InstanceInfoReplicator.java:125)
	at com.netflix.discovery.InstanceInfoReplicator$2.run(InstanceInfoReplicator.java:105)
	at java.base/java.util.concurrent.Executors$RunnableAdapter.call(Executors.java:539)
	at java.base/java.util.concurrent.FutureTask.run(FutureTask.java:264)
	at java.base/java.util.concurrent.ScheduledThreadPoolExecutor$ScheduledFutureTask.run(ScheduledThreadPoolExecutor.java:304)
	at java.base/java.util.concurrent.ThreadPoolExecutor.runWorker(ThreadPoolExecutor.java:1136)
	at java.base/java.util.concurrent.ThreadPoolExecutor$Worker.run(ThreadPoolExecutor.java:635)
	at java.base/java.lang.Thread.run(Thread.java:842)

2026-09-08 21:03:44.666  INFO [payment-service] [traceId=NO_TRACE] [tenantId=default] [           main] o.s.cloud.commons.util.InetUtils         : Cannot determine local hostname
2026-09-08 21:03:44.691  INFO [payment-service] [traceId=NO_TRACE] [tenantId=default] [           main] c.l.payment.PaymentServiceApplication    : Started PaymentServiceApplication in 27.316 seconds (process running for 28.204)
2026-09-08 21:04:06.412  WARN [api-gateway] [traceId=NO_TRACE] [tenantId=default] [reshExecutor-%d] c.n.d.s.t.d.RetryableEurekaHttpClient    : Request execution failed with message: I/O error on GET request for "http://localhost:8761/eureka/apps/": Connect to http://localhost:8761 [localhost/127.0.0.1, localhost/0:0:0:0:0:0:0:1] failed: Connection refused: no further information
2026-09-08 21:04:06.412  WARN [api-gateway] [traceId=NO_TRACE] [tenantId=default] [beatExecutor-%d] c.n.d.s.t.d.RetryableEurekaHttpClient    : Request execution failed with message: I/O error on PUT request for "http://localhost:8761/eureka/apps/API-GATEWAY/localhost:api-gateway:8080": Connect to http://localhost:8761 [localhost/127.0.0.1, localhost/0:0:0:0:0:0:0:1] failed: Connection refused: no further information
2026-09-08 21:04:06.412 ERROR [api-gateway] [traceId=NO_TRACE] [tenantId=default] [beatExecutor-%d] com.netflix.discovery.DiscoveryClient    : DiscoveryClient_API-GATEWAY/localhost:api-gateway:8080 - was unable to send heartbeat!

com.netflix.discovery.shared.transport.TransportException: Cannot execute request on any known server
	at com.netflix.discovery.shared.transport.decorator.RetryableEurekaHttpClient.execute(RetryableEurekaHttpClient.java:112)
	at com.netflix.discovery.shared.transport.decorator.EurekaHttpClientDecorator.sendHeartBeat(EurekaHttpClientDecorator.java:89)
	at com.netflix.discovery.shared.transport.decorator.EurekaHttpClientDecorator$3.execute(EurekaHttpClientDecorator.java:92)
	at com.netflix.discovery.shared.transport.decorator.SessionedEurekaHttpClient.execute(SessionedEurekaHttpClient.java:76)
	at com.netflix.discovery.shared.transport.decorator.EurekaHttpClientDecorator.sendHeartBeat(EurekaHttpClientDecorator.java:89)
	at com.netflix.discovery.DiscoveryClient.renew(DiscoveryClient.java:845)
	at com.netflix.discovery.DiscoveryClient$HeartbeatThread.run(DiscoveryClient.java:1402)
	at java.base/java.util.concurrent.Executors$RunnableAdapter.call(Executors.java:539)
	at java.base/java.util.concurrent.FutureTask.run(FutureTask.java:264)
	at java.base/java.util.concurrent.ThreadPoolExecutor.runWorker(ThreadPoolExecutor.java:1136)
	at java.base/java.util.concurrent.ThreadPoolExecutor$Worker.run(ThreadPoolExecutor.java:635)
	at java.base/java.lang.Thread.run(Thread.java:842)

2026-09-08 21:04:06.504  WARN [api-gateway] [traceId=NO_TRACE] [tenantId=default] [foReplicator-%d] c.n.d.s.t.d.RetryableEurekaHttpClient    : Request execution failed with message: I/O error on POST request for "http://localhost:8761/eureka/apps/API-GATEWAY": Connect to http://localhost:8761 [localhost/127.0.0.1, localhost/0:0:0:0:0:0:0:1] failed: Connection refused: no further information
2026-09-08 21:04:06.504  WARN [api-gateway] [traceId=NO_TRACE] [tenantId=default] [foReplicator-%d] com.netflix.discovery.DiscoveryClient    : DiscoveryClient_API-GATEWAY/localhost:api-gateway:8080 - registration failed Cannot execute request on any known server

com.netflix.discovery.shared.transport.TransportException: Cannot execute request on any known server
	at com.netflix.discovery.shared.transport.decorator.RetryableEurekaHttpClient.execute(RetryableEurekaHttpClient.java:112)
	at com.netflix.discovery.shared.transport.decorator.EurekaHttpClientDecorator.register(EurekaHttpClientDecorator.java:56)
	at com.netflix.discovery.shared.transport.decorator.EurekaHttpClientDecorator$1.execute(EurekaHttpClientDecorator.java:59)
	at com.netflix.discovery.shared.transport.decorator.SessionedEurekaHttpClient.execute(SessionedEurekaHttpClient.java:76)
	at com.netflix.discovery.shared.transport.decorator.EurekaHttpClientDecorator.register(EurekaHttpClientDecorator.java:56)
	at com.netflix.discovery.DiscoveryClient.register(DiscoveryClient.java:828)
	at com.netflix.discovery.InstanceInfoReplicator.run(InstanceInfoReplicator.java:125)
	at java.base/java.util.concurrent.Executors$RunnableAdapter.call(Executors.java:539)
	at java.base/java.util.concurrent.FutureTask.run(FutureTask.java:264)
	at java.base/java.util.concurrent.ScheduledThreadPoolExecutor$ScheduledFutureTask.run(ScheduledThreadPoolExecutor.java:304)
	at java.base/java.util.concurrent.ThreadPoolExecutor.runWorker(ThreadPoolExecutor.java:1136)
	at java.base/java.util.concurrent.ThreadPoolExecutor$Worker.run(ThreadPoolExecutor.java:635)
	at java.base/java.lang.Thread.run(Thread.java:842)

2026-09-08 21:04:06.504  WARN [api-gateway] [traceId=NO_TRACE] [tenantId=default] [foReplicator-%d] c.n.discovery.InstanceInfoReplicator     : There was a problem with the instance info replicator

com.netflix.discovery.shared.transport.TransportException: Cannot execute request on any known server
	at com.netflix.discovery.shared.transport.decorator.RetryableEurekaHttpClient.execute(RetryableEurekaHttpClient.java:112)
	at com.netflix.discovery.shared.transport.decorator.EurekaHttpClientDecorator.register(EurekaHttpClientDecorator.java:56)
	at com.netflix.discovery.shared.transport.decorator.EurekaHttpClientDecorator$1.execute(EurekaHttpClientDecorator.java:59)
	at com.netflix.discovery.shared.transport.decorator.SessionedEurekaHttpClient.execute(SessionedEurekaHttpClient.java:76)
	at com.netflix.discovery.shared.transport.decorator.EurekaHttpClientDecorator.register(EurekaHttpClientDecorator.java:56)
	at com.netflix.discovery.DiscoveryClient.register(DiscoveryClient.java:828)
	at com.netflix.discovery.InstanceInfoReplicator.run(InstanceInfoReplicator.java:125)
	at java.base/java.util.concurrent.Executors$RunnableAdapter.call(Executors.java:539)
	at java.base/java.util.concurrent.FutureTask.run(FutureTask.java:264)
	at java.base/java.util.concurrent.ScheduledThreadPoolExecutor$ScheduledFutureTask.run(ScheduledThreadPoolExecutor.java:304)
	at java.base/java.util.concurrent.ThreadPoolExecutor.runWorker(ThreadPoolExecutor.java:1136)
	at java.base/java.util.concurrent.ThreadPoolExecutor$Worker.run(ThreadPoolExecutor.java:635)
	at java.base/java.lang.Thread.run(Thread.java:842)

2026-09-08 21:04:13.495  WARN [payment-service] [traceId=NO_TRACE] [tenantId=default] [reshExecutor-%d] c.n.d.s.t.d.RetryableEurekaHttpClient    : Request execution failed with message: I/O error on GET request for "http://localhost:8761/eureka/apps/": Connect to http://localhost:8761 [localhost/127.0.0.1, localhost/0:0:0:0:0:0:0:1] failed: Connection refused: no further information
2026-09-08 21:04:13.495  WARN [payment-service] [traceId=NO_TRACE] [tenantId=default] [beatExecutor-%d] c.n.d.s.t.d.RetryableEurekaHttpClient    : Request execution failed with message: I/O error on PUT request for "http://localhost:8761/eureka/apps/PAYMENT-SERVICE/localhost:payment-service:8085": Connect to http://localhost:8761 [localhost/127.0.0.1, localhost/0:0:0:0:0:0:0:1] failed: Connection refused: no further information
2026-09-08 21:04:13.495 ERROR [payment-service] [traceId=NO_TRACE] [tenantId=default] [beatExecutor-%d] com.netflix.discovery.DiscoveryClient    : DiscoveryClient_PAYMENT-SERVICE/localhost:payment-service:8085 - was unable to send heartbeat!

com.netflix.discovery.shared.transport.TransportException: Cannot execute request on any known server
	at com.netflix.discovery.shared.transport.decorator.RetryableEurekaHttpClient.execute(RetryableEurekaHttpClient.java:112)
	at com.netflix.discovery.shared.transport.decorator.EurekaHttpClientDecorator.sendHeartBeat(EurekaHttpClientDecorator.java:89)
	at com.netflix.discovery.shared.transport.decorator.EurekaHttpClientDecorator$3.execute(EurekaHttpClientDecorator.java:92)
	at com.netflix.discovery.shared.transport.decorator.SessionedEurekaHttpClient.execute(SessionedEurekaHttpClient.java:76)
	at com.netflix.discovery.shared.transport.decorator.EurekaHttpClientDecorator.sendHeartBeat(EurekaHttpClientDecorator.java:89)
	at com.netflix.discovery.DiscoveryClient.renew(DiscoveryClient.java:845)
	at com.netflix.discovery.DiscoveryClient$HeartbeatThread.run(DiscoveryClient.java:1402)
	at java.base/java.util.concurrent.Executors$RunnableAdapter.call(Executors.java:539)
	at java.base/java.util.concurrent.FutureTask.run(FutureTask.java:264)
	at java.base/java.util.concurrent.ThreadPoolExecutor.runWorker(ThreadPoolExecutor.java:1136)
	at java.base/java.util.concurrent.ThreadPoolExecutor$Worker.run(ThreadPoolExecutor.java:635)
	at java.base/java.lang.Thread.run(Thread.java:842)

2026-09-08 21:04:13.576  WARN [payment-service] [traceId=NO_TRACE] [tenantId=default] [foReplicator-%d] c.n.d.s.t.d.RetryableEurekaHttpClient    : Request execution failed with message: I/O error on POST request for "http://localhost:8761/eureka/apps/PAYMENT-SERVICE": Connect to http://localhost:8761 [localhost/127.0.0.1, localhost/0:0:0:0:0:0:0:1] failed: Connection refused: no further information
2026-09-08 21:04:13.576  WARN [payment-service] [traceId=NO_TRACE] [tenantId=default] [foReplicator-%d] com.netflix.discovery.DiscoveryClient    : DiscoveryClient_PAYMENT-SERVICE/localhost:payment-service:8085 - registration failed Cannot execute request on any known server

com.netflix.discovery.shared.transport.TransportException: Cannot execute request on any known server
	at com.netflix.discovery.shared.transport.decorator.RetryableEurekaHttpClient.execute(RetryableEurekaHttpClient.java:112)
	at com.netflix.discovery.shared.transport.decorator.EurekaHttpClientDecorator.register(EurekaHttpClientDecorator.java:56)
	at com.netflix.discovery.shared.transport.decorator.EurekaHttpClientDecorator$1.execute(EurekaHttpClientDecorator.java:59)
	at com.netflix.discovery.shared.transport.decorator.SessionedEurekaHttpClient.execute(SessionedEurekaHttpClient.java:76)
	at com.netflix.discovery.shared.transport.decorator.EurekaHttpClientDecorator.register(EurekaHttpClientDecorator.java:56)
	at com.netflix.discovery.DiscoveryClient.register(DiscoveryClient.java:828)
	at com.netflix.discovery.InstanceInfoReplicator.run(InstanceInfoReplicator.java:125)
	at java.base/java.util.concurrent.Executors$RunnableAdapter.call(Executors.java:539)
	at java.base/java.util.concurrent.FutureTask.run(FutureTask.java:264)
	at java.base/java.util.concurrent.ScheduledThreadPoolExecutor$ScheduledFutureTask.run(ScheduledThreadPoolExecutor.java:304)
	at java.base/java.util.concurrent.ThreadPoolExecutor.runWorker(ThreadPoolExecutor.java:1136)
	at java.base/java.util.concurrent.ThreadPoolExecutor$Worker.run(ThreadPoolExecutor.java:635)
	at java.base/java.lang.Thread.run(Thread.java:842)

2026-09-08 21:04:13.577  WARN [payment-service] [traceId=NO_TRACE] [tenantId=default] [foReplicator-%d] c.n.discovery.InstanceInfoReplicator     : There was a problem with the instance info replicator

com.netflix.discovery.shared.transport.TransportException: Cannot execute request on any known server
	at com.netflix.discovery.shared.transport.decorator.RetryableEurekaHttpClient.execute(RetryableEurekaHttpClient.java:112)
	at com.netflix.discovery.shared.transport.decorator.EurekaHttpClientDecorator.register(EurekaHttpClientDecorator.java:56)
	at com.netflix.discovery.shared.transport.decorator.EurekaHttpClientDecorator$1.execute(EurekaHttpClientDecorator.java:59)
	at com.netflix.discovery.shared.transport.decorator.SessionedEurekaHttpClient.execute(SessionedEurekaHttpClient.java:76)
	at com.netflix.discovery.shared.transport.decorator.EurekaHttpClientDecorator.register(EurekaHttpClientDecorator.java:56)
	at com.netflix.discovery.DiscoveryClient.register(DiscoveryClient.java:828)
	at com.netflix.discovery.InstanceInfoReplicator.run(InstanceInfoReplicator.java:125)
	at java.base/java.util.concurrent.Executors$RunnableAdapter.call(Executors.java:539)
	at java.base/java.util.concurrent.FutureTask.run(FutureTask.java:264)
	at java.base/java.util.concurrent.ScheduledThreadPoolExecutor$ScheduledFutureTask.run(ScheduledThreadPoolExecutor.java:304)
	at java.base/java.util.concurrent.ThreadPoolExecutor.runWorker(ThreadPoolExecutor.java:1136)
	at java.base/java.util.concurrent.ThreadPoolExecutor$Worker.run(ThreadPoolExecutor.java:635)
	at java.base/java.lang.Thread.run(Thread.java:842)

2026-09-08 21:04:21.911  INFO [api-gateway] [traceId=NO_TRACE] [tenantId=default] [ctor-http-nio-2] c.l.gateway.filter.TraceIdGatewayFilter  : [GATEWAY_IN] traceId=cfray-c0bba10131cb-HAN ip=203.0.113.195 method=GET path=/api/v1/auth/health
2026-09-08 21:04:21.915  WARN [api-gateway] [traceId=NO_TRACE] [tenantId=default] [ctor-http-nio-2] c.l.g.f.JwtAuthenticationGatewayFilter   : [GatewayAuthFilter] Missing or invalid Authorization header at path: /api/v1/auth/health
2026-09-08 21:04:21.947  INFO [api-gateway] [traceId=NO_TRACE] [tenantId=default] [ctor-http-nio-3] c.l.gateway.filter.TraceIdGatewayFilter  : [GATEWAY_IN] traceId=tr_14a6734888ec485f ip=0:0:0:0:0:0:0:1 method=GET path=/api/v1/auth/health
2026-09-08 21:04:21.947  WARN [api-gateway] [traceId=NO_TRACE] [tenantId=default] [ctor-http-nio-3] c.l.g.f.JwtAuthenticationGatewayFilter   : [GatewayAuthFilter] Missing or invalid Authorization header at path: /api/v1/auth/health
2026-09-08 21:04:21.947  INFO [api-gateway] [traceId=NO_TRACE] [tenantId=default] [ctor-http-nio-2] c.l.gateway.filter.TraceIdGatewayFilter  : [GATEWAY_OUT] traceId=cfray-c0bba10131cb-HAN ip=203.0.113.195 status=401 duration=36ms path=/api/v1/auth/health
2026-09-08 21:04:21.949  INFO [api-gateway] [traceId=NO_TRACE] [tenantId=default] [ctor-http-nio-3] c.l.gateway.filter.TraceIdGatewayFilter  : [GATEWAY_OUT] traceId=tr_14a6734888ec485f ip=0:0:0:0:0:0:0:1 status=401 duration=2ms path=/api/v1/auth/health
2026-09-08 21:04:21.971 ERROR [api-gateway] [traceId=NO_TRACE] [tenantId=default] [ctor-http-nio-4] c.l.g.e.GlobalErrorWebExceptionHandler   : [GATEWAY_EXCEPTION] traceId=NO_TRACE path=/api/v1/non-existent-endpoint-xyz status=404 error=404 NOT_FOUND "No static resource api/v1/non-existent-endpoint-xyz."
2026-09-08 21:04:32.830 ERROR [api-gateway] [traceId=NO_TRACE] [tenantId=default] [ctor-http-nio-5] c.l.g.e.GlobalErrorWebExceptionHandler   : [GATEWAY_EXCEPTION] traceId=cfray-2ce43f037d0a-HAN path=/actuator/health status=404 error=404 NOT_FOUND "No static resource actuator/health."
2026-09-08 21:04:36.448  WARN [api-gateway] [traceId=NO_TRACE] [tenantId=default] [beatExecutor-%d] c.n.d.s.t.d.RetryableEurekaHttpClient    : Request execution failed with message: I/O error on PUT request for "http://localhost:8761/eureka/apps/API-GATEWAY/localhost:api-gateway:8080": Connect to http://localhost:8761 [localhost/127.0.0.1, localhost/0:0:0:0:0:0:0:1] failed: Connection refused: no further information
2026-09-08 21:04:36.448 ERROR [api-gateway] [traceId=NO_TRACE] [tenantId=default] [beatExecutor-%d] com.netflix.discovery.DiscoveryClient    : DiscoveryClient_API-GATEWAY/localhost:api-gateway:8080 - was unable to send heartbeat!

com.netflix.discovery.shared.transport.TransportException: Cannot execute request on any known server
	at com.netflix.discovery.shared.transport.decorator.RetryableEurekaHttpClient.execute(RetryableEurekaHttpClient.java:112)
	at com.netflix.discovery.shared.transport.decorator.EurekaHttpClientDecorator.sendHeartBeat(EurekaHttpClientDecorator.java:89)
	at com.netflix.discovery.shared.transport.decorator.EurekaHttpClientDecorator$3.execute(EurekaHttpClientDecorator.java:92)
	at com.netflix.discovery.shared.transport.decorator.SessionedEurekaHttpClient.execute(SessionedEurekaHttpClient.java:76)
	at com.netflix.discovery.shared.transport.decorator.EurekaHttpClientDecorator.sendHeartBeat(EurekaHttpClientDecorator.java:89)
	at com.netflix.discovery.DiscoveryClient.renew(DiscoveryClient.java:845)
	at com.netflix.discovery.DiscoveryClient$HeartbeatThread.run(DiscoveryClient.java:1402)
	at java.base/java.util.concurrent.Executors$RunnableAdapter.call(Executors.java:539)
	at java.base/java.util.concurrent.FutureTask.run(FutureTask.java:264)
	at java.base/java.util.concurrent.ThreadPoolExecutor.runWorker(ThreadPoolExecutor.java:1136)
	at java.base/java.util.concurrent.ThreadPoolExecutor$Worker.run(ThreadPoolExecutor.java:635)
	at java.base/java.lang.Thread.run(Thread.java:842)

2026-09-08 21:04:36.450  WARN [api-gateway] [traceId=NO_TRACE] [tenantId=default] [reshExecutor-%d] c.n.d.s.t.d.RetryableEurekaHttpClient    : Request execution failed with message: I/O error on GET request for "http://localhost:8761/eureka/apps/": Connect to http://localhost:8761 [localhost/127.0.0.1, localhost/0:0:0:0:0:0:0:1] failed: Connection refused: no further information
2026-09-08 21:04:36.567  WARN [api-gateway] [traceId=NO_TRACE] [tenantId=default] [foReplicator-%d] c.n.d.s.t.d.RetryableEurekaHttpClient    : Request execution failed with message: I/O error on POST request for "http://localhost:8761/eureka/apps/API-GATEWAY": Connect to http://localhost:8761 [localhost/127.0.0.1, localhost/0:0:0:0:0:0:0:1] failed: Connection refused: no further information
2026-09-08 21:04:36.567  WARN [api-gateway] [traceId=NO_TRACE] [tenantId=default] [foReplicator-%d] com.netflix.discovery.DiscoveryClient    : DiscoveryClient_API-GATEWAY/localhost:api-gateway:8080 - registration failed Cannot execute request on any known server

com.netflix.discovery.shared.transport.TransportException: Cannot execute request on any known server
	at com.netflix.discovery.shared.transport.decorator.RetryableEurekaHttpClient.execute(RetryableEurekaHttpClient.java:112)
	at com.netflix.discovery.shared.transport.decorator.EurekaHttpClientDecorator.register(EurekaHttpClientDecorator.java:56)
	at com.netflix.discovery.shared.transport.decorator.EurekaHttpClientDecorator$1.execute(EurekaHttpClientDecorator.java:59)
	at com.netflix.discovery.shared.transport.decorator.SessionedEurekaHttpClient.execute(SessionedEurekaHttpClient.java:76)
	at com.netflix.discovery.shared.transport.decorator.EurekaHttpClientDecorator.register(EurekaHttpClientDecorator.java:56)
	at com.netflix.discovery.DiscoveryClient.register(DiscoveryClient.java:828)
	at com.netflix.discovery.InstanceInfoReplicator.run(InstanceInfoReplicator.java:125)
	at java.base/java.util.concurrent.Executors$RunnableAdapter.call(Executors.java:539)
	at java.base/java.util.concurrent.FutureTask.run(FutureTask.java:264)
	at java.base/java.util.concurrent.ScheduledThreadPoolExecutor$ScheduledFutureTask.run(ScheduledThreadPoolExecutor.java:304)
	at java.base/java.util.concurrent.ThreadPoolExecutor.runWorker(ThreadPoolExecutor.java:1136)
	at java.base/java.util.concurrent.ThreadPoolExecutor$Worker.run(ThreadPoolExecutor.java:635)
	at java.base/java.lang.Thread.run(Thread.java:842)

2026-09-08 21:04:36.567  WARN [api-gateway] [traceId=NO_TRACE] [tenantId=default] [foReplicator-%d] c.n.discovery.InstanceInfoReplicator     : There was a problem with the instance info replicator

com.netflix.discovery.shared.transport.TransportException: Cannot execute request on any known server
	at com.netflix.discovery.shared.transport.decorator.RetryableEurekaHttpClient.execute(RetryableEurekaHttpClient.java:112)
	at com.netflix.discovery.shared.transport.decorator.EurekaHttpClientDecorator.register(EurekaHttpClientDecorator.java:56)
	at com.netflix.discovery.shared.transport.decorator.EurekaHttpClientDecorator$1.execute(EurekaHttpClientDecorator.java:59)
	at com.netflix.discovery.shared.transport.decorator.SessionedEurekaHttpClient.execute(SessionedEurekaHttpClient.java:76)
	at com.netflix.discovery.shared.transport.decorator.EurekaHttpClientDecorator.register(EurekaHttpClientDecorator.java:56)
	at com.netflix.discovery.DiscoveryClient.register(DiscoveryClient.java:828)
	at com.netflix.discovery.InstanceInfoReplicator.run(InstanceInfoReplicator.java:125)
	at java.base/java.util.concurrent.Executors$RunnableAdapter.call(Executors.java:539)
	at java.base/java.util.concurrent.FutureTask.run(FutureTask.java:264)
	at java.base/java.util.concurrent.ScheduledThreadPoolExecutor$ScheduledFutureTask.run(ScheduledThreadPoolExecutor.java:304)
	at java.base/java.util.concurrent.ThreadPoolExecutor.runWorker(ThreadPoolExecutor.java:1136)
	at java.base/java.util.concurrent.ThreadPoolExecutor$Worker.run(ThreadPoolExecutor.java:635)
	at java.base/java.lang.Thread.run(Thread.java:842)

2026-09-08 21:04:43.507  WARN [payment-service] [traceId=NO_TRACE] [tenantId=default] [reshExecutor-%d] c.n.d.s.t.d.RetryableEurekaHttpClient    : Request execution failed with message: I/O error on GET request for "http://localhost:8761/eureka/apps/": Connect to http://localhost:8761 [localhost/127.0.0.1, localhost/0:0:0:0:0:0:0:1] failed: Connection refused: no further information
2026-09-08 21:04:43.531  WARN [payment-service] [traceId=NO_TRACE] [tenantId=default] [beatExecutor-%d] c.n.d.s.t.d.RetryableEurekaHttpClient    : Request execution failed with message: I/O error on PUT request for "http://localhost:8761/eureka/apps/PAYMENT-SERVICE/localhost:payment-service:8085": Connect to http://localhost:8761 [localhost/127.0.0.1, localhost/0:0:0:0:0:0:0:1] failed: Connection refused: no further information
2026-09-08 21:04:43.531 ERROR [payment-service] [traceId=NO_TRACE] [tenantId=default] [beatExecutor-%d] com.netflix.discovery.DiscoveryClient    : DiscoveryClient_PAYMENT-SERVICE/localhost:payment-service:8085 - was unable to send heartbeat!

com.netflix.discovery.shared.transport.TransportException: Cannot execute request on any known server
	at com.netflix.discovery.shared.transport.decorator.RetryableEurekaHttpClient.execute(RetryableEurekaHttpClient.java:112)
	at com.netflix.discovery.shared.transport.decorator.EurekaHttpClientDecorator.sendHeartBeat(EurekaHttpClientDecorator.java:89)
	at com.netflix.discovery.shared.transport.decorator.EurekaHttpClientDecorator$3.execute(EurekaHttpClientDecorator.java:92)
	at com.netflix.discovery.shared.transport.decorator.SessionedEurekaHttpClient.execute(SessionedEurekaHttpClient.java:76)
	at com.netflix.discovery.shared.transport.decorator.EurekaHttpClientDecorator.sendHeartBeat(EurekaHttpClientDecorator.java:89)
	at com.netflix.discovery.DiscoveryClient.renew(DiscoveryClient.java:845)
	at com.netflix.discovery.DiscoveryClient$HeartbeatThread.run(DiscoveryClient.java:1402)
	at java.base/java.util.concurrent.Executors$RunnableAdapter.call(Executors.java:539)
	at java.base/java.util.concurrent.FutureTask.run(FutureTask.java:264)
	at java.base/java.util.concurrent.ThreadPoolExecutor.runWorker(ThreadPoolExecutor.java:1136)
	at java.base/java.util.concurrent.ThreadPoolExecutor$Worker.run(ThreadPoolExecutor.java:635)
	at java.base/java.lang.Thread.run(Thread.java:842)

2026-09-08 21:04:43.624  WARN [payment-service] [traceId=NO_TRACE] [tenantId=default] [foReplicator-%d] c.n.d.s.t.d.RetryableEurekaHttpClient    : Request execution failed with message: I/O error on POST request for "http://localhost:8761/eureka/apps/PAYMENT-SERVICE": Connect to http://localhost:8761 [localhost/127.0.0.1, localhost/0:0:0:0:0:0:0:1] failed: Connection refused: no further information
2026-09-08 21:04:43.624  WARN [payment-service] [traceId=NO_TRACE] [tenantId=default] [foReplicator-%d] com.netflix.discovery.DiscoveryClient    : DiscoveryClient_PAYMENT-SERVICE/localhost:payment-service:8085 - registration failed Cannot execute request on any known server

com.netflix.discovery.shared.transport.TransportException: Cannot execute request on any known server
	at com.netflix.discovery.shared.transport.decorator.RetryableEurekaHttpClient.execute(RetryableEurekaHttpClient.java:112)
	at com.netflix.discovery.shared.transport.decorator.EurekaHttpClientDecorator.register(EurekaHttpClientDecorator.java:56)
	at com.netflix.discovery.shared.transport.decorator.EurekaHttpClientDecorator$1.execute(EurekaHttpClientDecorator.java:59)
	at com.netflix.discovery.shared.transport.decorator.SessionedEurekaHttpClient.execute(SessionedEurekaHttpClient.java:76)
	at com.netflix.discovery.shared.transport.decorator.EurekaHttpClientDecorator.register(EurekaHttpClientDecorator.java:56)
	at com.netflix.discovery.DiscoveryClient.register(DiscoveryClient.java:828)
	at com.netflix.discovery.InstanceInfoReplicator.run(InstanceInfoReplicator.java:125)
	at java.base/java.util.concurrent.Executors$RunnableAdapter.call(Executors.java:539)
	at java.base/java.util.concurrent.FutureTask.run(FutureTask.java:264)
	at java.base/java.util.concurrent.ScheduledThreadPoolExecutor$ScheduledFutureTask.run(ScheduledThreadPoolExecutor.java:304)
	at java.base/java.util.concurrent.ThreadPoolExecutor.runWorker(ThreadPoolExecutor.java:1136)
	at java.base/java.util.concurrent.ThreadPoolExecutor$Worker.run(ThreadPoolExecutor.java:635)
	at java.base/java.lang.Thread.run(Thread.java:842)

2026-09-08 21:04:43.624  WARN [payment-service] [traceId=NO_TRACE] [tenantId=default] [foReplicator-%d] c.n.discovery.InstanceInfoReplicator     : There was a problem with the instance info replicator

com.netflix.discovery.shared.transport.TransportException: Cannot execute request on any known server
	at com.netflix.discovery.shared.transport.decorator.RetryableEurekaHttpClient.execute(RetryableEurekaHttpClient.java:112)
	at com.netflix.discovery.shared.transport.decorator.EurekaHttpClientDecorator.register(EurekaHttpClientDecorator.java:56)
	at com.netflix.discovery.shared.transport.decorator.EurekaHttpClientDecorator$1.execute(EurekaHttpClientDecorator.java:59)
	at com.netflix.discovery.shared.transport.decorator.SessionedEurekaHttpClient.execute(SessionedEurekaHttpClient.java:76)
	at com.netflix.discovery.shared.transport.decorator.EurekaHttpClientDecorator.register(EurekaHttpClientDecorator.java:56)
	at com.netflix.discovery.DiscoveryClient.register(DiscoveryClient.java:828)
	at com.netflix.discovery.InstanceInfoReplicator.run(InstanceInfoReplicator.java:125)
	at java.base/java.util.concurrent.Executors$RunnableAdapter.call(Executors.java:539)
	at java.base/java.util.concurrent.FutureTask.run(FutureTask.java:264)
	at java.base/java.util.concurrent.ScheduledThreadPoolExecutor$ScheduledFutureTask.run(ScheduledThreadPoolExecutor.java:304)
	at java.base/java.util.concurrent.ThreadPoolExecutor.runWorker(ThreadPoolExecutor.java:1136)
	at java.base/java.util.concurrent.ThreadPoolExecutor$Worker.run(ThreadPoolExecutor.java:635)
	at java.base/java.lang.Thread.run(Thread.java:842)

2026-09-08 21:05:13.521  WARN [payment-service] [traceId=NO_TRACE] [tenantId=default] [reshExecutor-%d] c.n.d.s.t.d.RetryableEurekaHttpClient    : Request execution failed with message: I/O error on GET request for "http://localhost:8761/eureka/apps/": Connect to http://localhost:8761 [localhost/127.0.0.1, localhost/0:0:0:0:0:0:0:1] failed: Connection refused: no further information
2026-09-08 21:05:13.549  WARN [payment-service] [traceId=NO_TRACE] [tenantId=default] [beatExecutor-%d] c.n.d.s.t.d.RetryableEurekaHttpClient    : Request execution failed with message: I/O error on PUT request for "http://localhost:8761/eureka/apps/PAYMENT-SERVICE/localhost:payment-service:8085": Connect to http://localhost:8761 [localhost/127.0.0.1, localhost/0:0:0:0:0:0:0:1] failed: Connection refused: no further information
2026-09-08 21:05:13.549 ERROR [payment-service] [traceId=NO_TRACE] [tenantId=default] [beatExecutor-%d] com.netflix.discovery.DiscoveryClient    : DiscoveryClient_PAYMENT-SERVICE/localhost:payment-service:8085 - was unable to send heartbeat!

com.netflix.discovery.shared.transport.TransportException: Cannot execute request on any known server
	at com.netflix.discovery.shared.transport.decorator.RetryableEurekaHttpClient.execute(RetryableEurekaHttpClient.java:112)
	at com.netflix.discovery.shared.transport.decorator.EurekaHttpClientDecorator.sendHeartBeat(EurekaHttpClientDecorator.java:89)
	at com.netflix.discovery.shared.transport.decorator.EurekaHttpClientDecorator$3.execute(EurekaHttpClientDecorator.java:92)
	at com.netflix.discovery.shared.transport.decorator.SessionedEurekaHttpClient.execute(SessionedEurekaHttpClient.java:76)
	at com.netflix.discovery.shared.transport.decorator.EurekaHttpClientDecorator.sendHeartBeat(EurekaHttpClientDecorator.java:89)
	at com.netflix.discovery.DiscoveryClient.renew(DiscoveryClient.java:845)
	at com.netflix.discovery.DiscoveryClient$HeartbeatThread.run(DiscoveryClient.java:1402)
	at java.base/java.util.concurrent.Executors$RunnableAdapter.call(Executors.java:539)
	at java.base/java.util.concurrent.FutureTask.run(FutureTask.java:264)
	at java.base/java.util.concurrent.ThreadPoolExecutor.runWorker(ThreadPoolExecutor.java:1136)
	at java.base/java.util.concurrent.ThreadPoolExecutor$Worker.run(ThreadPoolExecutor.java:635)
	at java.base/java.lang.Thread.run(Thread.java:842)

2026-09-08 21:05:13.641  WARN [payment-service] [traceId=NO_TRACE] [tenantId=default] [foReplicator-%d] c.n.d.s.t.d.RetryableEurekaHttpClient    : Request execution failed with message: I/O error on POST request for "http://localhost:8761/eureka/apps/PAYMENT-SERVICE": Connect to http://localhost:8761 [localhost/127.0.0.1, localhost/0:0:0:0:0:0:0:1] failed: Connection refused: no further information
2026-09-08 21:05:13.641  WARN [payment-service] [traceId=NO_TRACE] [tenantId=default] [foReplicator-%d] com.netflix.discovery.DiscoveryClient    : DiscoveryClient_PAYMENT-SERVICE/localhost:payment-service:8085 - registration failed Cannot execute request on any known server

com.netflix.discovery.shared.transport.TransportException: Cannot execute request on any known server
	at com.netflix.discovery.shared.transport.decorator.RetryableEurekaHttpClient.execute(RetryableEurekaHttpClient.java:112)
	at com.netflix.discovery.shared.transport.decorator.EurekaHttpClientDecorator.register(EurekaHttpClientDecorator.java:56)
	at com.netflix.discovery.shared.transport.decorator.EurekaHttpClientDecorator$1.execute(EurekaHttpClientDecorator.java:59)
	at com.netflix.discovery.shared.transport.decorator.SessionedEurekaHttpClient.execute(SessionedEurekaHttpClient.java:76)
	at com.netflix.discovery.shared.transport.decorator.EurekaHttpClientDecorator.register(EurekaHttpClientDecorator.java:56)
	at com.netflix.discovery.DiscoveryClient.register(DiscoveryClient.java:828)
	at com.netflix.discovery.InstanceInfoReplicator.run(InstanceInfoReplicator.java:125)
	at java.base/java.util.concurrent.Executors$RunnableAdapter.call(Executors.java:539)
	at java.base/java.util.concurrent.FutureTask.run(FutureTask.java:264)
	at java.base/java.util.concurrent.ScheduledThreadPoolExecutor$ScheduledFutureTask.run(ScheduledThreadPoolExecutor.java:304)
	at java.base/java.util.concurrent.ThreadPoolExecutor.runWorker(ThreadPoolExecutor.java:1136)
	at java.base/java.util.concurrent.ThreadPoolExecutor$Worker.run(ThreadPoolExecutor.java:635)
	at java.base/java.lang.Thread.run(Thread.java:842)

2026-09-08 21:05:13.641  WARN [payment-service] [traceId=NO_TRACE] [tenantId=default] [foReplicator-%d] c.n.discovery.InstanceInfoReplicator     : There was a problem with the instance info replicator

com.netflix.discovery.shared.transport.TransportException: Cannot execute request on any known server
	at com.netflix.discovery.shared.transport.decorator.RetryableEurekaHttpClient.execute(RetryableEurekaHttpClient.java:112)
	at com.netflix.discovery.shared.transport.decorator.EurekaHttpClientDecorator.register(EurekaHttpClientDecorator.java:56)
	at com.netflix.discovery.shared.transport.decorator.EurekaHttpClientDecorator$1.execute(EurekaHttpClientDecorator.java:59)
	at com.netflix.discovery.shared.transport.decorator.SessionedEurekaHttpClient.execute(SessionedEurekaHttpClient.java:76)
	at com.netflix.discovery.shared.transport.decorator.EurekaHttpClientDecorator.register(EurekaHttpClientDecorator.java:56)
	at com.netflix.discovery.DiscoveryClient.register(DiscoveryClient.java:828)
	at com.netflix.discovery.InstanceInfoReplicator.run(InstanceInfoReplicator.java:125)
	at java.base/java.util.concurrent.Executors$RunnableAdapter.call(Executors.java:539)
	at java.base/java.util.concurrent.FutureTask.run(FutureTask.java:264)
	at java.base/java.util.concurrent.ScheduledThreadPoolExecutor$ScheduledFutureTask.run(ScheduledThreadPoolExecutor.java:304)
	at java.base/java.util.concurrent.ThreadPoolExecutor.runWorker(ThreadPoolExecutor.java:1136)
	at java.base/java.util.concurrent.ThreadPoolExecutor$Worker.run(ThreadPoolExecutor.java:635)
	at java.base/java.lang.Thread.run(Thread.java:842)

2026-09-08 21:05:43.579  WARN [payment-service] [traceId=NO_TRACE] [tenantId=default] [reshExecutor-%d] c.n.d.s.t.d.RetryableEurekaHttpClient    : Request execution failed with message: I/O error on GET request for "http://localhost:8761/eureka/apps/": Connect to http://localhost:8761 [localhost/127.0.0.1, localhost/0:0:0:0:0:0:0:1] failed: Connection refused: no further information
2026-09-08 21:05:43.579  WARN [payment-service] [traceId=NO_TRACE] [tenantId=default] [beatExecutor-%d] c.n.d.s.t.d.RetryableEurekaHttpClient    : Request execution failed with message: I/O error on PUT request for "http://localhost:8761/eureka/apps/PAYMENT-SERVICE/localhost:payment-service:8085": Connect to http://localhost:8761 [localhost/127.0.0.1, localhost/0:0:0:0:0:0:0:1] failed: Connection refused: no further information
2026-09-08 21:05:43.579 ERROR [payment-service] [traceId=NO_TRACE] [tenantId=default] [beatExecutor-%d] com.netflix.discovery.DiscoveryClient    : DiscoveryClient_PAYMENT-SERVICE/localhost:payment-service:8085 - was unable to send heartbeat!

com.netflix.discovery.shared.transport.TransportException: Cannot execute request on any known server
	at com.netflix.discovery.shared.transport.decorator.RetryableEurekaHttpClient.execute(RetryableEurekaHttpClient.java:112)
	at com.netflix.discovery.shared.transport.decorator.EurekaHttpClientDecorator.sendHeartBeat(EurekaHttpClientDecorator.java:89)
	at com.netflix.discovery.shared.transport.decorator.EurekaHttpClientDecorator$3.execute(EurekaHttpClientDecorator.java:92)
	at com.netflix.discovery.shared.transport.decorator.SessionedEurekaHttpClient.execute(SessionedEurekaHttpClient.java:76)
	at com.netflix.discovery.shared.transport.decorator.EurekaHttpClientDecorator.sendHeartBeat(EurekaHttpClientDecorator.java:89)
	at com.netflix.discovery.DiscoveryClient.renew(DiscoveryClient.java:845)
	at com.netflix.discovery.DiscoveryClient$HeartbeatThread.run(DiscoveryClient.java:1402)
	at java.base/java.util.concurrent.Executors$RunnableAdapter.call(Executors.java:539)
	at java.base/java.util.concurrent.FutureTask.run(FutureTask.java:264)
	at java.base/java.util.concurrent.ThreadPoolExecutor.runWorker(ThreadPoolExecutor.java:1136)
	at java.base/java.util.concurrent.ThreadPoolExecutor$Worker.run(ThreadPoolExecutor.java:635)
	at java.base/java.lang.Thread.run(Thread.java:842)

2026-09-08 21:05:43.666  WARN [payment-service] [traceId=NO_TRACE] [tenantId=default] [foReplicator-%d] c.n.d.s.t.d.RetryableEurekaHttpClient    : Request execution failed with message: I/O error on POST request for "http://localhost:8761/eureka/apps/PAYMENT-SERVICE": Connect to http://localhost:8761 [localhost/127.0.0.1, localhost/0:0:0:0:0:0:0:1] failed: Connection refused: no further information
2026-09-08 21:05:43.666  WARN [payment-service] [traceId=NO_TRACE] [tenantId=default] [foReplicator-%d] com.netflix.discovery.DiscoveryClient    : DiscoveryClient_PAYMENT-SERVICE/localhost:payment-service:8085 - registration failed Cannot execute request on any known server

com.netflix.discovery.shared.transport.TransportException: Cannot execute request on any known server
	at com.netflix.discovery.shared.transport.decorator.RetryableEurekaHttpClient.execute(RetryableEurekaHttpClient.java:112)
	at com.netflix.discovery.shared.transport.decorator.EurekaHttpClientDecorator.register(EurekaHttpClientDecorator.java:56)
	at com.netflix.discovery.shared.transport.decorator.EurekaHttpClientDecorator$1.execute(EurekaHttpClientDecorator.java:59)
	at com.netflix.discovery.shared.transport.decorator.SessionedEurekaHttpClient.execute(SessionedEurekaHttpClient.java:76)
	at com.netflix.discovery.shared.transport.decorator.EurekaHttpClientDecorator.register(EurekaHttpClientDecorator.java:56)
	at com.netflix.discovery.DiscoveryClient.register(DiscoveryClient.java:828)
	at com.netflix.discovery.InstanceInfoReplicator.run(InstanceInfoReplicator.java:125)
	at java.base/java.util.concurrent.Executors$RunnableAdapter.call(Executors.java:539)
	at java.base/java.util.concurrent.FutureTask.run(FutureTask.java:264)
	at java.base/java.util.concurrent.ScheduledThreadPoolExecutor$ScheduledFutureTask.run(ScheduledThreadPoolExecutor.java:304)
	at java.base/java.util.concurrent.ThreadPoolExecutor.runWorker(ThreadPoolExecutor.java:1136)
	at java.base/java.util.concurrent.ThreadPoolExecutor$Worker.run(ThreadPoolExecutor.java:635)
	at java.base/java.lang.Thread.run(Thread.java:842)

2026-09-08 21:05:43.666  WARN [payment-service] [traceId=NO_TRACE] [tenantId=default] [foReplicator-%d] c.n.discovery.InstanceInfoReplicator     : There was a problem with the instance info replicator

com.netflix.discovery.shared.transport.TransportException: Cannot execute request on any known server
	at com.netflix.discovery.shared.transport.decorator.RetryableEurekaHttpClient.execute(RetryableEurekaHttpClient.java:112)
	at com.netflix.discovery.shared.transport.decorator.EurekaHttpClientDecorator.register(EurekaHttpClientDecorator.java:56)
	at com.netflix.discovery.shared.transport.decorator.EurekaHttpClientDecorator$1.execute(EurekaHttpClientDecorator.java:59)
	at com.netflix.discovery.shared.transport.decorator.SessionedEurekaHttpClient.execute(SessionedEurekaHttpClient.java:76)
	at com.netflix.discovery.shared.transport.decorator.EurekaHttpClientDecorator.register(EurekaHttpClientDecorator.java:56)
	at com.netflix.discovery.DiscoveryClient.register(DiscoveryClient.java:828)
	at com.netflix.discovery.InstanceInfoReplicator.run(InstanceInfoReplicator.java:125)
	at java.base/java.util.concurrent.Executors$RunnableAdapter.call(Executors.java:539)
	at java.base/java.util.concurrent.FutureTask.run(FutureTask.java:264)
	at java.base/java.util.concurrent.ScheduledThreadPoolExecutor$ScheduledFutureTask.run(ScheduledThreadPoolExecutor.java:304)
	at java.base/java.util.concurrent.ThreadPoolExecutor.runWorker(ThreadPoolExecutor.java:1136)
	at java.base/java.util.concurrent.ThreadPoolExecutor$Worker.run(ThreadPoolExecutor.java:635)
	at java.base/java.lang.Thread.run(Thread.java:842)

2026-09-08 21:05:57.600  INFO [auth-service] [traceId=NO_TRACE] [tenantId=default] [nio-8081-exec-1] o.a.c.c.C.[Tomcat].[localhost].[/]       : Initializing Spring DispatcherServlet 'dispatcherServlet'
2026-09-08 21:05:57.600  INFO [auth-service] [traceId=NO_TRACE] [tenantId=default] [nio-8081-exec-1] o.s.web.servlet.DispatcherServlet        : Initializing Servlet 'dispatcherServlet'
2026-09-08 21:05:57.604  INFO [auth-service] [traceId=NO_TRACE] [tenantId=default] [nio-8081-exec-1] o.s.web.servlet.DispatcherServlet        : Completed initialization in 3 ms
2026-09-08 21:05:57.612 DEBUG [auth-service] [traceId=tr_7bed15aa7ddb4bbb] [tenantId=default] [nio-8081-exec-1] com.liochio.common.filter.TenantFilter   : [TenantFilter] Đã nạp Tenant ID: 'default' cho URI: /api/v1/auth/login
2026-09-08 21:05:57.984 DEBUG [auth-service] [traceId=tr_7bed15aa7ddb4bbb] [tenantId=default] [nio-8081-exec-1] c.liochio.common.advice.LoggingAspect    : [EXECUTION] com.liochio.common.service.SystemConfigService.getInt() hoàn tất trong 20 ms
2026-09-08 21:05:57.989 DEBUG [auth-service] [traceId=tr_7bed15aa7ddb4bbb] [tenantId=default] [nio-8081-exec-1] c.liochio.common.advice.LoggingAspect    : [EXECUTION] com.liochio.common.service.SystemConfigService.getInt() hoàn tất trong 4 ms
2026-09-08 21:05:58.323  INFO [auth-service] [traceId=tr_7bed15aa7ddb4bbb] [tenantId=default] [nio-8081-exec-1] c.l.auth.service.LoginSecurityService    : [LoginSecurityService] Đã ghi nhận lịch sử bảo mật: User='superadmin', Status='SUCCESS', Reason='Đăng nhập thành công'
2026-09-08 21:05:58.323 DEBUG [auth-service] [traceId=tr_7bed15aa7ddb4bbb] [tenantId=default] [nio-8081-exec-1] c.liochio.common.advice.LoggingAspect    : [EXECUTION] com.liochio.auth.service.LoginSecurityService.recordSuccessfulLogin() hoàn tất trong 50 ms
2026-09-08 21:05:58.344 DEBUG [auth-service] [traceId=tr_7bed15aa7ddb4bbb] [tenantId=default] [nio-8081-exec-1] c.liochio.common.advice.LoggingAspect    : [EXECUTION] com.liochio.auth.service.DeviceService.getOrCreateDevice() hoàn tất trong 14 ms
2026-09-08 21:05:58.474 DEBUG [auth-service] [traceId=tr_7bed15aa7ddb4bbb] [tenantId=default] [nio-8081-exec-1] c.liochio.common.advice.LoggingAspect    : [EXECUTION] com.liochio.auth.service.SessionService.kickOutOtherMobileSessions() hoàn tất trong 7 ms
2026-09-08 21:05:58.479  INFO [auth-service] [traceId=tr_7bed15aa7ddb4bbb] [tenantId=default] [nio-8081-exec-1] c.liochio.auth.service.SessionService    : [SessionService] Tạo phiên mới: SessionID=sess_727bd72b2fd24dbf9b00d969abd66c3f, UserID=1, DeviceID=fp_196e530f9c611ded
2026-09-08 21:05:58.480 DEBUG [auth-service] [traceId=tr_7bed15aa7ddb4bbb] [tenantId=default] [nio-8081-exec-1] c.liochio.common.advice.LoggingAspect    : [EXECUTION] com.liochio.auth.service.SessionService.createSession() hoàn tất trong 6 ms
2026-09-08 21:05:58.499 DEBUG [auth-service] [traceId=tr_7bed15aa7ddb4bbb] [tenantId=default] [nio-8081-exec-1] c.liochio.common.advice.LoggingAspect    : [EXECUTION] com.liochio.auth.service.AuthService.login() hoàn tất trong 658 ms
2026-09-08 21:05:58.510 DEBUG [auth-service] [traceId=tr_7bed15aa7ddb4bbb] [tenantId=default] [nio-8081-exec-1] c.liochio.common.advice.LoggingAspect    : [EXECUTION] com.liochio.common.i18n.MessageService.getMessage() hoàn tất trong 1 ms
2026-09-08 21:05:58.511 DEBUG [auth-service] [traceId=tr_7bed15aa7ddb4bbb] [tenantId=default] [nio-8081-exec-1] c.liochio.common.advice.LoggingAspect    : [EXECUTION] com.liochio.auth.controller.AuthController.login() hoàn tất trong 679 ms
2026-09-08 21:06:06.155 DEBUG [auth-service] [traceId=tr_83180b281d2e4fee] [tenantId=default] [nio-8081-exec-2] com.liochio.common.filter.TenantFilter   : [TenantFilter] Đã nạp Tenant ID: 'default' cho URI: /api/v1/auth/login
2026-09-08 21:06:06.171 DEBUG [auth-service] [traceId=tr_83180b281d2e4fee] [tenantId=default] [nio-8081-exec-2] c.liochio.common.advice.LoggingAspect    : [EXECUTION] com.liochio.common.service.SystemConfigService.getInt() hoàn tất trong 0 ms
2026-09-08 21:06:06.171 DEBUG [auth-service] [traceId=tr_83180b281d2e4fee] [tenantId=default] [nio-8081-exec-2] c.liochio.common.advice.LoggingAspect    : [EXECUTION] com.liochio.common.service.SystemConfigService.getInt() hoàn tất trong 0 ms
2026-09-08 21:06:06.455  INFO [auth-service] [traceId=tr_83180b281d2e4fee] [tenantId=default] [nio-8081-exec-2] c.l.auth.service.LoginSecurityService    : [LoginSecurityService] Đã ghi nhận lịch sử bảo mật: User='superadmin', Status='SUCCESS', Reason='Đăng nhập thành công'
2026-09-08 21:06:06.455 DEBUG [auth-service] [traceId=tr_83180b281d2e4fee] [tenantId=default] [nio-8081-exec-2] c.liochio.common.advice.LoggingAspect    : [EXECUTION] com.liochio.auth.service.LoginSecurityService.recordSuccessfulLogin() hoàn tất trong 3 ms
2026-09-08 21:06:06.462 DEBUG [auth-service] [traceId=tr_83180b281d2e4fee] [tenantId=default] [nio-8081-exec-2] c.liochio.common.advice.LoggingAspect    : [EXECUTION] com.liochio.auth.service.DeviceService.getOrCreateDevice() hoàn tất trong 3 ms
2026-09-08 21:06:06.476 DEBUG [auth-service] [traceId=tr_83180b281d2e4fee] [tenantId=default] [nio-8081-exec-2] c.liochio.common.advice.LoggingAspect    : [EXECUTION] com.liochio.auth.service.SessionService.kickOutOtherMobileSessions() hoàn tất trong 2 ms
2026-09-08 21:06:06.479  INFO [auth-service] [traceId=tr_83180b281d2e4fee] [tenantId=default] [nio-8081-exec-2] c.liochio.auth.service.SessionService    : [SessionService] Tạo phiên mới: SessionID=sess_e4df702a51124c60b329d8fd016fe655, UserID=1, DeviceID=fp_196e530f9c611ded
2026-09-08 21:06:06.479 DEBUG [auth-service] [traceId=tr_83180b281d2e4fee] [tenantId=default] [nio-8081-exec-2] c.liochio.common.advice.LoggingAspect    : [EXECUTION] com.liochio.auth.service.SessionService.createSession() hoàn tất trong 3 ms
2026-09-08 21:06:06.493 DEBUG [auth-service] [traceId=tr_83180b281d2e4fee] [tenantId=default] [nio-8081-exec-2] c.liochio.common.advice.LoggingAspect    : [EXECUTION] com.liochio.auth.service.AuthService.login() hoàn tất trong 334 ms
2026-09-08 21:06:06.499 DEBUG [auth-service] [traceId=tr_83180b281d2e4fee] [tenantId=default] [nio-8081-exec-2] c.liochio.common.advice.LoggingAspect    : [EXECUTION] com.liochio.common.i18n.MessageService.getMessage() hoàn tất trong 1 ms
2026-09-08 21:06:06.499 DEBUG [auth-service] [traceId=tr_83180b281d2e4fee] [tenantId=default] [nio-8081-exec-2] c.liochio.common.advice.LoggingAspect    : [EXECUTION] com.liochio.auth.controller.AuthController.login() hoàn tất trong 340 ms
2026-09-08 21:06:06.529 DEBUG [auth-service] [traceId=tr_06c58614cc694100] [tenantId=default] [nio-8081-exec-3] com.liochio.common.filter.TenantFilter   : [TenantFilter] Đã nạp Tenant ID: 'default' cho URI: /api/v1/auth/logout
2026-09-08 21:06:06.905 DEBUG [auth-service] [traceId=tr_06c58614cc694100] [tenantId=default] [nio-8081-exec-3] c.l.c.security.TokenBlacklistService     : [TokenBlacklist] Kiểm tra Redis lỗi, tiếp tục: Unable to connect to Redis
2026-09-08 21:06:06.956 DEBUG [auth-service] [traceId=tr_06c58614cc694100] [tenantId=default] [nio-8081-exec-3] c.liochio.common.advice.LoggingAspect    : [EXECUTION] com.liochio.common.security.TokenBlacklistService.isBlacklisted() hoàn tất trong 427 ms
2026-09-08 21:06:06.980  WARN [auth-service] [traceId=tr_06c58614cc694100] [tenantId=default] [nio-8081-exec-3] c.l.c.security.TokenBlacklistService     : [TokenBlacklist] Không thể ghi Redis, sử dụng L1 Cache dự phòng: Unable to connect to Redis
2026-09-08 21:06:06.980 DEBUG [auth-service] [traceId=tr_06c58614cc694100] [tenantId=default] [nio-8081-exec-3] c.liochio.common.advice.LoggingAspect    : [EXECUTION] com.liochio.common.security.TokenBlacklistService.blacklistToken() hoàn tất trong 5 ms
2026-09-08 21:06:06.986  WARN [auth-service] [traceId=tr_06c58614cc694100] [tenantId=default] [nio-8081-exec-3] c.l.c.security.TokenBlacklistService     : [TokenBlacklist] Không thể ghi Session vào Redis: Unable to connect to Redis
2026-09-08 21:06:06.987 DEBUG [auth-service] [traceId=tr_06c58614cc694100] [tenantId=default] [nio-8081-exec-3] c.liochio.common.advice.LoggingAspect    : [EXECUTION] com.liochio.common.security.TokenBlacklistService.blacklistSession() hoàn tất trong 4 ms
2026-09-08 21:06:06.987  INFO [auth-service] [traceId=tr_06c58614cc694100] [tenantId=default] [nio-8081-exec-3] c.liochio.auth.service.SessionService    : [SessionService] Đã thu hồi phiên: ID=sess_e4df702a51124c60b329d8fd016fe655, Reason=LOGOUT
2026-09-08 21:06:06.988 DEBUG [auth-service] [traceId=tr_06c58614cc694100] [tenantId=default] [nio-8081-exec-3] c.liochio.common.advice.LoggingAspect    : [EXECUTION] com.liochio.auth.service.SessionService.revokeSession() hoàn tất trong 7 ms
2026-09-08 21:06:06.988  INFO [auth-service] [traceId=tr_06c58614cc694100] [tenantId=default] [nio-8081-exec-3] com.liochio.auth.service.AuthService     : [AuthService] Đăng xuất phiên thành công cho User ID: 1
2026-09-08 21:06:06.989 DEBUG [auth-service] [traceId=tr_06c58614cc694100] [tenantId=default] [nio-8081-exec-3] c.liochio.common.advice.LoggingAspect    : [EXECUTION] com.liochio.auth.service.AuthService.logout() hoàn tất trong 17 ms
2026-09-08 21:06:06.992 DEBUG [auth-service] [traceId=tr_06c58614cc694100] [tenantId=default] [nio-8081-exec-3] c.liochio.common.advice.LoggingAspect    : [EXECUTION] com.liochio.common.i18n.MessageService.getMessage() hoàn tất trong 0 ms
2026-09-08 21:06:06.993 DEBUG [auth-service] [traceId=tr_06c58614cc694100] [tenantId=default] [nio-8081-exec-3] c.liochio.common.advice.LoggingAspect    : [EXECUTION] com.liochio.auth.controller.AuthController.logout() hoàn tất trong 21 ms
2026-09-08 21:06:07.023 DEBUG [auth-service] [traceId=tr_8ad4f6e54d6c49d7] [tenantId=default] [nio-8081-exec-4] com.liochio.common.filter.TenantFilter   : [TenantFilter] Đã nạp Tenant ID: 'default' cho URI: /api/v1/auth/users
2026-09-08 21:06:07.027 DEBUG [auth-service] [traceId=tr_8ad4f6e54d6c49d7] [tenantId=default] [nio-8081-exec-4] c.liochio.common.advice.LoggingAspect    : [EXECUTION] com.liochio.common.security.TokenBlacklistService.isBlacklisted() hoàn tất trong 0 ms
2026-09-08 21:06:07.027  WARN [auth-service] [traceId=tr_8ad4f6e54d6c49d7] [tenantId=default] [nio-8081-exec-4] c.l.c.security.JwtAuthenticationFilter   : [JwtAuthenticationFilter] Phát hiện Token đã bị thu hồi / Blacklisted tại URI: /api/v1/auth/users
2026-09-08 21:06:13.594  WARN [payment-service] [traceId=NO_TRACE] [tenantId=default] [beatExecutor-%d] c.n.d.s.t.d.RetryableEurekaHttpClient    : Request execution failed with message: I/O error on PUT request for "http://localhost:8761/eureka/apps/PAYMENT-SERVICE/localhost:payment-service:8085": Connect to http://localhost:8761 [localhost/127.0.0.1, localhost/0:0:0:0:0:0:0:1] failed: Connection refused: no further information
2026-09-08 21:06:13.594 ERROR [payment-service] [traceId=NO_TRACE] [tenantId=default] [beatExecutor-%d] com.netflix.discovery.DiscoveryClient    : DiscoveryClient_PAYMENT-SERVICE/localhost:payment-service:8085 - was unable to send heartbeat!

com.netflix.discovery.shared.transport.TransportException: Cannot execute request on any known server
	at com.netflix.discovery.shared.transport.decorator.RetryableEurekaHttpClient.execute(RetryableEurekaHttpClient.java:112)
	at com.netflix.discovery.shared.transport.decorator.EurekaHttpClientDecorator.sendHeartBeat(EurekaHttpClientDecorator.java:89)
	at com.netflix.discovery.shared.transport.decorator.EurekaHttpClientDecorator$3.execute(EurekaHttpClientDecorator.java:92)
	at com.netflix.discovery.shared.transport.decorator.SessionedEurekaHttpClient.execute(SessionedEurekaHttpClient.java:76)
	at com.netflix.discovery.shared.transport.decorator.EurekaHttpClientDecorator.sendHeartBeat(EurekaHttpClientDecorator.java:89)
	at com.netflix.discovery.DiscoveryClient.renew(DiscoveryClient.java:845)
	at com.netflix.discovery.DiscoveryClient$HeartbeatThread.run(DiscoveryClient.java:1402)
	at java.base/java.util.concurrent.Executors$RunnableAdapter.call(Executors.java:539)
	at java.base/java.util.concurrent.FutureTask.run(FutureTask.java:264)
	at java.base/java.util.concurrent.ThreadPoolExecutor.runWorker(ThreadPoolExecutor.java:1136)
	at java.base/java.util.concurrent.ThreadPoolExecutor$Worker.run(ThreadPoolExecutor.java:635)
	at java.base/java.lang.Thread.run(Thread.java:842)

2026-09-08 21:06:13.632  WARN [payment-service] [traceId=NO_TRACE] [tenantId=default] [reshExecutor-%d] c.n.d.s.t.d.RetryableEurekaHttpClient    : Request execution failed with message: I/O error on GET request for "http://localhost:8761/eureka/apps/": Connect to http://localhost:8761 [localhost/127.0.0.1, localhost/0:0:0:0:0:0:0:1] failed: Connection refused: no further information
2026-09-08 21:06:13.726  WARN [payment-service] [traceId=NO_TRACE] [tenantId=default] [foReplicator-%d] c.n.d.s.t.d.RetryableEurekaHttpClient    : Request execution failed with message: I/O error on POST request for "http://localhost:8761/eureka/apps/PAYMENT-SERVICE": Connect to http://localhost:8761 [localhost/127.0.0.1, localhost/0:0:0:0:0:0:0:1] failed: Connection refused: no further information
2026-09-08 21:06:13.726  WARN [payment-service] [traceId=NO_TRACE] [tenantId=default] [foReplicator-%d] com.netflix.discovery.DiscoveryClient    : DiscoveryClient_PAYMENT-SERVICE/localhost:payment-service:8085 - registration failed Cannot execute request on any known server

com.netflix.discovery.shared.transport.TransportException: Cannot execute request on any known server
	at com.netflix.discovery.shared.transport.decorator.RetryableEurekaHttpClient.execute(RetryableEurekaHttpClient.java:112)
	at com.netflix.discovery.shared.transport.decorator.EurekaHttpClientDecorator.register(EurekaHttpClientDecorator.java:56)
	at com.netflix.discovery.shared.transport.decorator.EurekaHttpClientDecorator$1.execute(EurekaHttpClientDecorator.java:59)
	at com.netflix.discovery.shared.transport.decorator.SessionedEurekaHttpClient.execute(SessionedEurekaHttpClient.java:76)
	at com.netflix.discovery.shared.transport.decorator.EurekaHttpClientDecorator.register(EurekaHttpClientDecorator.java:56)
	at com.netflix.discovery.DiscoveryClient.register(DiscoveryClient.java:828)
	at com.netflix.discovery.InstanceInfoReplicator.run(InstanceInfoReplicator.java:125)
	at java.base/java.util.concurrent.Executors$RunnableAdapter.call(Executors.java:539)
	at java.base/java.util.concurrent.FutureTask.run(FutureTask.java:264)
	at java.base/java.util.concurrent.ScheduledThreadPoolExecutor$ScheduledFutureTask.run(ScheduledThreadPoolExecutor.java:304)
	at java.base/java.util.concurrent.ThreadPoolExecutor.runWorker(ThreadPoolExecutor.java:1136)
	at java.base/java.util.concurrent.ThreadPoolExecutor$Worker.run(ThreadPoolExecutor.java:635)
	at java.base/java.lang.Thread.run(Thread.java:842)

2026-09-08 21:06:13.726  WARN [payment-service] [traceId=NO_TRACE] [tenantId=default] [foReplicator-%d] c.n.discovery.InstanceInfoReplicator     : There was a problem with the instance info replicator

com.netflix.discovery.shared.transport.TransportException: Cannot execute request on any known server
	at com.netflix.discovery.shared.transport.decorator.RetryableEurekaHttpClient.execute(RetryableEurekaHttpClient.java:112)
	at com.netflix.discovery.shared.transport.decorator.EurekaHttpClientDecorator.register(EurekaHttpClientDecorator.java:56)
	at com.netflix.discovery.shared.transport.decorator.EurekaHttpClientDecorator$1.execute(EurekaHttpClientDecorator.java:59)
	at com.netflix.discovery.shared.transport.decorator.SessionedEurekaHttpClient.execute(SessionedEurekaHttpClient.java:76)
	at com.netflix.discovery.shared.transport.decorator.EurekaHttpClientDecorator.register(EurekaHttpClientDecorator.java:56)
	at com.netflix.discovery.DiscoveryClient.register(DiscoveryClient.java:828)
	at com.netflix.discovery.InstanceInfoReplicator.run(InstanceInfoReplicator.java:125)
	at java.base/java.util.concurrent.Executors$RunnableAdapter.call(Executors.java:539)
	at java.base/java.util.concurrent.FutureTask.run(FutureTask.java:264)
	at java.base/java.util.concurrent.ScheduledThreadPoolExecutor$ScheduledFutureTask.run(ScheduledThreadPoolExecutor.java:304)
	at java.base/java.util.concurrent.ThreadPoolExecutor.runWorker(ThreadPoolExecutor.java:1136)
	at java.base/java.util.concurrent.ThreadPoolExecutor$Worker.run(ThreadPoolExecutor.java:635)
	at java.base/java.lang.Thread.run(Thread.java:842)

2026-09-08 21:06:43.615  WARN [payment-service] [traceId=NO_TRACE] [tenantId=default] [beatExecutor-%d] c.n.d.s.t.d.RetryableEurekaHttpClient    : Request execution failed with message: I/O error on PUT request for "http://localhost:8761/eureka/apps/PAYMENT-SERVICE/localhost:payment-service:8085": Connect to http://localhost:8761 [localhost/127.0.0.1, localhost/0:0:0:0:0:0:0:1] failed: Connection refused: no further information
2026-09-08 21:06:43.615 ERROR [payment-service] [traceId=NO_TRACE] [tenantId=default] [beatExecutor-%d] com.netflix.discovery.DiscoveryClient    : DiscoveryClient_PAYMENT-SERVICE/localhost:payment-service:8085 - was unable to send heartbeat!

com.netflix.discovery.shared.transport.TransportException: Cannot execute request on any known server
	at com.netflix.discovery.shared.transport.decorator.RetryableEurekaHttpClient.execute(RetryableEurekaHttpClient.java:112)
	at com.netflix.discovery.shared.transport.decorator.EurekaHttpClientDecorator.sendHeartBeat(EurekaHttpClientDecorator.java:89)
	at com.netflix.discovery.shared.transport.decorator.EurekaHttpClientDecorator$3.execute(EurekaHttpClientDecorator.java:92)
	at com.netflix.discovery.shared.transport.decorator.SessionedEurekaHttpClient.execute(SessionedEurekaHttpClient.java:76)
	at com.netflix.discovery.shared.transport.decorator.EurekaHttpClientDecorator.sendHeartBeat(EurekaHttpClientDecorator.java:89)
	at com.netflix.discovery.DiscoveryClient.renew(DiscoveryClient.java:845)
	at com.netflix.discovery.DiscoveryClient$HeartbeatThread.run(DiscoveryClient.java:1402)
	at java.base/java.util.concurrent.Executors$RunnableAdapter.call(Executors.java:539)
	at java.base/java.util.concurrent.FutureTask.run(FutureTask.java:264)
	at java.base/java.util.concurrent.ThreadPoolExecutor.runWorker(ThreadPoolExecutor.java:1136)
	at java.base/java.util.concurrent.ThreadPoolExecutor$Worker.run(ThreadPoolExecutor.java:635)
	at java.base/java.lang.Thread.run(Thread.java:842)

2026-09-08 21:06:43.647  WARN [payment-service] [traceId=NO_TRACE] [tenantId=default] [reshExecutor-%d] c.n.d.s.t.d.RetryableEurekaHttpClient    : Request execution failed with message: I/O error on GET request for "http://localhost:8761/eureka/apps/": Connect to http://localhost:8761 [localhost/127.0.0.1, localhost/0:0:0:0:0:0:0:1] failed: Connection refused: no further information
2026-09-08 21:06:43.780  WARN [payment-service] [traceId=NO_TRACE] [tenantId=default] [foReplicator-%d] c.n.d.s.t.d.RetryableEurekaHttpClient    : Request execution failed with message: I/O error on POST request for "http://localhost:8761/eureka/apps/PAYMENT-SERVICE": Connect to http://localhost:8761 [localhost/127.0.0.1, localhost/0:0:0:0:0:0:0:1] failed: Connection refused: no further information
2026-09-08 21:06:43.780  WARN [payment-service] [traceId=NO_TRACE] [tenantId=default] [foReplicator-%d] com.netflix.discovery.DiscoveryClient    : DiscoveryClient_PAYMENT-SERVICE/localhost:payment-service:8085 - registration failed Cannot execute request on any known server

com.netflix.discovery.shared.transport.TransportException: Cannot execute request on any known server
	at com.netflix.discovery.shared.transport.decorator.RetryableEurekaHttpClient.execute(RetryableEurekaHttpClient.java:112)
	at com.netflix.discovery.shared.transport.decorator.EurekaHttpClientDecorator.register(EurekaHttpClientDecorator.java:56)
	at com.netflix.discovery.shared.transport.decorator.EurekaHttpClientDecorator$1.execute(EurekaHttpClientDecorator.java:59)
	at com.netflix.discovery.shared.transport.decorator.SessionedEurekaHttpClient.execute(SessionedEurekaHttpClient.java:76)
	at com.netflix.discovery.shared.transport.decorator.EurekaHttpClientDecorator.register(EurekaHttpClientDecorator.java:56)
	at com.netflix.discovery.DiscoveryClient.register(DiscoveryClient.java:828)
	at com.netflix.discovery.InstanceInfoReplicator.run(InstanceInfoReplicator.java:125)
	at java.base/java.util.concurrent.Executors$RunnableAdapter.call(Executors.java:539)
	at java.base/java.util.concurrent.FutureTask.run(FutureTask.java:264)
	at java.base/java.util.concurrent.ScheduledThreadPoolExecutor$ScheduledFutureTask.run(ScheduledThreadPoolExecutor.java:304)
	at java.base/java.util.concurrent.ThreadPoolExecutor.runWorker(ThreadPoolExecutor.java:1136)
	at java.base/java.util.concurrent.ThreadPoolExecutor$Worker.run(ThreadPoolExecutor.java:635)
	at java.base/java.lang.Thread.run(Thread.java:842)

2026-09-08 21:06:43.781  WARN [payment-service] [traceId=NO_TRACE] [tenantId=default] [foReplicator-%d] c.n.discovery.InstanceInfoReplicator     : There was a problem with the instance info replicator

com.netflix.discovery.shared.transport.TransportException: Cannot execute request on any known server
	at com.netflix.discovery.shared.transport.decorator.RetryableEurekaHttpClient.execute(RetryableEurekaHttpClient.java:112)
	at com.netflix.discovery.shared.transport.decorator.EurekaHttpClientDecorator.register(EurekaHttpClientDecorator.java:56)
	at com.netflix.discovery.shared.transport.decorator.EurekaHttpClientDecorator$1.execute(EurekaHttpClientDecorator.java:59)
	at com.netflix.discovery.shared.transport.decorator.SessionedEurekaHttpClient.execute(SessionedEurekaHttpClient.java:76)
	at com.netflix.discovery.shared.transport.decorator.EurekaHttpClientDecorator.register(EurekaHttpClientDecorator.java:56)
	at com.netflix.discovery.DiscoveryClient.register(DiscoveryClient.java:828)
	at com.netflix.discovery.InstanceInfoReplicator.run(InstanceInfoReplicator.java:125)
	at java.base/java.util.concurrent.Executors$RunnableAdapter.call(Executors.java:539)
	at java.base/java.util.concurrent.FutureTask.run(FutureTask.java:264)
	at java.base/java.util.concurrent.ScheduledThreadPoolExecutor$ScheduledFutureTask.run(ScheduledThreadPoolExecutor.java:304)
	at java.base/java.util.concurrent.ThreadPoolExecutor.runWorker(ThreadPoolExecutor.java:1136)
	at java.base/java.util.concurrent.ThreadPoolExecutor$Worker.run(ThreadPoolExecutor.java:635)
	at java.base/java.lang.Thread.run(Thread.java:842)

2026-09-08 21:07:13.631  WARN [payment-service] [traceId=NO_TRACE] [tenantId=default] [beatExecutor-%d] c.n.d.s.t.d.RetryableEurekaHttpClient    : Request execution failed with message: I/O error on PUT request for "http://localhost:8761/eureka/apps/PAYMENT-SERVICE/localhost:payment-service:8085": Connect to http://localhost:8761 [localhost/127.0.0.1, localhost/0:0:0:0:0:0:0:1] failed: Connection refused: no further information
2026-09-08 21:07:13.631 ERROR [payment-service] [traceId=NO_TRACE] [tenantId=default] [beatExecutor-%d] com.netflix.discovery.DiscoveryClient    : DiscoveryClient_PAYMENT-SERVICE/localhost:payment-service:8085 - was unable to send heartbeat!

com.netflix.discovery.shared.transport.TransportException: Cannot execute request on any known server
	at com.netflix.discovery.shared.transport.decorator.RetryableEurekaHttpClient.execute(RetryableEurekaHttpClient.java:112)
	at com.netflix.discovery.shared.transport.decorator.EurekaHttpClientDecorator.sendHeartBeat(EurekaHttpClientDecorator.java:89)
	at com.netflix.discovery.shared.transport.decorator.EurekaHttpClientDecorator$3.execute(EurekaHttpClientDecorator.java:92)
	at com.netflix.discovery.shared.transport.decorator.SessionedEurekaHttpClient.execute(SessionedEurekaHttpClient.java:76)
	at com.netflix.discovery.shared.transport.decorator.EurekaHttpClientDecorator.sendHeartBeat(EurekaHttpClientDecorator.java:89)
	at com.netflix.discovery.DiscoveryClient.renew(DiscoveryClient.java:845)
	at com.netflix.discovery.DiscoveryClient$HeartbeatThread.run(DiscoveryClient.java:1402)
	at java.base/java.util.concurrent.Executors$RunnableAdapter.call(Executors.java:539)
	at java.base/java.util.concurrent.FutureTask.run(FutureTask.java:264)
	at java.base/java.util.concurrent.ThreadPoolExecutor.runWorker(ThreadPoolExecutor.java:1136)
	at java.base/java.util.concurrent.ThreadPoolExecutor$Worker.run(ThreadPoolExecutor.java:635)
	at java.base/java.lang.Thread.run(Thread.java:842)

2026-09-08 21:07:13.687  WARN [payment-service] [traceId=NO_TRACE] [tenantId=default] [reshExecutor-%d] c.n.d.s.t.d.RetryableEurekaHttpClient    : Request execution failed with message: I/O error on GET request for "http://localhost:8761/eureka/apps/": Connect to http://localhost:8761 [localhost/127.0.0.1, localhost/0:0:0:0:0:0:0:1] failed: Connection refused: no further information
2026-09-08 21:07:13.814  WARN [payment-service] [traceId=NO_TRACE] [tenantId=default] [foReplicator-%d] c.n.d.s.t.d.RetryableEurekaHttpClient    : Request execution failed with message: I/O error on POST request for "http://localhost:8761/eureka/apps/PAYMENT-SERVICE": Connect to http://localhost:8761 [localhost/127.0.0.1, localhost/0:0:0:0:0:0:0:1] failed: Connection refused: no further information
2026-09-08 21:07:13.814  WARN [payment-service] [traceId=NO_TRACE] [tenantId=default] [foReplicator-%d] com.netflix.discovery.DiscoveryClient    : DiscoveryClient_PAYMENT-SERVICE/localhost:payment-service:8085 - registration failed Cannot execute request on any known server

com.netflix.discovery.shared.transport.TransportException: Cannot execute request on any known server
	at com.netflix.discovery.shared.transport.decorator.RetryableEurekaHttpClient.execute(RetryableEurekaHttpClient.java:112)
	at com.netflix.discovery.shared.transport.decorator.EurekaHttpClientDecorator.register(EurekaHttpClientDecorator.java:56)
	at com.netflix.discovery.shared.transport.decorator.EurekaHttpClientDecorator$1.execute(EurekaHttpClientDecorator.java:59)
	at com.netflix.discovery.shared.transport.decorator.SessionedEurekaHttpClient.execute(SessionedEurekaHttpClient.java:76)
	at com.netflix.discovery.shared.transport.decorator.EurekaHttpClientDecorator.register(EurekaHttpClientDecorator.java:56)
	at com.netflix.discovery.DiscoveryClient.register(DiscoveryClient.java:828)
	at com.netflix.discovery.InstanceInfoReplicator.run(InstanceInfoReplicator.java:125)
	at java.base/java.util.concurrent.Executors$RunnableAdapter.call(Executors.java:539)
	at java.base/java.util.concurrent.FutureTask.run(FutureTask.java:264)
	at java.base/java.util.concurrent.ScheduledThreadPoolExecutor$ScheduledFutureTask.run(ScheduledThreadPoolExecutor.java:304)
	at java.base/java.util.concurrent.ThreadPoolExecutor.runWorker(ThreadPoolExecutor.java:1136)
	at java.base/java.util.concurrent.ThreadPoolExecutor$Worker.run(ThreadPoolExecutor.java:635)
	at java.base/java.lang.Thread.run(Thread.java:842)

2026-09-08 21:07:13.814  WARN [payment-service] [traceId=NO_TRACE] [tenantId=default] [foReplicator-%d] c.n.discovery.InstanceInfoReplicator     : There was a problem with the instance info replicator

com.netflix.discovery.shared.transport.TransportException: Cannot execute request on any known server
	at com.netflix.discovery.shared.transport.decorator.RetryableEurekaHttpClient.execute(RetryableEurekaHttpClient.java:112)
	at com.netflix.discovery.shared.transport.decorator.EurekaHttpClientDecorator.register(EurekaHttpClientDecorator.java:56)
	at com.netflix.discovery.shared.transport.decorator.EurekaHttpClientDecorator$1.execute(EurekaHttpClientDecorator.java:59)
	at com.netflix.discovery.shared.transport.decorator.SessionedEurekaHttpClient.execute(SessionedEurekaHttpClient.java:76)
	at com.netflix.discovery.shared.transport.decorator.EurekaHttpClientDecorator.register(EurekaHttpClientDecorator.java:56)
	at com.netflix.discovery.DiscoveryClient.register(DiscoveryClient.java:828)
	at com.netflix.discovery.InstanceInfoReplicator.run(InstanceInfoReplicator.java:125)
	at java.base/java.util.concurrent.Executors$RunnableAdapter.call(Executors.java:539)
	at java.base/java.util.concurrent.FutureTask.run(FutureTask.java:264)
	at java.base/java.util.concurrent.ScheduledThreadPoolExecutor$ScheduledFutureTask.run(ScheduledThreadPoolExecutor.java:304)
	at java.base/java.util.concurrent.ThreadPoolExecutor.runWorker(ThreadPoolExecutor.java:1136)
	at java.base/java.util.concurrent.ThreadPoolExecutor$Worker.run(ThreadPoolExecutor.java:635)
	at java.base/java.lang.Thread.run(Thread.java:842)

2026-09-08 21:07:43.672  WARN [payment-service] [traceId=NO_TRACE] [tenantId=default] [beatExecutor-%d] c.n.d.s.t.d.RetryableEurekaHttpClient    : Request execution failed with message: I/O error on PUT request for "http://localhost:8761/eureka/apps/PAYMENT-SERVICE/localhost:payment-service:8085": Connect to http://localhost:8761 [localhost/127.0.0.1, localhost/0:0:0:0:0:0:0:1] failed: Connection refused: no further information
2026-09-08 21:07:43.672 ERROR [payment-service] [traceId=NO_TRACE] [tenantId=default] [beatExecutor-%d] com.netflix.discovery.DiscoveryClient    : DiscoveryClient_PAYMENT-SERVICE/localhost:payment-service:8085 - was unable to send heartbeat!

com.netflix.discovery.shared.transport.TransportException: Cannot execute request on any known server
	at com.netflix.discovery.shared.transport.decorator.RetryableEurekaHttpClient.execute(RetryableEurekaHttpClient.java:112)
	at com.netflix.discovery.shared.transport.decorator.EurekaHttpClientDecorator.sendHeartBeat(EurekaHttpClientDecorator.java:89)
	at com.netflix.discovery.shared.transport.decorator.EurekaHttpClientDecorator$3.execute(EurekaHttpClientDecorator.java:92)
	at com.netflix.discovery.shared.transport.decorator.SessionedEurekaHttpClient.execute(SessionedEurekaHttpClient.java:76)
	at com.netflix.discovery.shared.transport.decorator.EurekaHttpClientDecorator.sendHeartBeat(EurekaHttpClientDecorator.java:89)
	at com.netflix.discovery.DiscoveryClient.renew(DiscoveryClient.java:845)
	at com.netflix.discovery.DiscoveryClient$HeartbeatThread.run(DiscoveryClient.java:1402)
	at java.base/java.util.concurrent.Executors$RunnableAdapter.call(Executors.java:539)
	at java.base/java.util.concurrent.FutureTask.run(FutureTask.java:264)
	at java.base/java.util.concurrent.ThreadPoolExecutor.runWorker(ThreadPoolExecutor.java:1136)
	at java.base/java.util.concurrent.ThreadPoolExecutor$Worker.run(ThreadPoolExecutor.java:635)
	at java.base/java.lang.Thread.run(Thread.java:842)

2026-09-08 21:07:43.735  WARN [payment-service] [traceId=NO_TRACE] [tenantId=default] [reshExecutor-%d] c.n.d.s.t.d.RetryableEurekaHttpClient    : Request execution failed with message: I/O error on GET request for "http://localhost:8761/eureka/apps/": Connect to http://localhost:8761 [localhost/127.0.0.1, localhost/0:0:0:0:0:0:0:1] failed: Connection refused: no further information
2026-09-08 21:07:43.875  WARN [payment-service] [traceId=NO_TRACE] [tenantId=default] [foReplicator-%d] c.n.d.s.t.d.RetryableEurekaHttpClient    : Request execution failed with message: I/O error on POST request for "http://localhost:8761/eureka/apps/PAYMENT-SERVICE": Connect to http://localhost:8761 [localhost/127.0.0.1, localhost/0:0:0:0:0:0:0:1] failed: Connection refused: no further information
2026-09-08 21:07:43.875  WARN [payment-service] [traceId=NO_TRACE] [tenantId=default] [foReplicator-%d] com.netflix.discovery.DiscoveryClient    : DiscoveryClient_PAYMENT-SERVICE/localhost:payment-service:8085 - registration failed Cannot execute request on any known server

com.netflix.discovery.shared.transport.TransportException: Cannot execute request on any known server
	at com.netflix.discovery.shared.transport.decorator.RetryableEurekaHttpClient.execute(RetryableEurekaHttpClient.java:112)
	at com.netflix.discovery.shared.transport.decorator.EurekaHttpClientDecorator.register(EurekaHttpClientDecorator.java:56)
	at com.netflix.discovery.shared.transport.decorator.EurekaHttpClientDecorator$1.execute(EurekaHttpClientDecorator.java:59)
	at com.netflix.discovery.shared.transport.decorator.SessionedEurekaHttpClient.execute(SessionedEurekaHttpClient.java:76)
	at com.netflix.discovery.shared.transport.decorator.EurekaHttpClientDecorator.register(EurekaHttpClientDecorator.java:56)
	at com.netflix.discovery.DiscoveryClient.register(DiscoveryClient.java:828)
	at com.netflix.discovery.InstanceInfoReplicator.run(InstanceInfoReplicator.java:125)
	at java.base/java.util.concurrent.Executors$RunnableAdapter.call(Executors.java:539)
	at java.base/java.util.concurrent.FutureTask.run(FutureTask.java:264)
	at java.base/java.util.concurrent.ScheduledThreadPoolExecutor$ScheduledFutureTask.run(ScheduledThreadPoolExecutor.java:304)
	at java.base/java.util.concurrent.ThreadPoolExecutor.runWorker(ThreadPoolExecutor.java:1136)
	at java.base/java.util.concurrent.ThreadPoolExecutor$Worker.run(ThreadPoolExecutor.java:635)
	at java.base/java.lang.Thread.run(Thread.java:842)

2026-09-08 21:07:43.875  WARN [payment-service] [traceId=NO_TRACE] [tenantId=default] [foReplicator-%d] c.n.discovery.InstanceInfoReplicator     : There was a problem with the instance info replicator

com.netflix.discovery.shared.transport.TransportException: Cannot execute request on any known server
	at com.netflix.discovery.shared.transport.decorator.RetryableEurekaHttpClient.execute(RetryableEurekaHttpClient.java:112)
	at com.netflix.discovery.shared.transport.decorator.EurekaHttpClientDecorator.register(EurekaHttpClientDecorator.java:56)
	at com.netflix.discovery.shared.transport.decorator.EurekaHttpClientDecorator$1.execute(EurekaHttpClientDecorator.java:59)
	at com.netflix.discovery.shared.transport.decorator.SessionedEurekaHttpClient.execute(SessionedEurekaHttpClient.java:76)
	at com.netflix.discovery.shared.transport.decorator.EurekaHttpClientDecorator.register(EurekaHttpClientDecorator.java:56)
	at com.netflix.discovery.DiscoveryClient.register(DiscoveryClient.java:828)
	at com.netflix.discovery.InstanceInfoReplicator.run(InstanceInfoReplicator.java:125)
	at java.base/java.util.concurrent.Executors$RunnableAdapter.call(Executors.java:539)
	at java.base/java.util.concurrent.FutureTask.run(FutureTask.java:264)
	at java.base/java.util.concurrent.ScheduledThreadPoolExecutor$ScheduledFutureTask.run(ScheduledThreadPoolExecutor.java:304)
	at java.base/java.util.concurrent.ThreadPoolExecutor.runWorker(ThreadPoolExecutor.java:1136)
	at java.base/java.util.concurrent.ThreadPoolExecutor$Worker.run(ThreadPoolExecutor.java:635)
	at java.base/java.lang.Thread.run(Thread.java:842)

2026-09-08 21:08:13.693  WARN [payment-service] [traceId=NO_TRACE] [tenantId=default] [beatExecutor-%d] c.n.d.s.t.d.RetryableEurekaHttpClient    : Request execution failed with message: I/O error on PUT request for "http://localhost:8761/eureka/apps/PAYMENT-SERVICE/localhost:payment-service:8085": Connect to http://localhost:8761 [localhost/127.0.0.1, localhost/0:0:0:0:0:0:0:1] failed: Connection refused: no further information
2026-09-08 21:08:13.693 ERROR [payment-service] [traceId=NO_TRACE] [tenantId=default] [beatExecutor-%d] com.netflix.discovery.DiscoveryClient    : DiscoveryClient_PAYMENT-SERVICE/localhost:payment-service:8085 - was unable to send heartbeat!

com.netflix.discovery.shared.transport.TransportException: Cannot execute request on any known server
	at com.netflix.discovery.shared.transport.decorator.RetryableEurekaHttpClient.execute(RetryableEurekaHttpClient.java:112)
	at com.netflix.discovery.shared.transport.decorator.EurekaHttpClientDecorator.sendHeartBeat(EurekaHttpClientDecorator.java:89)
	at com.netflix.discovery.shared.transport.decorator.EurekaHttpClientDecorator$3.execute(EurekaHttpClientDecorator.java:92)
	at com.netflix.discovery.shared.transport.decorator.SessionedEurekaHttpClient.execute(SessionedEurekaHttpClient.java:76)
	at com.netflix.discovery.shared.transport.decorator.EurekaHttpClientDecorator.sendHeartBeat(EurekaHttpClientDecorator.java:89)
	at com.netflix.discovery.DiscoveryClient.renew(DiscoveryClient.java:845)
	at com.netflix.discovery.DiscoveryClient$HeartbeatThread.run(DiscoveryClient.java:1402)
	at java.base/java.util.concurrent.Executors$RunnableAdapter.call(Executors.java:539)
	at java.base/java.util.concurrent.FutureTask.run(FutureTask.java:264)
	at java.base/java.util.concurrent.ThreadPoolExecutor.runWorker(ThreadPoolExecutor.java:1136)
	at java.base/java.util.concurrent.ThreadPoolExecutor$Worker.run(ThreadPoolExecutor.java:635)
	at java.base/java.lang.Thread.run(Thread.java:842)

2026-09-08 21:08:13.765  WARN [payment-service] [traceId=NO_TRACE] [tenantId=default] [reshExecutor-%d] c.n.d.s.t.d.RetryableEurekaHttpClient    : Request execution failed with message: I/O error on GET request for "http://localhost:8761/eureka/apps/": Connect to http://localhost:8761 [localhost/127.0.0.1, localhost/0:0:0:0:0:0:0:1] failed: Connection refused: no further information
2026-09-08 21:08:13.907  WARN [payment-service] [traceId=NO_TRACE] [tenantId=default] [foReplicator-%d] c.n.d.s.t.d.RetryableEurekaHttpClient    : Request execution failed with message: I/O error on POST request for "http://localhost:8761/eureka/apps/PAYMENT-SERVICE": Connect to http://localhost:8761 [localhost/127.0.0.1, localhost/0:0:0:0:0:0:0:1] failed: Connection refused: no further information
2026-09-08 21:08:13.907  WARN [payment-service] [traceId=NO_TRACE] [tenantId=default] [foReplicator-%d] com.netflix.discovery.DiscoveryClient    : DiscoveryClient_PAYMENT-SERVICE/localhost:payment-service:8085 - registration failed Cannot execute request on any known server

com.netflix.discovery.shared.transport.TransportException: Cannot execute request on any known server
	at com.netflix.discovery.shared.transport.decorator.RetryableEurekaHttpClient.execute(RetryableEurekaHttpClient.java:112)
	at com.netflix.discovery.shared.transport.decorator.EurekaHttpClientDecorator.register(EurekaHttpClientDecorator.java:56)
	at com.netflix.discovery.shared.transport.decorator.EurekaHttpClientDecorator$1.execute(EurekaHttpClientDecorator.java:59)
	at com.netflix.discovery.shared.transport.decorator.SessionedEurekaHttpClient.execute(SessionedEurekaHttpClient.java:76)
	at com.netflix.discovery.shared.transport.decorator.EurekaHttpClientDecorator.register(EurekaHttpClientDecorator.java:56)
	at com.netflix.discovery.DiscoveryClient.register(DiscoveryClient.java:828)
	at com.netflix.discovery.InstanceInfoReplicator.run(InstanceInfoReplicator.java:125)
	at java.base/java.util.concurrent.Executors$RunnableAdapter.call(Executors.java:539)
	at java.base/java.util.concurrent.FutureTask.run(FutureTask.java:264)
	at java.base/java.util.concurrent.ScheduledThreadPoolExecutor$ScheduledFutureTask.run(ScheduledThreadPoolExecutor.java:304)
	at java.base/java.util.concurrent.ThreadPoolExecutor.runWorker(ThreadPoolExecutor.java:1136)
	at java.base/java.util.concurrent.ThreadPoolExecutor$Worker.run(ThreadPoolExecutor.java:635)
	at java.base/java.lang.Thread.run(Thread.java:842)

2026-09-08 21:08:13.907  WARN [payment-service] [traceId=NO_TRACE] [tenantId=default] [foReplicator-%d] c.n.discovery.InstanceInfoReplicator     : There was a problem with the instance info replicator

com.netflix.discovery.shared.transport.TransportException: Cannot execute request on any known server
	at com.netflix.discovery.shared.transport.decorator.RetryableEurekaHttpClient.execute(RetryableEurekaHttpClient.java:112)
	at com.netflix.discovery.shared.transport.decorator.EurekaHttpClientDecorator.register(EurekaHttpClientDecorator.java:56)
	at com.netflix.discovery.shared.transport.decorator.EurekaHttpClientDecorator$1.execute(EurekaHttpClientDecorator.java:59)
	at com.netflix.discovery.shared.transport.decorator.SessionedEurekaHttpClient.execute(SessionedEurekaHttpClient.java:76)
	at com.netflix.discovery.shared.transport.decorator.EurekaHttpClientDecorator.register(EurekaHttpClientDecorator.java:56)
	at com.netflix.discovery.DiscoveryClient.register(DiscoveryClient.java:828)
	at com.netflix.discovery.InstanceInfoReplicator.run(InstanceInfoReplicator.java:125)
	at java.base/java.util.concurrent.Executors$RunnableAdapter.call(Executors.java:539)
	at java.base/java.util.concurrent.FutureTask.run(FutureTask.java:264)
	at java.base/java.util.concurrent.ScheduledThreadPoolExecutor$ScheduledFutureTask.run(ScheduledThreadPoolExecutor.java:304)
	at java.base/java.util.concurrent.ThreadPoolExecutor.runWorker(ThreadPoolExecutor.java:1136)
	at java.base/java.util.concurrent.ThreadPoolExecutor$Worker.run(ThreadPoolExecutor.java:635)
	at java.base/java.lang.Thread.run(Thread.java:842)

2026-09-08 21:08:43.757  WARN [payment-service] [traceId=NO_TRACE] [tenantId=default] [beatExecutor-%d] c.n.d.s.t.d.RetryableEurekaHttpClient    : Request execution failed with message: I/O error on PUT request for "http://localhost:8761/eureka/apps/PAYMENT-SERVICE/localhost:payment-service:8085": Connect to http://localhost:8761 [localhost/127.0.0.1, localhost/0:0:0:0:0:0:0:1] failed: Connection refused: no further information
2026-09-08 21:08:43.757 ERROR [payment-service] [traceId=NO_TRACE] [tenantId=default] [beatExecutor-%d] com.netflix.discovery.DiscoveryClient    : DiscoveryClient_PAYMENT-SERVICE/localhost:payment-service:8085 - was unable to send heartbeat!

com.netflix.discovery.shared.transport.TransportException: Cannot execute request on any known server
	at com.netflix.discovery.shared.transport.decorator.RetryableEurekaHttpClient.execute(RetryableEurekaHttpClient.java:112)
	at com.netflix.discovery.shared.transport.decorator.EurekaHttpClientDecorator.sendHeartBeat(EurekaHttpClientDecorator.java:89)
	at com.netflix.discovery.shared.transport.decorator.EurekaHttpClientDecorator$3.execute(EurekaHttpClientDecorator.java:92)
	at com.netflix.discovery.shared.transport.decorator.SessionedEurekaHttpClient.execute(SessionedEurekaHttpClient.java:76)
	at com.netflix.discovery.shared.transport.decorator.EurekaHttpClientDecorator.sendHeartBeat(EurekaHttpClientDecorator.java:89)
	at com.netflix.discovery.DiscoveryClient.renew(DiscoveryClient.java:845)
	at com.netflix.discovery.DiscoveryClient$HeartbeatThread.run(DiscoveryClient.java:1402)
	at java.base/java.util.concurrent.Executors$RunnableAdapter.call(Executors.java:539)
	at java.base/java.util.concurrent.FutureTask.run(FutureTask.java:264)
	at java.base/java.util.concurrent.ThreadPoolExecutor.runWorker(ThreadPoolExecutor.java:1136)
	at java.base/java.util.concurrent.ThreadPoolExecutor$Worker.run(ThreadPoolExecutor.java:635)
	at java.base/java.lang.Thread.run(Thread.java:842)

2026-09-08 21:08:43.787  WARN [payment-service] [traceId=NO_TRACE] [tenantId=default] [reshExecutor-%d] c.n.d.s.t.d.RetryableEurekaHttpClient    : Request execution failed with message: I/O error on GET request for "http://localhost:8761/eureka/apps/": Connect to http://localhost:8761 [localhost/127.0.0.1, localhost/0:0:0:0:0:0:0:1] failed: Connection refused: no further information
2026-09-08 21:08:43.960  WARN [payment-service] [traceId=NO_TRACE] [tenantId=default] [foReplicator-%d] c.n.d.s.t.d.RetryableEurekaHttpClient    : Request execution failed with message: I/O error on POST request for "http://localhost:8761/eureka/apps/PAYMENT-SERVICE": Connect to http://localhost:8761 [localhost/127.0.0.1, localhost/0:0:0:0:0:0:0:1] failed: Connection refused: no further information
2026-09-08 21:08:43.960  WARN [payment-service] [traceId=NO_TRACE] [tenantId=default] [foReplicator-%d] com.netflix.discovery.DiscoveryClient    : DiscoveryClient_PAYMENT-SERVICE/localhost:payment-service:8085 - registration failed Cannot execute request on any known server

com.netflix.discovery.shared.transport.TransportException: Cannot execute request on any known server
	at com.netflix.discovery.shared.transport.decorator.RetryableEurekaHttpClient.execute(RetryableEurekaHttpClient.java:112)
	at com.netflix.discovery.shared.transport.decorator.EurekaHttpClientDecorator.register(EurekaHttpClientDecorator.java:56)
	at com.netflix.discovery.shared.transport.decorator.EurekaHttpClientDecorator$1.execute(EurekaHttpClientDecorator.java:59)
	at com.netflix.discovery.shared.transport.decorator.SessionedEurekaHttpClient.execute(SessionedEurekaHttpClient.java:76)
	at com.netflix.discovery.shared.transport.decorator.EurekaHttpClientDecorator.register(EurekaHttpClientDecorator.java:56)
	at com.netflix.discovery.DiscoveryClient.register(DiscoveryClient.java:828)
	at com.netflix.discovery.InstanceInfoReplicator.run(InstanceInfoReplicator.java:125)
	at java.base/java.util.concurrent.Executors$RunnableAdapter.call(Executors.java:539)
	at java.base/java.util.concurrent.FutureTask.run(FutureTask.java:264)
	at java.base/java.util.concurrent.ScheduledThreadPoolExecutor$ScheduledFutureTask.run(ScheduledThreadPoolExecutor.java:304)
	at java.base/java.util.concurrent.ThreadPoolExecutor.runWorker(ThreadPoolExecutor.java:1136)
	at java.base/java.util.concurrent.ThreadPoolExecutor$Worker.run(ThreadPoolExecutor.java:635)
	at java.base/java.lang.Thread.run(Thread.java:842)

2026-09-08 21:08:43.960  WARN [payment-service] [traceId=NO_TRACE] [tenantId=default] [foReplicator-%d] c.n.discovery.InstanceInfoReplicator     : There was a problem with the instance info replicator

com.netflix.discovery.shared.transport.TransportException: Cannot execute request on any known server
	at com.netflix.discovery.shared.transport.decorator.RetryableEurekaHttpClient.execute(RetryableEurekaHttpClient.java:112)
	at com.netflix.discovery.shared.transport.decorator.EurekaHttpClientDecorator.register(EurekaHttpClientDecorator.java:56)
	at com.netflix.discovery.shared.transport.decorator.EurekaHttpClientDecorator$1.execute(EurekaHttpClientDecorator.java:59)
	at com.netflix.discovery.shared.transport.decorator.SessionedEurekaHttpClient.execute(SessionedEurekaHttpClient.java:76)
	at com.netflix.discovery.shared.transport.decorator.EurekaHttpClientDecorator.register(EurekaHttpClientDecorator.java:56)
	at com.netflix.discovery.DiscoveryClient.register(DiscoveryClient.java:828)
	at com.netflix.discovery.InstanceInfoReplicator.run(InstanceInfoReplicator.java:125)
	at java.base/java.util.concurrent.Executors$RunnableAdapter.call(Executors.java:539)
	at java.base/java.util.concurrent.FutureTask.run(FutureTask.java:264)
	at java.base/java.util.concurrent.ScheduledThreadPoolExecutor$ScheduledFutureTask.run(ScheduledThreadPoolExecutor.java:304)
	at java.base/java.util.concurrent.ThreadPoolExecutor.runWorker(ThreadPoolExecutor.java:1136)
	at java.base/java.util.concurrent.ThreadPoolExecutor$Worker.run(ThreadPoolExecutor.java:635)
	at java.base/java.lang.Thread.run(Thread.java:842)

